-26,37,yiWlXqkTG3AvcPwTNekMfLMhKXQ=,fyjljR4qpVJCS5YYHUrsr0BPZMY=
-27,38,yiWlXqkTG3AvcPwTNekMfLMhKXQ=,fyjljR4qpVJCS5YYHUrsr0BPZMY=
-28,38,yiWlXqkTG3AvcPwTNekMfLMhKXQ=,fyjljR4qpVJCS5YYHUrsr0BPZMY=
-29,38,yiWlXqkTG3AvcPwTNekMfLMhKXQ=,fyjljR4qpVJCS5YYHUrsr0BPZMY=
-27,37,yiWlXqkTG3AvcPwTNekMfLMhKXQ=,fyjljR4qpVJCS5YYHUrsr0BPZMY=
-30,38,yiWlXqkTG3AvcPwTNekMfLMhKXQ=,fyjljR4qpVJCS5YYHUrsr0BPZMY=
-28,33,yiWlXqkTG3AvcPwTNekMfLMhKXQ=,fyjljR4qpVJCS5YYHUrsr0BPZMY=
-29,33,yiWlXqkTG3AvcPwTNekMfLMhKXQ=,fyjljR4qpVJCS5YYHUrsr0BPZMY=
-28,37,yiWlXqkTG3AvcPwTNekMfLMhKXQ=,fyjljR4qpVJCS5YYHUrsr0BPZMY=
-26,38,yiWlXqkTG3AvcPwTNekMfLMhKXQ=,fyjljR4qpVJCS5YYHUrsr0BPZMY=
-31,38,yiWlXqkTG3AvcPwTNekMfLMhKXQ=,fyjljR4qpVJCS5YYHUrsr0BPZMY=
-31,36,yiWlXqkTG3AvcPwTNekMfLMhKXQ=,fyjljR4qpVJCS5YYHUrsr0BPZMY=
-30,34,yiWlXqkTG3AvcPwTNekMfLMhKXQ=,fyjljR4qpVJCS5YYHUrsr0BPZMY=
-29,37,yiWlXqkTG3AvcPwTNekMfLMhKXQ=,fyjljR4qpVJCS5YYHUrsr0BPZMY=
-30,33,yiWlXqkTG3AvcPwTNekMfLMhKXQ=,fyjljR4qpVJCS5YYHUrsr0BPZMY=
-26,36,yiWlXqkTG3AvcPwTNekMfLMhKXQ=,fyjljR4qpVJCS5YYHUrsr0BPZMY=
-31,33,yiWlXqkTG3AvcPwTNekMfLMhKXQ=,fyjljR4qpVJCS5YYHUrsr0BPZMY=
-27,36,yiWlXqkTG3AvcPwTNekMfLMhKXQ=,fyjljR4qpVJCS5YYHUrsr0BPZMY=
-30,37,yiWlXqkTG3AvcPwTNekMfLMhKXQ=,fyjljR4qpVJCS5YYHUrsr0BPZMY=
-28,36,yiWlXqkTG3AvcPwTNekMfLMhKXQ=,fyjljR4qpVJCS5YYHUrsr0BPZMY=
-29,36,yiWlXqkTG3AvcPwTNekMfLMhKXQ=,fyjljR4qpVJCS5YYHUrsr0BPZMY=
-31,37,yiWlXqkTG3AvcPwTNekMfLMhKXQ=,fyjljR4qpVJCS5YYHUrsr0BPZMY=
-26,33,yiWlXqkTG3AvcPwTNekMfLMhKXQ=,fyjljR4qpVJCS5YYHUrsr0BPZMY=
-27,33,yiWlXqkTG3AvcPwTNekMfLMhKXQ=,fyjljR4qpVJCS5YYHUrsr0BPZMY=
-31,35,yiWlXqkTG3AvcPwTNekMfLMhKXQ=,fyjljR4qpVJCS5YYHUrsr0BPZMY=
-26,35,yiWlXqkTG3AvcPwTNekMfLMhKXQ=,fyjljR4qpVJCS5YYHUrsr0BPZMY=
-27,35,yiWlXqkTG3AvcPwTNekMfLMhKXQ=,fyjljR4qpVJCS5YYHUrsr0BPZMY=
-28,35,yiWlXqkTG3AvcPwTNekMfLMhKXQ=,fyjljR4qpVJCS5YYHUrsr0BPZMY=
-29,35,yiWlXqkTG3AvcPwTNekMfLMhKXQ=,fyjljR4qpVJCS5YYHUrsr0BPZMY=
-30,35,yiWlXqkTG3AvcPwTNekMfLMhKXQ=,fyjljR4qpVJCS5YYHUrsr0BPZMY=
-26,34,yiWlXqkTG3AvcPwTNekMfLMhKXQ=,fyjljR4qpVJCS5YYHUrsr0BPZMY=
-27,34,yiWlXqkTG3AvcPwTNekMfLMhKXQ=,fyjljR4qpVJCS5YYHUrsr0BPZMY=
-31,34,yiWlXqkTG3AvcPwTNekMfLMhKXQ=,fyjljR4qpVJCS5YYHUrsr0BPZMY=
-30,36,yiWlXqkTG3AvcPwTNekMfLMhKXQ=,fyjljR4qpVJCS5YYHUrsr0BPZMY=
-28,34,yiWlXqkTG3AvcPwTNekMfLMhKXQ=,fyjljR4qpVJCS5YYHUrsr0BPZMY=
-29,34,yiWlXqkTG3AvcPwTNekMfLMhKXQ=,fyjljR4qpVJCS5YYHUrsr0BPZMY=
-28,39,yiWlXqkTG3AvcPwTNekMfLMhKXQ=,fyjljR4qpVJCS5YYHUrsr0BPZMY=
-27,39,yiWlXqkTG3AvcPwTNekMfLMhKXQ=,fyjljR4qpVJCS5YYHUrsr0BPZMY=
-26,39,yiWlXqkTG3AvcPwTNekMfLMhKXQ=,fyjljR4qpVJCS5YYHUrsr0BPZMY=
-29,39,yiWlXqkTG3AvcPwTNekMfLMhKXQ=,fyjljR4qpVJCS5YYHUrsr0BPZMY=
-30,39,yiWlXqkTG3AvcPwTNekMfLMhKXQ=,fyjljR4qpVJCS5YYHUrsr0BPZMY=
-31,39,yiWlXqkTG3AvcPwTNekMfLMhKXQ=,fyjljR4qpVJCS5YYHUrsr0BPZMY=
-27,46,yiWlXqkTG3AvcPwTNekMfLMhKXQ=,fyjljR4qpVJCS5YYHUrsr0BPZMY=
-26,46,yiWlXqkTG3AvcPwTNekMfLMhKXQ=,fyjljR4qpVJCS5YYHUrsr0BPZMY=
-28,46,yiWlXqkTG3AvcPwTNekMfLMhKXQ=,fyjljR4qpVJCS5YYHUrsr0BPZMY=
-29,46,yiWlXqkTG3AvcPwTNekMfLMhKXQ=,fyjljR4qpVJCS5YYHUrsr0BPZMY=
-30,46,yiWlXqkTG3AvcPwTNekMfLMhKXQ=,fyjljR4qpVJCS5YYHUrsr0BPZMY=
-31,46,yiWlXqkTG3AvcPwTNekMfLMhKXQ=,fyjljR4qpVJCS5YYHUrsr0BPZMY=
-27,45,yiWlXqkTG3AvcPwTNekMfLMhKXQ=,fyjljR4qpVJCS5YYHUrsr0BPZMY=
-26,45,yiWlXqkTG3AvcPwTNekMfLMhKXQ=,fyjljR4qpVJCS5YYHUrsr0BPZMY=
-29,45,yiWlXqkTG3AvcPwTNekMfLMhKXQ=,fyjljR4qpVJCS5YYHUrsr0BPZMY=
-31,45,yiWlXqkTG3AvcPwTNekMfLMhKXQ=,fyjljR4qpVJCS5YYHUrsr0BPZMY=
-26,44,yiWlXqkTG3AvcPwTNekMfLMhKXQ=,fyjljR4qpVJCS5YYHUrsr0BPZMY=
-27,44,yiWlXqkTG3AvcPwTNekMfLMhKXQ=,fyjljR4qpVJCS5YYHUrsr0BPZMY=
-30,45,yiWlXqkTG3AvcPwTNekMfLMhKXQ=,fyjljR4qpVJCS5YYHUrsr0BPZMY=
-28,44,yiWlXqkTG3AvcPwTNekMfLMhKXQ=,fyjljR4qpVJCS5YYHUrsr0BPZMY=
-29,44,yiWlXqkTG3AvcPwTNekMfLMhKXQ=,fyjljR4qpVJCS5YYHUrsr0BPZMY=
-30,44,yiWlXqkTG3AvcPwTNekMfLMhKXQ=,fyjljR4qpVJCS5YYHUrsr0BPZMY=
-31,44,yiWlXqkTG3AvcPwTNekMfLMhKXQ=,fyjljR4qpVJCS5YYHUrsr0BPZMY=
-26,43,yiWlXqkTG3AvcPwTNekMfLMhKXQ=,fyjljR4qpVJCS5YYHUrsr0BPZMY=
-28,45,yiWlXqkTG3AvcPwTNekMfLMhKXQ=,fyjljR4qpVJCS5YYHUrsr0BPZMY=
-28,43,yiWlXqkTG3AvcPwTNekMfLMhKXQ=,fyjljR4qpVJCS5YYHUrsr0BPZMY=
-27,43,yiWlXqkTG3AvcPwTNekMfLMhKXQ=,fyjljR4qpVJCS5YYHUrsr0BPZMY=
-29,43,yiWlXqkTG3AvcPwTNekMfLMhKXQ=,fyjljR4qpVJCS5YYHUrsr0BPZMY=
-30,43,yiWlXqkTG3AvcPwTNekMfLMhKXQ=,fyjljR4qpVJCS5YYHUrsr0BPZMY=
-31,43,yiWlXqkTG3AvcPwTNekMfLMhKXQ=,fyjljR4qpVJCS5YYHUrsr0BPZMY=
-26,42,yiWlXqkTG3AvcPwTNekMfLMhKXQ=,fyjljR4qpVJCS5YYHUrsr0BPZMY=
-27,42,yiWlXqkTG3AvcPwTNekMfLMhKXQ=,fyjljR4qpVJCS5YYHUrsr0BPZMY=
-28,42,yiWlXqkTG3AvcPwTNekMfLMhKXQ=,fyjljR4qpVJCS5YYHUrsr0BPZMY=
-30,42,yiWlXqkTG3AvcPwTNekMfLMhKXQ=,fyjljR4qpVJCS5YYHUrsr0BPZMY=
-29,42,yiWlXqkTG3AvcPwTNekMfLMhKXQ=,fyjljR4qpVJCS5YYHUrsr0BPZMY=
-31,42,yiWlXqkTG3AvcPwTNekMfLMhKXQ=,fyjljR4qpVJCS5YYHUrsr0BPZMY=
-26,41,yiWlXqkTG3AvcPwTNekMfLMhKXQ=,fyjljR4qpVJCS5YYHUrsr0BPZMY=
-27,41,yiWlXqkTG3AvcPwTNekMfLMhKXQ=,fyjljR4qpVJCS5YYHUrsr0BPZMY=
-28,41,yiWlXqkTG3AvcPwTNekMfLMhKXQ=,fyjljR4qpVJCS5YYHUrsr0BPZMY=
-29,41,yiWlXqkTG3AvcPwTNekMfLMhKXQ=,fyjljR4qpVJCS5YYHUrsr0BPZMY=
-30,41,yiWlXqkTG3AvcPwTNekMfLMhKXQ=,fyjljR4qpVJCS5YYHUrsr0BPZMY=
-31,41,yiWlXqkTG3AvcPwTNekMfLMhKXQ=,fyjljR4qpVJCS5YYHUrsr0BPZMY=
-26,40,yiWlXqkTG3AvcPwTNekMfLMhKXQ=,fyjljR4qpVJCS5YYHUrsr0BPZMY=
-27,40,yiWlXqkTG3AvcPwTNekMfLMhKXQ=,fyjljR4qpVJCS5YYHUrsr0BPZMY=
-28,40,yiWlXqkTG3AvcPwTNekMfLMhKXQ=,fyjljR4qpVJCS5YYHUrsr0BPZMY=
-29,40,yiWlXqkTG3AvcPwTNekMfLMhKXQ=,fyjljR4qpVJCS5YYHUrsr0BPZMY=
-31,40,yiWlXqkTG3AvcPwTNekMfLMhKXQ=,fyjljR4qpVJCS5YYHUrsr0BPZMY=
-30,40,yiWlXqkTG3AvcPwTNekMfLMhKXQ=,fyjljR4qpVJCS5YYHUrsr0BPZMY=
-22,35,yiWlXqkTG3AvcPwTNekMfLMhKXQ=,k5Zkts8g1R1Ias/UGuG/AdoF6/s=
-20,35,yiWlXqkTG3AvcPwTNekMfLMhKXQ=,k5Zkts8g1R1Ias/UGuG/AdoF6/s=
-21,35,yiWlXqkTG3AvcPwTNekMfLMhKXQ=,k5Zkts8g1R1Ias/UGuG/AdoF6/s=
-23,35,yiWlXqkTG3AvcPwTNekMfLMhKXQ=,k5Zkts8g1R1Ias/UGuG/AdoF6/s=
-24,35,yiWlXqkTG3AvcPwTNekMfLMhKXQ=,k5Zkts8g1R1Ias/UGuG/AdoF6/s=
-25,36,yiWlXqkTG3AvcPwTNekMfLMhKXQ=,fyjljR4qpVJCS5YYHUrsr0BPZMY=
-19,35,yiWlXqkTG3AvcPwTNekMfLMhKXQ=,k5Zkts8g1R1Ias/UGuG/AdoF6/s=
-18,34,yiWlXqkTG3AvcPwTNekMfLMhKXQ=,k5Zkts8g1R1Ias/UGuG/AdoF6/s=
-19,34,yiWlXqkTG3AvcPwTNekMfLMhKXQ=,k5Zkts8g1R1Ias/UGuG/AdoF6/s=
-20,34,yiWlXqkTG3AvcPwTNekMfLMhKXQ=,k5Zkts8g1R1Ias/UGuG/AdoF6/s=
-21,34,yiWlXqkTG3AvcPwTNekMfLMhKXQ=,k5Zkts8g1R1Ias/UGuG/AdoF6/s=
-22,34,yiWlXqkTG3AvcPwTNekMfLMhKXQ=,k5Zkts8g1R1Ias/UGuG/AdoF6/s=
-23,34,yiWlXqkTG3AvcPwTNekMfLMhKXQ=,k5Zkts8g1R1Ias/UGuG/AdoF6/s=
-18,38,yiWlXqkTG3AvcPwTNekMfLMhKXQ=,k5Zkts8g1R1Ias/UGuG/AdoF6/s=
-25,37,yiWlXqkTG3AvcPwTNekMfLMhKXQ=,fyjljR4qpVJCS5YYHUrsr0BPZMY=
-24,34,yiWlXqkTG3AvcPwTNekMfLMhKXQ=,k5Zkts8g1R1Ias/UGuG/AdoF6/s=
-20,38,yiWlXqkTG3AvcPwTNekMfLMhKXQ=,k5Zkts8g1R1Ias/UGuG/AdoF6/s=
-21,38,yiWlXqkTG3AvcPwTNekMfLMhKXQ=,k5Zkts8g1R1Ias/UGuG/AdoF6/s=
-23,38,yiWlXqkTG3AvcPwTNekMfLMhKXQ=,k5Zkts8g1R1Ias/UGuG/AdoF6/s=
-24,38,yiWlXqkTG3AvcPwTNekMfLMhKXQ=,k5Zkts8g1R1Ias/UGuG/AdoF6/s=
-19,33,yiWlXqkTG3AvcPwTNekMfLMhKXQ=,k5Zkts8g1R1Ias/UGuG/AdoF6/s=
-22,38,yiWlXqkTG3AvcPwTNekMfLMhKXQ=,k5Zkts8g1R1Ias/UGuG/AdoF6/s=
-21,33,yiWlXqkTG3AvcPwTNekMfLMhKXQ=,k5Zkts8g1R1Ias/UGuG/AdoF6/s=
-18,37,yiWlXqkTG3AvcPwTNekMfLMhKXQ=,k5Zkts8g1R1Ias/UGuG/AdoF6/s=
-19,37,yiWlXqkTG3AvcPwTNekMfLMhKXQ=,k5Zkts8g1R1Ias/UGuG/AdoF6/s=
-22,33,yiWlXqkTG3AvcPwTNekMfLMhKXQ=,k5Zkts8g1R1Ias/UGuG/AdoF6/s=
-23,33,yiWlXqkTG3AvcPwTNekMfLMhKXQ=,k5Zkts8g1R1Ias/UGuG/AdoF6/s=
-19,38,yiWlXqkTG3AvcPwTNekMfLMhKXQ=,k5Zkts8g1R1Ias/UGuG/AdoF6/s=
-20,37,yiWlXqkTG3AvcPwTNekMfLMhKXQ=,k5Zkts8g1R1Ias/UGuG/AdoF6/s=
-20,33,yiWlXqkTG3AvcPwTNekMfLMhKXQ=,k5Zkts8g1R1Ias/UGuG/AdoF6/s=
-18,35,yiWlXqkTG3AvcPwTNekMfLMhKXQ=,k5Zkts8g1R1Ias/UGuG/AdoF6/s=
-24,33,yiWlXqkTG3AvcPwTNekMfLMhKXQ=,k5Zkts8g1R1Ias/UGuG/AdoF6/s=
-21,37,yiWlXqkTG3AvcPwTNekMfLMhKXQ=,k5Zkts8g1R1Ias/UGuG/AdoF6/s=
-18,33,yiWlXqkTG3AvcPwTNekMfLMhKXQ=,k5Zkts8g1R1Ias/UGuG/AdoF6/s=
-22,37,yiWlXqkTG3AvcPwTNekMfLMhKXQ=,k5Zkts8g1R1Ias/UGuG/AdoF6/s=
-25,33,yiWlXqkTG3AvcPwTNekMfLMhKXQ=,fyjljR4qpVJCS5YYHUrsr0BPZMY=
-24,36,yiWlXqkTG3AvcPwTNekMfLMhKXQ=,k5Zkts8g1R1Ias/UGuG/AdoF6/s=
-23,37,yiWlXqkTG3AvcPwTNekMfLMhKXQ=,k5Zkts8g1R1Ias/UGuG/AdoF6/s=
-18,36,yiWlXqkTG3AvcPwTNekMfLMhKXQ=,k5Zkts8g1R1Ias/UGuG/AdoF6/s=
-19,36,yiWlXqkTG3AvcPwTNekMfLMhKXQ=,k5Zkts8g1R1Ias/UGuG/AdoF6/s=
-25,38,yiWlXqkTG3AvcPwTNekMfLMhKXQ=,fyjljR4qpVJCS5YYHUrsr0BPZMY=
-20,36,yiWlXqkTG3AvcPwTNekMfLMhKXQ=,k5Zkts8g1R1Ias/UGuG/AdoF6/s=
-24,37,yiWlXqkTG3AvcPwTNekMfLMhKXQ=,k5Zkts8g1R1Ias/UGuG/AdoF6/s=
-21,36,yiWlXqkTG3AvcPwTNekMfLMhKXQ=,k5Zkts8g1R1Ias/UGuG/AdoF6/s=
-25,35,yiWlXqkTG3AvcPwTNekMfLMhKXQ=,fyjljR4qpVJCS5YYHUrsr0BPZMY=
-22,36,yiWlXqkTG3AvcPwTNekMfLMhKXQ=,k5Zkts8g1R1Ias/UGuG/AdoF6/s=
-23,36,yiWlXqkTG3AvcPwTNekMfLMhKXQ=,k5Zkts8g1R1Ias/UGuG/AdoF6/s=
-25,34,yiWlXqkTG3AvcPwTNekMfLMhKXQ=,fyjljR4qpVJCS5YYHUrsr0BPZMY=
-18,39,yiWlXqkTG3AvcPwTNekMfLMhKXQ=,k5Zkts8g1R1Ias/UGuG/AdoF6/s=
-21,39,yiWlXqkTG3AvcPwTNekMfLMhKXQ=,k5Zkts8g1R1Ias/UGuG/AdoF6/s=
-20,45,yiWlXqkTG3AvcPwTNekMfLMhKXQ=,k5Zkts8g1R1Ias/UGuG/AdoF6/s=
-20,39,yiWlXqkTG3AvcPwTNekMfLMhKXQ=,k5Zkts8g1R1Ias/UGuG/AdoF6/s=
-23,45,yiWlXqkTG3AvcPwTNekMfLMhKXQ=,k5Zkts8g1R1Ias/UGuG/AdoF6/s=
-22,45,yiWlXqkTG3AvcPwTNekMfLMhKXQ=,k5Zkts8g1R1Ias/UGuG/AdoF6/s=
-19,39,yiWlXqkTG3AvcPwTNekMfLMhKXQ=,k5Zkts8g1R1Ias/UGuG/AdoF6/s=
-21,45,yiWlXqkTG3AvcPwTNekMfLMhKXQ=,k5Zkts8g1R1Ias/UGuG/AdoF6/s=
-19,45,yiWlXqkTG3AvcPwTNekMfLMhKXQ=,k5Zkts8g1R1Ias/UGuG/AdoF6/s=
-22,39,yiWlXqkTG3AvcPwTNekMfLMhKXQ=,k5Zkts8g1R1Ias/UGuG/AdoF6/s=
-25,46,yiWlXqkTG3AvcPwTNekMfLMhKXQ=,fyjljR4qpVJCS5YYHUrsr0BPZMY=
-24,39,yiWlXqkTG3AvcPwTNekMfLMhKXQ=,k5Zkts8g1R1Ias/UGuG/AdoF6/s=
-23,39,yiWlXqkTG3AvcPwTNekMfLMhKXQ=,k5Zkts8g1R1Ias/UGuG/AdoF6/s=
-24,45,yiWlXqkTG3AvcPwTNekMfLMhKXQ=,k5Zkts8g1R1Ias/UGuG/AdoF6/s=
-19,44,yiWlXqkTG3AvcPwTNekMfLMhKXQ=,k5Zkts8g1R1Ias/UGuG/AdoF6/s=
-18,44,yiWlXqkTG3AvcPwTNekMfLMhKXQ=,k5Zkts8g1R1Ias/UGuG/AdoF6/s=
-25,39,yiWlXqkTG3AvcPwTNekMfLMhKXQ=,fyjljR4qpVJCS5YYHUrsr0BPZMY=
-25,45,yiWlXqkTG3AvcPwTNekMfLMhKXQ=,fyjljR4qpVJCS5YYHUrsr0BPZMY=
-21,44,yiWlXqkTG3AvcPwTNekMfLMhKXQ=,k5Zkts8g1R1Ias/UGuG/AdoF6/s=
-22,44,yiWlXqkTG3AvcPwTNekMfLMhKXQ=,k5Zkts8g1R1Ias/UGuG/AdoF6/s=
-20,44,yiWlXqkTG3AvcPwTNekMfLMhKXQ=,k5Zkts8g1R1Ias/UGuG/AdoF6/s=
-23,44,yiWlXqkTG3AvcPwTNekMfLMhKXQ=,k5Zkts8g1R1Ias/UGuG/AdoF6/s=
-24,44,yiWlXqkTG3AvcPwTNekMfLMhKXQ=,k5Zkts8g1R1Ias/UGuG/AdoF6/s=
-25,44,yiWlXqkTG3AvcPwTNekMfLMhKXQ=,fyjljR4qpVJCS5YYHUrsr0BPZMY=
-18,45,yiWlXqkTG3AvcPwTNekMfLMhKXQ=,k5Zkts8g1R1Ias/UGuG/AdoF6/s=
-18,43,yiWlXqkTG3AvcPwTNekMfLMhKXQ=,k5Zkts8g1R1Ias/UGuG/AdoF6/s=
-19,43,yiWlXqkTG3AvcPwTNekMfLMhKXQ=,k5Zkts8g1R1Ias/UGuG/AdoF6/s=
-21,43,yiWlXqkTG3AvcPwTNekMfLMhKXQ=,k5Zkts8g1R1Ias/UGuG/AdoF6/s=
-20,43,yiWlXqkTG3AvcPwTNekMfLMhKXQ=,k5Zkts8g1R1Ias/UGuG/AdoF6/s=
-23,43,yiWlXqkTG3AvcPwTNekMfLMhKXQ=,k5Zkts8g1R1Ias/UGuG/AdoF6/s=
-22,43,yiWlXqkTG3AvcPwTNekMfLMhKXQ=,k5Zkts8g1R1Ias/UGuG/AdoF6/s=
-25,43,yiWlXqkTG3AvcPwTNekMfLMhKXQ=,fyjljR4qpVJCS5YYHUrsr0BPZMY=
-24,46,yiWlXqkTG3AvcPwTNekMfLMhKXQ=,k5Zkts8g1R1Ias/UGuG/AdoF6/s=
-19,42,yiWlXqkTG3AvcPwTNekMfLMhKXQ=,k5Zkts8g1R1Ias/UGuG/AdoF6/s=
-21,42,yiWlXqkTG3AvcPwTNekMfLMhKXQ=,k5Zkts8g1R1Ias/UGuG/AdoF6/s=
-22,42,yiWlXqkTG3AvcPwTNekMfLMhKXQ=,k5Zkts8g1R1Ias/UGuG/AdoF6/s=
-24,43,yiWlXqkTG3AvcPwTNekMfLMhKXQ=,k5Zkts8g1R1Ias/UGuG/AdoF6/s=
-20,42,yiWlXqkTG3AvcPwTNekMfLMhKXQ=,k5Zkts8g1R1Ias/UGuG/AdoF6/s=
-18,42,yiWlXqkTG3AvcPwTNekMfLMhKXQ=,k5Zkts8g1R1Ias/UGuG/AdoF6/s=
-25,42,yiWlXqkTG3AvcPwTNekMfLMhKXQ=,fyjljR4qpVJCS5YYHUrsr0BPZMY=
-23,46,yiWlXqkTG3AvcPwTNekMfLMhKXQ=,k5Zkts8g1R1Ias/UGuG/AdoF6/s=
-23,42,yiWlXqkTG3AvcPwTNekMfLMhKXQ=,k5Zkts8g1R1Ias/UGuG/AdoF6/s=
-18,41,yiWlXqkTG3AvcPwTNekMfLMhKXQ=,k5Zkts8g1R1Ias/UGuG/AdoF6/s=
-24,42,yiWlXqkTG3AvcPwTNekMfLMhKXQ=,k5Zkts8g1R1Ias/UGuG/AdoF6/s=
-19,41,yiWlXqkTG3AvcPwTNekMfLMhKXQ=,k5Zkts8g1R1Ias/UGuG/AdoF6/s=
-21,41,yiWlXqkTG3AvcPwTNekMfLMhKXQ=,k5Zkts8g1R1Ias/UGuG/AdoF6/s=
-25,41,yiWlXqkTG3AvcPwTNekMfLMhKXQ=,fyjljR4qpVJCS5YYHUrsr0BPZMY=
-20,41,yiWlXqkTG3AvcPwTNekMfLMhKXQ=,k5Zkts8g1R1Ias/UGuG/AdoF6/s=
-22,46,yiWlXqkTG3AvcPwTNekMfLMhKXQ=,k5Zkts8g1R1Ias/UGuG/AdoF6/s=
-22,41,yiWlXqkTG3AvcPwTNekMfLMhKXQ=,k5Zkts8g1R1Ias/UGuG/AdoF6/s=
-23,41,yiWlXqkTG3AvcPwTNekMfLMhKXQ=,k5Zkts8g1R1Ias/UGuG/AdoF6/s=
-24,41,yiWlXqkTG3AvcPwTNekMfLMhKXQ=,k5Zkts8g1R1Ias/UGuG/AdoF6/s=
-18,40,yiWlXqkTG3AvcPwTNekMfLMhKXQ=,k5Zkts8g1R1Ias/UGuG/AdoF6/s=
-19,40,yiWlXqkTG3AvcPwTNekMfLMhKXQ=,k5Zkts8g1R1Ias/UGuG/AdoF6/s=
-25,40,yiWlXqkTG3AvcPwTNekMfLMhKXQ=,fyjljR4qpVJCS5YYHUrsr0BPZMY=
-20,40,yiWlXqkTG3AvcPwTNekMfLMhKXQ=,k5Zkts8g1R1Ias/UGuG/AdoF6/s=
-21,46,yiWlXqkTG3AvcPwTNekMfLMhKXQ=,k5Zkts8g1R1Ias/UGuG/AdoF6/s=
-18,46,yiWlXqkTG3AvcPwTNekMfLMhKXQ=,k5Zkts8g1R1Ias/UGuG/AdoF6/s=
-21,40,yiWlXqkTG3AvcPwTNekMfLMhKXQ=,k5Zkts8g1R1Ias/UGuG/AdoF6/s=
-22,40,yiWlXqkTG3AvcPwTNekMfLMhKXQ=,k5Zkts8g1R1Ias/UGuG/AdoF6/s=
-23,40,yiWlXqkTG3AvcPwTNekMfLMhKXQ=,k5Zkts8g1R1Ias/UGuG/AdoF6/s=
-24,40,yiWlXqkTG3AvcPwTNekMfLMhKXQ=,k5Zkts8g1R1Ias/UGuG/AdoF6/s=
-19,46,yiWlXqkTG3AvcPwTNekMfLMhKXQ=,k5Zkts8g1R1Ias/UGuG/AdoF6/s=
-20,46,yiWlXqkTG3AvcPwTNekMfLMhKXQ=,k5Zkts8g1R1Ias/UGuG/AdoF6/s=
-17,38,yiWlXqkTG3AvcPwTNekMfLMhKXQ=,k5Zkts8g1R1Ias/UGuG/AdoF6/s=
-17,33,yiWlXqkTG3AvcPwTNekMfLMhKXQ=,k5Zkts8g1R1Ias/UGuG/AdoF6/s=
-17,37,yiWlXqkTG3AvcPwTNekMfLMhKXQ=,k5Zkts8g1R1Ias/UGuG/AdoF6/s=
-17,36,yiWlXqkTG3AvcPwTNekMfLMhKXQ=,k5Zkts8g1R1Ias/UGuG/AdoF6/s=
-17,34,yiWlXqkTG3AvcPwTNekMfLMhKXQ=,k5Zkts8g1R1Ias/UGuG/AdoF6/s=
-17,35,yiWlXqkTG3AvcPwTNekMfLMhKXQ=,k5Zkts8g1R1Ias/UGuG/AdoF6/s=
-32,44,j1APem022VI3yzubdOrUq+iArf8=,fyjljR4qpVJCS5YYHUrsr0BPZMY=
-32,45,j1APem022VI3yzubdOrUq+iArf8=,fyjljR4qpVJCS5YYHUrsr0BPZMY=
-32,46,j1APem022VI3yzubdOrUq+iArf8=,fyjljR4qpVJCS5YYHUrsr0BPZMY=
-32,41,j1APem022VI3yzubdOrUq+iArf8=,fyjljR4qpVJCS5YYHUrsr0BPZMY=
-32,42,j1APem022VI3yzubdOrUq+iArf8=,fyjljR4qpVJCS5YYHUrsr0BPZMY=
-32,43,j1APem022VI3yzubdOrUq+iArf8=,fyjljR4qpVJCS5YYHUrsr0BPZMY=
-17,40,j1APem022VI3yzubdOrUq+iArf8=,k5Zkts8g1R1Ias/UGuG/AdoF6/s=
-17,45,j1APem022VI3yzubdOrUq+iArf8=,k5Zkts8g1R1Ias/UGuG/AdoF6/s=
-17,44,j1APem022VI3yzubdOrUq+iArf8=,k5Zkts8g1R1Ias/UGuG/AdoF6/s=
-17,43,j1APem022VI3yzubdOrUq+iArf8=,k5Zkts8g1R1Ias/UGuG/AdoF6/s=
-17,39,j1APem022VI3yzubdOrUq+iArf8=,k5Zkts8g1R1Ias/UGuG/AdoF6/s=
-17,42,j1APem022VI3yzubdOrUq+iArf8=,k5Zkts8g1R1Ias/UGuG/AdoF6/s=
-17,41,j1APem022VI3yzubdOrUq+iArf8=,k5Zkts8g1R1Ias/UGuG/AdoF6/s=
-17,46,j1APem022VI3yzubdOrUq+iArf8=,k5Zkts8g1R1Ias/UGuG/AdoF6/s=
-28,47,j1APem022VI3yzubdOrUq+iArf8=,fyjljR4qpVJCS5YYHUrsr0BPZMY=
-31,47,j1APem022VI3yzubdOrUq+iArf8=,fyjljR4qpVJCS5YYHUrsr0BPZMY=
-26,47,j1APem022VI3yzubdOrUq+iArf8=,fyjljR4qpVJCS5YYHUrsr0BPZMY=
-30,47,j1APem022VI3yzubdOrUq+iArf8=,fyjljR4qpVJCS5YYHUrsr0BPZMY=
-29,47,j1APem022VI3yzubdOrUq+iArf8=,fyjljR4qpVJCS5YYHUrsr0BPZMY=
-27,47,j1APem022VI3yzubdOrUq+iArf8=,fyjljR4qpVJCS5YYHUrsr0BPZMY=
-19,47,j1APem022VI3yzubdOrUq+iArf8=,k5Zkts8g1R1Ias/UGuG/AdoF6/s=
-25,47,j1APem022VI3yzubdOrUq+iArf8=,fyjljR4qpVJCS5YYHUrsr0BPZMY=
-18,47,j1APem022VI3yzubdOrUq+iArf8=,k5Zkts8g1R1Ias/UGuG/AdoF6/s=
-20,47,j1APem022VI3yzubdOrUq+iArf8=,k5Zkts8g1R1Ias/UGuG/AdoF6/s=
-23,47,j1APem022VI3yzubdOrUq+iArf8=,k5Zkts8g1R1Ias/UGuG/AdoF6/s=
-21,47,j1APem022VI3yzubdOrUq+iArf8=,k5Zkts8g1R1Ias/UGuG/AdoF6/s=
-24,47,j1APem022VI3yzubdOrUq+iArf8=,k5Zkts8g1R1Ias/UGuG/AdoF6/s=
-22,47,j1APem022VI3yzubdOrUq+iArf8=,k5Zkts8g1R1Ias/UGuG/AdoF6/s=
-32,37,j1APem022VI3yzubdOrUq+iArf8=,fyjljR4qpVJCS5YYHUrsr0BPZMY=
-32,38,j1APem022VI3yzubdOrUq+iArf8=,fyjljR4qpVJCS5YYHUrsr0BPZMY=
-32,40,j1APem022VI3yzubdOrUq+iArf8=,fyjljR4qpVJCS5YYHUrsr0BPZMY=
-32,36,j1APem022VI3yzubdOrUq+iArf8=,fyjljR4qpVJCS5YYHUrsr0BPZMY=
-32,35,j1APem022VI3yzubdOrUq+iArf8=,fyjljR4qpVJCS5YYHUrsr0BPZMY=
-32,33,j1APem022VI3yzubdOrUq+iArf8=,fyjljR4qpVJCS5YYHUrsr0BPZMY=
-32,34,j1APem022VI3yzubdOrUq+iArf8=,fyjljR4qpVJCS5YYHUrsr0BPZMY=
-32,39,j1APem022VI3yzubdOrUq+iArf8=,fyjljR4qpVJCS5YYHUrsr0BPZMY=
-32,47,j1APem022VI3yzubdOrUq+iArf8=,fyjljR4qpVJCS5YYHUrsr0BPZMY=
-17,47,j1APem022VI3yzubdOrUq+iArf8=,k5Zkts8g1R1Ias/UGuG/AdoF6/s=
-18,32,j1APem022VI3yzubdOrUq+iArf8=,k5Zkts8g1R1Ias/UGuG/AdoF6/s=
-22,32,j1APem022VI3yzubdOrUq+iArf8=,k5Zkts8g1R1Ias/UGuG/AdoF6/s=
-19,32,j1APem022VI3yzubdOrUq+iArf8=,k5Zkts8g1R1Ias/UGuG/AdoF6/s=
-17,32,j1APem022VI3yzubdOrUq+iArf8=,k5Zkts8g1R1Ias/UGuG/AdoF6/s=
-23,32,j1APem022VI3yzubdOrUq+iArf8=,k5Zkts8g1R1Ias/UGuG/AdoF6/s=
-20,32,j1APem022VI3yzubdOrUq+iArf8=,k5Zkts8g1R1Ias/UGuG/AdoF6/s=
-21,32,j1APem022VI3yzubdOrUq+iArf8=,k5Zkts8g1R1Ias/UGuG/AdoF6/s=
-32,32,j1APem022VI3yzubdOrUq+iArf8=,fyjljR4qpVJCS5YYHUrsr0BPZMY=
-29,32,j1APem022VI3yzubdOrUq+iArf8=,fyjljR4qpVJCS5YYHUrsr0BPZMY=
-24,32,j1APem022VI3yzubdOrUq+iArf8=,k5Zkts8g1R1Ias/UGuG/AdoF6/s=
-26,32,j1APem022VI3yzubdOrUq+iArf8=,fyjljR4qpVJCS5YYHUrsr0BPZMY=
-31,32,j1APem022VI3yzubdOrUq+iArf8=,fyjljR4qpVJCS5YYHUrsr0BPZMY=
-28,32,j1APem022VI3yzubdOrUq+iArf8=,fyjljR4qpVJCS5YYHUrsr0BPZMY=
-27,32,j1APem022VI3yzubdOrUq+iArf8=,fyjljR4qpVJCS5YYHUrsr0BPZMY=
-25,32,j1APem022VI3yzubdOrUq+iArf8=,fyjljR4qpVJCS5YYHUrsr0BPZMY=
-30,32,j1APem022VI3yzubdOrUq+iArf8=,fyjljR4qpVJCS5YYHUrsr0BPZMY=
-31,52,Dp3WqOX3kPEYDkEDnERLZElsP6w=,ct+yia0MxmkTgNvch1hUdMsGgzI=
-30,52,Dp3WqOX3kPEYDkEDnERLZElsP6w=,ct+yia0MxmkTgNvch1hUdMsGgzI=
-30,50,Dp3WqOX3kPEYDkEDnERLZElsP6w=,ct+yia0MxmkTgNvch1hUdMsGgzI=
-20,51,Dp3WqOX3kPEYDkEDnERLZElsP6w=,9B0QyBGbXtnUv9AvuhX7vdml1aI=
-19,51,Dp3WqOX3kPEYDkEDnERLZElsP6w=,9B0QyBGbXtnUv9AvuhX7vdml1aI=
-18,51,Dp3WqOX3kPEYDkEDnERLZElsP6w=,9B0QyBGbXtnUv9AvuhX7vdml1aI=
-24,52,Dp3WqOX3kPEYDkEDnERLZElsP6w=,9B0QyBGbXtnUv9AvuhX7vdml1aI=
-29,50,Dp3WqOX3kPEYDkEDnERLZElsP6w=,ct+yia0MxmkTgNvch1hUdMsGgzI=
-23,52,Dp3WqOX3kPEYDkEDnERLZElsP6w=,9B0QyBGbXtnUv9AvuhX7vdml1aI=
-28,50,Dp3WqOX3kPEYDkEDnERLZElsP6w=,ct+yia0MxmkTgNvch1hUdMsGgzI=
-27,50,Dp3WqOX3kPEYDkEDnERLZElsP6w=,ct+yia0MxmkTgNvch1hUdMsGgzI=
-28,49,Dp3WqOX3kPEYDkEDnERLZElsP6w=,ct+yia0MxmkTgNvch1hUdMsGgzI=
-26,53,Dp3WqOX3kPEYDkEDnERLZElsP6w=,ct+yia0MxmkTgNvch1hUdMsGgzI=
-29,52,Dp3WqOX3kPEYDkEDnERLZElsP6w=,ct+yia0MxmkTgNvch1hUdMsGgzI=
-27,49,Dp3WqOX3kPEYDkEDnERLZElsP6w=,ct+yia0MxmkTgNvch1hUdMsGgzI=
-26,54,Dp3WqOX3kPEYDkEDnERLZElsP6w=,ct+yia0MxmkTgNvch1hUdMsGgzI=
-26,50,Dp3WqOX3kPEYDkEDnERLZElsP6w=,ct+yia0MxmkTgNvch1hUdMsGgzI=
-21,51,Dp3WqOX3kPEYDkEDnERLZElsP6w=,9B0QyBGbXtnUv9AvuhX7vdml1aI=
-26,49,Dp3WqOX3kPEYDkEDnERLZElsP6w=,ct+yia0MxmkTgNvch1hUdMsGgzI=
-28,52,Dp3WqOX3kPEYDkEDnERLZElsP6w=,ct+yia0MxmkTgNvch1hUdMsGgzI=
-30,51,Dp3WqOX3kPEYDkEDnERLZElsP6w=,ct+yia0MxmkTgNvch1hUdMsGgzI=
-31,53,Dp3WqOX3kPEYDkEDnERLZElsP6w=,ct+yia0MxmkTgNvch1hUdMsGgzI=
-30,53,Dp3WqOX3kPEYDkEDnERLZElsP6w=,ct+yia0MxmkTgNvch1hUdMsGgzI=
-22,52,Dp3WqOX3kPEYDkEDnERLZElsP6w=,9B0QyBGbXtnUv9AvuhX7vdml1aI=
-29,53,Dp3WqOX3kPEYDkEDnERLZElsP6w=,ct+yia0MxmkTgNvch1hUdMsGgzI=
-21,52,Dp3WqOX3kPEYDkEDnERLZElsP6w=,9B0QyBGbXtnUv9AvuhX7vdml1aI=
-22,51,Dp3WqOX3kPEYDkEDnERLZElsP6w=,9B0QyBGbXtnUv9AvuhX7vdml1aI=
-25,52,Dp3WqOX3kPEYDkEDnERLZElsP6w=,ct+yia0MxmkTgNvch1hUdMsGgzI=
-26,52,Dp3WqOX3kPEYDkEDnERLZElsP6w=,ct+yia0MxmkTgNvch1hUdMsGgzI=
-20,52,Dp3WqOX3kPEYDkEDnERLZElsP6w=,9B0QyBGbXtnUv9AvuhX7vdml1aI=
-27,54,Dp3WqOX3kPEYDkEDnERLZElsP6w=,ct+yia0MxmkTgNvch1hUdMsGgzI=
-19,52,Dp3WqOX3kPEYDkEDnERLZElsP6w=,9B0QyBGbXtnUv9AvuhX7vdml1aI=
-18,52,Dp3WqOX3kPEYDkEDnERLZElsP6w=,9B0QyBGbXtnUv9AvuhX7vdml1aI=
-24,53,Dp3WqOX3kPEYDkEDnERLZElsP6w=,9B0QyBGbXtnUv9AvuhX7vdml1aI=
-27,52,Dp3WqOX3kPEYDkEDnERLZElsP6w=,ct+yia0MxmkTgNvch1hUdMsGgzI=
-23,51,Dp3WqOX3kPEYDkEDnERLZElsP6w=,9B0QyBGbXtnUv9AvuhX7vdml1aI=
-23,53,Dp3WqOX3kPEYDkEDnERLZElsP6w=,9B0QyBGbXtnUv9AvuhX7vdml1aI=
-31,51,Dp3WqOX3kPEYDkEDnERLZElsP6w=,ct+yia0MxmkTgNvch1hUdMsGgzI=
-24,51,Dp3WqOX3kPEYDkEDnERLZElsP6w=,9B0QyBGbXtnUv9AvuhX7vdml1aI=
-22,53,Dp3WqOX3kPEYDkEDnERLZElsP6w=,9B0QyBGbXtnUv9AvuhX7vdml1aI=
-18,50,Dp3WqOX3kPEYDkEDnERLZElsP6w=,9B0QyBGbXtnUv9AvuhX7vdml1aI=
-19,50,Dp3WqOX3kPEYDkEDnERLZElsP6w=,9B0QyBGbXtnUv9AvuhX7vdml1aI=
-25,53,Dp3WqOX3kPEYDkEDnERLZElsP6w=,ct+yia0MxmkTgNvch1hUdMsGgzI=
-31,50,Dp3WqOX3kPEYDkEDnERLZElsP6w=,ct+yia0MxmkTgNvch1hUdMsGgzI=
-20,50,Dp3WqOX3kPEYDkEDnERLZElsP6w=,9B0QyBGbXtnUv9AvuhX7vdml1aI=
-18,54,Dp3WqOX3kPEYDkEDnERLZElsP6w=,9B0QyBGbXtnUv9AvuhX7vdml1aI=
-28,54,Dp3WqOX3kPEYDkEDnERLZElsP6w=,ct+yia0MxmkTgNvch1hUdMsGgzI=
-25,49,Dp3WqOX3kPEYDkEDnERLZElsP6w=,ct+yia0MxmkTgNvch1hUdMsGgzI=
-21,50,Dp3WqOX3kPEYDkEDnERLZElsP6w=,9B0QyBGbXtnUv9AvuhX7vdml1aI=
-22,50,Dp3WqOX3kPEYDkEDnERLZElsP6w=,9B0QyBGbXtnUv9AvuhX7vdml1aI=
-21,53,Dp3WqOX3kPEYDkEDnERLZElsP6w=,9B0QyBGbXtnUv9AvuhX7vdml1aI=
-20,53,Dp3WqOX3kPEYDkEDnERLZElsP6w=,9B0QyBGbXtnUv9AvuhX7vdml1aI=
-25,54,Dp3WqOX3kPEYDkEDnERLZElsP6w=,ct+yia0MxmkTgNvch1hUdMsGgzI=
-19,53,Dp3WqOX3kPEYDkEDnERLZElsP6w=,9B0QyBGbXtnUv9AvuhX7vdml1aI=
-26,51,Dp3WqOX3kPEYDkEDnERLZElsP6w=,ct+yia0MxmkTgNvch1hUdMsGgzI=
-29,54,Dp3WqOX3kPEYDkEDnERLZElsP6w=,ct+yia0MxmkTgNvch1hUdMsGgzI=
-18,53,Dp3WqOX3kPEYDkEDnERLZElsP6w=,9B0QyBGbXtnUv9AvuhX7vdml1aI=
-27,51,Dp3WqOX3kPEYDkEDnERLZElsP6w=,ct+yia0MxmkTgNvch1hUdMsGgzI=
-23,50,Dp3WqOX3kPEYDkEDnERLZElsP6w=,9B0QyBGbXtnUv9AvuhX7vdml1aI=
-25,50,Dp3WqOX3kPEYDkEDnERLZElsP6w=,ct+yia0MxmkTgNvch1hUdMsGgzI=
-29,49,Dp3WqOX3kPEYDkEDnERLZElsP6w=,ct+yia0MxmkTgNvch1hUdMsGgzI=
-24,54,Dp3WqOX3kPEYDkEDnERLZElsP6w=,9B0QyBGbXtnUv9AvuhX7vdml1aI=
-23,54,Dp3WqOX3kPEYDkEDnERLZElsP6w=,9B0QyBGbXtnUv9AvuhX7vdml1aI=
-19,54,Dp3WqOX3kPEYDkEDnERLZElsP6w=,9B0QyBGbXtnUv9AvuhX7vdml1aI=
-24,50,Dp3WqOX3kPEYDkEDnERLZElsP6w=,9B0QyBGbXtnUv9AvuhX7vdml1aI=
-20,54,Dp3WqOX3kPEYDkEDnERLZElsP6w=,9B0QyBGbXtnUv9AvuhX7vdml1aI=
-30,49,Dp3WqOX3kPEYDkEDnERLZElsP6w=,ct+yia0MxmkTgNvch1hUdMsGgzI=
-30,54,Dp3WqOX3kPEYDkEDnERLZElsP6w=,ct+yia0MxmkTgNvch1hUdMsGgzI=
-31,49,Dp3WqOX3kPEYDkEDnERLZElsP6w=,ct+yia0MxmkTgNvch1hUdMsGgzI=
-28,51,Dp3WqOX3kPEYDkEDnERLZElsP6w=,ct+yia0MxmkTgNvch1hUdMsGgzI=
-22,54,Dp3WqOX3kPEYDkEDnERLZElsP6w=,9B0QyBGbXtnUv9AvuhX7vdml1aI=
-31,54,Dp3WqOX3kPEYDkEDnERLZElsP6w=,ct+yia0MxmkTgNvch1hUdMsGgzI=
-18,49,Dp3WqOX3kPEYDkEDnERLZElsP6w=,9B0QyBGbXtnUv9AvuhX7vdml1aI=
-19,49,Dp3WqOX3kPEYDkEDnERLZElsP6w=,9B0QyBGbXtnUv9AvuhX7vdml1aI=
-20,49,Dp3WqOX3kPEYDkEDnERLZElsP6w=,9B0QyBGbXtnUv9AvuhX7vdml1aI=
-21,54,Dp3WqOX3kPEYDkEDnERLZElsP6w=,9B0QyBGbXtnUv9AvuhX7vdml1aI=
-25,51,Dp3WqOX3kPEYDkEDnERLZElsP6w=,ct+yia0MxmkTgNvch1hUdMsGgzI=
-21,49,Dp3WqOX3kPEYDkEDnERLZElsP6w=,9B0QyBGbXtnUv9AvuhX7vdml1aI=
-29,51,Dp3WqOX3kPEYDkEDnERLZElsP6w=,ct+yia0MxmkTgNvch1hUdMsGgzI=
-27,53,Dp3WqOX3kPEYDkEDnERLZElsP6w=,ct+yia0MxmkTgNvch1hUdMsGgzI=
-22,49,Dp3WqOX3kPEYDkEDnERLZElsP6w=,9B0QyBGbXtnUv9AvuhX7vdml1aI=
-28,53,Dp3WqOX3kPEYDkEDnERLZElsP6w=,ct+yia0MxmkTgNvch1hUdMsGgzI=
-24,49,Dp3WqOX3kPEYDkEDnERLZElsP6w=,9B0QyBGbXtnUv9AvuhX7vdml1aI=
-23,49,Dp3WqOX3kPEYDkEDnERLZElsP6w=,9B0QyBGbXtnUv9AvuhX7vdml1aI=
-19,55,Dp3WqOX3kPEYDkEDnERLZElsP6w=,9B0QyBGbXtnUv9AvuhX7vdml1aI=
-22,61,Dp3WqOX3kPEYDkEDnERLZElsP6w=,5v/vfgK+KK1pm2bwXZJYvs8HuKk=
-21,61,Dp3WqOX3kPEYDkEDnERLZElsP6w=,5v/vfgK+KK1pm2bwXZJYvs8HuKk=
-23,61,Dp3WqOX3kPEYDkEDnERLZElsP6w=,5v/vfgK+KK1pm2bwXZJYvs8HuKk=
-22,55,Dp3WqOX3kPEYDkEDnERLZElsP6w=,9B0QyBGbXtnUv9AvuhX7vdml1aI=
-20,55,Dp3WqOX3kPEYDkEDnERLZElsP6w=,9B0QyBGbXtnUv9AvuhX7vdml1aI=
-21,55,Dp3WqOX3kPEYDkEDnERLZElsP6w=,9B0QyBGbXtnUv9AvuhX7vdml1aI=
-18,55,Dp3WqOX3kPEYDkEDnERLZElsP6w=,9B0QyBGbXtnUv9AvuhX7vdml1aI=
-23,55,Dp3WqOX3kPEYDkEDnERLZElsP6w=,9B0QyBGbXtnUv9AvuhX7vdml1aI=
-18,60,Dp3WqOX3kPEYDkEDnERLZElsP6w=,5v/vfgK+KK1pm2bwXZJYvs8HuKk=
-19,60,Dp3WqOX3kPEYDkEDnERLZElsP6w=,5v/vfgK+KK1pm2bwXZJYvs8HuKk=
-21,60,Dp3WqOX3kPEYDkEDnERLZElsP6w=,5v/vfgK+KK1pm2bwXZJYvs8HuKk=
-22,60,Dp3WqOX3kPEYDkEDnERLZElsP6w=,5v/vfgK+KK1pm2bwXZJYvs8HuKk=
-20,60,Dp3WqOX3kPEYDkEDnERLZElsP6w=,5v/vfgK+KK1pm2bwXZJYvs8HuKk=
-18,59,Dp3WqOX3kPEYDkEDnERLZElsP6w=,5v/vfgK+KK1pm2bwXZJYvs8HuKk=
-23,60,Dp3WqOX3kPEYDkEDnERLZElsP6w=,5v/vfgK+KK1pm2bwXZJYvs8HuKk=
-19,59,Dp3WqOX3kPEYDkEDnERLZElsP6w=,5v/vfgK+KK1pm2bwXZJYvs8HuKk=
-22,59,Dp3WqOX3kPEYDkEDnERLZElsP6w=,5v/vfgK+KK1pm2bwXZJYvs8HuKk=
-20,59,Dp3WqOX3kPEYDkEDnERLZElsP6w=,5v/vfgK+KK1pm2bwXZJYvs8HuKk=
-21,59,Dp3WqOX3kPEYDkEDnERLZElsP6w=,5v/vfgK+KK1pm2bwXZJYvs8HuKk=
-23,59,Dp3WqOX3kPEYDkEDnERLZElsP6w=,5v/vfgK+KK1pm2bwXZJYvs8HuKk=
-20,61,Dp3WqOX3kPEYDkEDnERLZElsP6w=,5v/vfgK+KK1pm2bwXZJYvs8HuKk=
-19,58,Dp3WqOX3kPEYDkEDnERLZElsP6w=,5v/vfgK+KK1pm2bwXZJYvs8HuKk=
-20,58,Dp3WqOX3kPEYDkEDnERLZElsP6w=,5v/vfgK+KK1pm2bwXZJYvs8HuKk=
-21,58,Dp3WqOX3kPEYDkEDnERLZElsP6w=,5v/vfgK+KK1pm2bwXZJYvs8HuKk=
-19,61,Dp3WqOX3kPEYDkEDnERLZElsP6w=,5v/vfgK+KK1pm2bwXZJYvs8HuKk=
-22,58,Dp3WqOX3kPEYDkEDnERLZElsP6w=,5v/vfgK+KK1pm2bwXZJYvs8HuKk=
-18,58,Dp3WqOX3kPEYDkEDnERLZElsP6w=,5v/vfgK+KK1pm2bwXZJYvs8HuKk=
-23,58,Dp3WqOX3kPEYDkEDnERLZElsP6w=,5v/vfgK+KK1pm2bwXZJYvs8HuKk=
-18,57,Dp3WqOX3kPEYDkEDnERLZElsP6w=,5v/vfgK+KK1pm2bwXZJYvs8HuKk=
-19,57,Dp3WqOX3kPEYDkEDnERLZElsP6w=,5v/vfgK+KK1pm2bwXZJYvs8HuKk=
-21,57,Dp3WqOX3kPEYDkEDnERLZElsP6w=,5v/vfgK+KK1pm2bwXZJYvs8HuKk=
-22,57,Dp3WqOX3kPEYDkEDnERLZElsP6w=,5v/vfgK+KK1pm2bwXZJYvs8HuKk=
-23,57,Dp3WqOX3kPEYDkEDnERLZElsP6w=,5v/vfgK+KK1pm2bwXZJYvs8HuKk=
-20,57,Dp3WqOX3kPEYDkEDnERLZElsP6w=,5v/vfgK+KK1pm2bwXZJYvs8HuKk=
-18,62,Dp3WqOX3kPEYDkEDnERLZElsP6w=,5v/vfgK+KK1pm2bwXZJYvs8HuKk=
-19,62,Dp3WqOX3kPEYDkEDnERLZElsP6w=,5v/vfgK+KK1pm2bwXZJYvs8HuKk=
-20,62,Dp3WqOX3kPEYDkEDnERLZElsP6w=,5v/vfgK+KK1pm2bwXZJYvs8HuKk=
-18,56,Dp3WqOX3kPEYDkEDnERLZElsP6w=,5v/vfgK+KK1pm2bwXZJYvs8HuKk=
-21,62,Dp3WqOX3kPEYDkEDnERLZElsP6w=,5v/vfgK+KK1pm2bwXZJYvs8HuKk=
-19,56,Dp3WqOX3kPEYDkEDnERLZElsP6w=,5v/vfgK+KK1pm2bwXZJYvs8HuKk=
-22,62,Dp3WqOX3kPEYDkEDnERLZElsP6w=,5v/vfgK+KK1pm2bwXZJYvs8HuKk=
-21,56,Dp3WqOX3kPEYDkEDnERLZElsP6w=,5v/vfgK+KK1pm2bwXZJYvs8HuKk=
-20,56,Dp3WqOX3kPEYDkEDnERLZElsP6w=,5v/vfgK+KK1pm2bwXZJYvs8HuKk=
-23,62,Dp3WqOX3kPEYDkEDnERLZElsP6w=,5v/vfgK+KK1pm2bwXZJYvs8HuKk=
-18,61,Dp3WqOX3kPEYDkEDnERLZElsP6w=,5v/vfgK+KK1pm2bwXZJYvs8HuKk=
-22,56,Dp3WqOX3kPEYDkEDnERLZElsP6w=,5v/vfgK+KK1pm2bwXZJYvs8HuKk=
-23,56,Dp3WqOX3kPEYDkEDnERLZElsP6w=,5v/vfgK+KK1pm2bwXZJYvs8HuKk=
-17,51,Dp3WqOX3kPEYDkEDnERLZElsP6w=,9B0QyBGbXtnUv9AvuhX7vdml1aI=
-17,52,Dp3WqOX3kPEYDkEDnERLZElsP6w=,9B0QyBGbXtnUv9AvuhX7vdml1aI=
-17,53,Dp3WqOX3kPEYDkEDnERLZElsP6w=,9B0QyBGbXtnUv9AvuhX7vdml1aI=
-17,49,Dp3WqOX3kPEYDkEDnERLZElsP6w=,9B0QyBGbXtnUv9AvuhX7vdml1aI=
-17,54,Dp3WqOX3kPEYDkEDnERLZElsP6w=,9B0QyBGbXtnUv9AvuhX7vdml1aI=
-17,50,Dp3WqOX3kPEYDkEDnERLZElsP6w=,9B0QyBGbXtnUv9AvuhX7vdml1aI=
-23,63,Dp3WqOX3kPEYDkEDnERLZElsP6w=,5v/vfgK+KK1pm2bwXZJYvs8HuKk=
-22,63,Dp3WqOX3kPEYDkEDnERLZElsP6w=,5v/vfgK+KK1pm2bwXZJYvs8HuKk=
-21,63,Dp3WqOX3kPEYDkEDnERLZElsP6w=,5v/vfgK+KK1pm2bwXZJYvs8HuKk=
-18,63,Dp3WqOX3kPEYDkEDnERLZElsP6w=,5v/vfgK+KK1pm2bwXZJYvs8HuKk=
-20,63,Dp3WqOX3kPEYDkEDnERLZElsP6w=,5v/vfgK+KK1pm2bwXZJYvs8HuKk=
-32,49,Dp3WqOX3kPEYDkEDnERLZElsP6w=,ct+yia0MxmkTgNvch1hUdMsGgzI=
-32,52,Dp3WqOX3kPEYDkEDnERLZElsP6w=,ct+yia0MxmkTgNvch1hUdMsGgzI=
-32,53,Dp3WqOX3kPEYDkEDnERLZElsP6w=,ct+yia0MxmkTgNvch1hUdMsGgzI=
-32,51,Dp3WqOX3kPEYDkEDnERLZElsP6w=,ct+yia0MxmkTgNvch1hUdMsGgzI=
-19,63,Dp3WqOX3kPEYDkEDnERLZElsP6w=,5v/vfgK+KK1pm2bwXZJYvs8HuKk=
-32,50,Dp3WqOX3kPEYDkEDnERLZElsP6w=,ct+yia0MxmkTgNvch1hUdMsGgzI=
-32,54,Dp3WqOX3kPEYDkEDnERLZElsP6w=,ct+yia0MxmkTgNvch1hUdMsGgzI=
-30,48,Dp3WqOX3kPEYDkEDnERLZElsP6w=,ct+yia0MxmkTgNvch1hUdMsGgzI=
-28,48,Dp3WqOX3kPEYDkEDnERLZElsP6w=,ct+yia0MxmkTgNvch1hUdMsGgzI=
-29,48,Dp3WqOX3kPEYDkEDnERLZElsP6w=,ct+yia0MxmkTgNvch1hUdMsGgzI=
-27,48,Dp3WqOX3kPEYDkEDnERLZElsP6w=,ct+yia0MxmkTgNvch1hUdMsGgzI=
-31,48,Dp3WqOX3kPEYDkEDnERLZElsP6w=,ct+yia0MxmkTgNvch1hUdMsGgzI=
-25,48,Dp3WqOX3kPEYDkEDnERLZElsP6w=,ct+yia0MxmkTgNvch1hUdMsGgzI=
-28,55,Dp3WqOX3kPEYDkEDnERLZElsP6w=,ct+yia0MxmkTgNvch1hUdMsGgzI=
-26,48,Dp3WqOX3kPEYDkEDnERLZElsP6w=,ct+yia0MxmkTgNvch1hUdMsGgzI=
-18,48,Dp3WqOX3kPEYDkEDnERLZElsP6w=,9B0QyBGbXtnUv9AvuhX7vdml1aI=
-24,48,Dp3WqOX3kPEYDkEDnERLZElsP6w=,9B0QyBGbXtnUv9AvuhX7vdml1aI=
-27,55,Dp3WqOX3kPEYDkEDnERLZElsP6w=,ct+yia0MxmkTgNvch1hUdMsGgzI=
-29,63,Dp3WqOX3kPEYDkEDnERLZElsP6w=,qjMTzMY6ZbAJ8PzmJHf4vO86G9I=
-23,48,Dp3WqOX3kPEYDkEDnERLZElsP6w=,9B0QyBGbXtnUv9AvuhX7vdml1aI=
-30,63,Dp3WqOX3kPEYDkEDnERLZElsP6w=,qjMTzMY6ZbAJ8PzmJHf4vO86G9I=
-28,63,Dp3WqOX3kPEYDkEDnERLZElsP6w=,qjMTzMY6ZbAJ8PzmJHf4vO86G9I=
-22,48,Dp3WqOX3kPEYDkEDnERLZElsP6w=,9B0QyBGbXtnUv9AvuhX7vdml1aI=
-19,48,Dp3WqOX3kPEYDkEDnERLZElsP6w=,9B0QyBGbXtnUv9AvuhX7vdml1aI=
-21,48,Dp3WqOX3kPEYDkEDnERLZElsP6w=,9B0QyBGbXtnUv9AvuhX7vdml1aI=
-27,63,Dp3WqOX3kPEYDkEDnERLZElsP6w=,qjMTzMY6ZbAJ8PzmJHf4vO86G9I=
-20,48,Dp3WqOX3kPEYDkEDnERLZElsP6w=,9B0QyBGbXtnUv9AvuhX7vdml1aI=
-31,63,Dp3WqOX3kPEYDkEDnERLZElsP6w=,qjMTzMY6ZbAJ8PzmJHf4vO86G9I=
-26,55,Dp3WqOX3kPEYDkEDnERLZElsP6w=,ct+yia0MxmkTgNvch1hUdMsGgzI=
-24,61,Dp3WqOX3kPEYDkEDnERLZElsP6w=,5v/vfgK+KK1pm2bwXZJYvs8HuKk=
-25,55,Dp3WqOX3kPEYDkEDnERLZElsP6w=,ct+yia0MxmkTgNvch1hUdMsGgzI=
-29,55,Dp3WqOX3kPEYDkEDnERLZElsP6w=,ct+yia0MxmkTgNvch1hUdMsGgzI=
-25,62,Dp3WqOX3kPEYDkEDnERLZElsP6w=,qjMTzMY6ZbAJ8PzmJHf4vO86G9I=
-24,55,Dp3WqOX3kPEYDkEDnERLZElsP6w=,9B0QyBGbXtnUv9AvuhX7vdml1aI=
-26,62,Dp3WqOX3kPEYDkEDnERLZElsP6w=,qjMTzMY6ZbAJ8PzmJHf4vO86G9I=
-26,63,Dp3WqOX3kPEYDkEDnERLZElsP6w=,qjMTzMY6ZbAJ8PzmJHf4vO86G9I=
-27,62,Dp3WqOX3kPEYDkEDnERLZElsP6w=,qjMTzMY6ZbAJ8PzmJHf4vO86G9I=
-28,62,Dp3WqOX3kPEYDkEDnERLZElsP6w=,qjMTzMY6ZbAJ8PzmJHf4vO86G9I=
-32,56,Dp3WqOX3kPEYDkEDnERLZElsP6w=,qjMTzMY6ZbAJ8PzmJHf4vO86G9I=
-30,55,Dp3WqOX3kPEYDkEDnERLZElsP6w=,ct+yia0MxmkTgNvch1hUdMsGgzI=
-31,55,Dp3WqOX3kPEYDkEDnERLZElsP6w=,ct+yia0MxmkTgNvch1hUdMsGgzI=
-29,62,Dp3WqOX3kPEYDkEDnERLZElsP6w=,qjMTzMY6ZbAJ8PzmJHf4vO86G9I=
-30,62,Dp3WqOX3kPEYDkEDnERLZElsP6w=,qjMTzMY6ZbAJ8PzmJHf4vO86G9I=
-31,56,Dp3WqOX3kPEYDkEDnERLZElsP6w=,qjMTzMY6ZbAJ8PzmJHf4vO86G9I=
-31,62,Dp3WqOX3kPEYDkEDnERLZElsP6w=,qjMTzMY6ZbAJ8PzmJHf4vO86G9I=
-32,62,Dp3WqOX3kPEYDkEDnERLZElsP6w=,qjMTzMY6ZbAJ8PzmJHf4vO86G9I=
-30,56,Dp3WqOX3kPEYDkEDnERLZElsP6w=,qjMTzMY6ZbAJ8PzmJHf4vO86G9I=
-32,55,Dp3WqOX3kPEYDkEDnERLZElsP6w=,ct+yia0MxmkTgNvch1hUdMsGgzI=
-24,60,Dp3WqOX3kPEYDkEDnERLZElsP6w=,5v/vfgK+KK1pm2bwXZJYvs8HuKk=
-25,61,Dp3WqOX3kPEYDkEDnERLZElsP6w=,qjMTzMY6ZbAJ8PzmJHf4vO86G9I=
-29,56,Dp3WqOX3kPEYDkEDnERLZElsP6w=,qjMTzMY6ZbAJ8PzmJHf4vO86G9I=
-26,61,Dp3WqOX3kPEYDkEDnERLZElsP6w=,qjMTzMY6ZbAJ8PzmJHf4vO86G9I=
-27,61,Dp3WqOX3kPEYDkEDnERLZElsP6w=,qjMTzMY6ZbAJ8PzmJHf4vO86G9I=
-28,61,Dp3WqOX3kPEYDkEDnERLZElsP6w=,qjMTzMY6ZbAJ8PzmJHf4vO86G9I=
-29,61,Dp3WqOX3kPEYDkEDnERLZElsP6w=,qjMTzMY6ZbAJ8PzmJHf4vO86G9I=
-28,56,Dp3WqOX3kPEYDkEDnERLZElsP6w=,qjMTzMY6ZbAJ8PzmJHf4vO86G9I=
-30,61,Dp3WqOX3kPEYDkEDnERLZElsP6w=,qjMTzMY6ZbAJ8PzmJHf4vO86G9I=
-31,61,Dp3WqOX3kPEYDkEDnERLZElsP6w=,qjMTzMY6ZbAJ8PzmJHf4vO86G9I=
-32,61,Dp3WqOX3kPEYDkEDnERLZElsP6w=,qjMTzMY6ZbAJ8PzmJHf4vO86G9I=
-25,63,Dp3WqOX3kPEYDkEDnERLZElsP6w=,qjMTzMY6ZbAJ8PzmJHf4vO86G9I=
-25,60,Dp3WqOX3kPEYDkEDnERLZElsP6w=,qjMTzMY6ZbAJ8PzmJHf4vO86G9I=
-26,60,Dp3WqOX3kPEYDkEDnERLZElsP6w=,qjMTzMY6ZbAJ8PzmJHf4vO86G9I=
-24,56,Dp3WqOX3kPEYDkEDnERLZElsP6w=,5v/vfgK+KK1pm2bwXZJYvs8HuKk=
-27,60,Dp3WqOX3kPEYDkEDnERLZElsP6w=,qjMTzMY6ZbAJ8PzmJHf4vO86G9I=
-28,60,Dp3WqOX3kPEYDkEDnERLZElsP6w=,qjMTzMY6ZbAJ8PzmJHf4vO86G9I=
-29,60,Dp3WqOX3kPEYDkEDnERLZElsP6w=,qjMTzMY6ZbAJ8PzmJHf4vO86G9I=
-24,59,Dp3WqOX3kPEYDkEDnERLZElsP6w=,5v/vfgK+KK1pm2bwXZJYvs8HuKk=
-30,60,Dp3WqOX3kPEYDkEDnERLZElsP6w=,qjMTzMY6ZbAJ8PzmJHf4vO86G9I=
-24,62,Dp3WqOX3kPEYDkEDnERLZElsP6w=,5v/vfgK+KK1pm2bwXZJYvs8HuKk=
-31,60,Dp3WqOX3kPEYDkEDnERLZElsP6w=,qjMTzMY6ZbAJ8PzmJHf4vO86G9I=
-32,63,Dp3WqOX3kPEYDkEDnERLZElsP6w=,qjMTzMY6ZbAJ8PzmJHf4vO86G9I=
-32,60,Dp3WqOX3kPEYDkEDnERLZElsP6w=,qjMTzMY6ZbAJ8PzmJHf4vO86G9I=
-27,56,Dp3WqOX3kPEYDkEDnERLZElsP6w=,qjMTzMY6ZbAJ8PzmJHf4vO86G9I=
-25,59,Dp3WqOX3kPEYDkEDnERLZElsP6w=,qjMTzMY6ZbAJ8PzmJHf4vO86G9I=
-26,59,Dp3WqOX3kPEYDkEDnERLZElsP6w=,qjMTzMY6ZbAJ8PzmJHf4vO86G9I=
-29,59,Dp3WqOX3kPEYDkEDnERLZElsP6w=,qjMTzMY6ZbAJ8PzmJHf4vO86G9I=
-27,59,Dp3WqOX3kPEYDkEDnERLZElsP6w=,qjMTzMY6ZbAJ8PzmJHf4vO86G9I=
-28,59,Dp3WqOX3kPEYDkEDnERLZElsP6w=,qjMTzMY6ZbAJ8PzmJHf4vO86G9I=
-26,56,Dp3WqOX3kPEYDkEDnERLZElsP6w=,qjMTzMY6ZbAJ8PzmJHf4vO86G9I=
-30,59,Dp3WqOX3kPEYDkEDnERLZElsP6w=,qjMTzMY6ZbAJ8PzmJHf4vO86G9I=
-32,59,Dp3WqOX3kPEYDkEDnERLZElsP6w=,qjMTzMY6ZbAJ8PzmJHf4vO86G9I=
-31,59,Dp3WqOX3kPEYDkEDnERLZElsP6w=,qjMTzMY6ZbAJ8PzmJHf4vO86G9I=
-25,58,Dp3WqOX3kPEYDkEDnERLZElsP6w=,qjMTzMY6ZbAJ8PzmJHf4vO86G9I=
-26,58,Dp3WqOX3kPEYDkEDnERLZElsP6w=,qjMTzMY6ZbAJ8PzmJHf4vO86G9I=
-24,58,Dp3WqOX3kPEYDkEDnERLZElsP6w=,5v/vfgK+KK1pm2bwXZJYvs8HuKk=
-24,57,Dp3WqOX3kPEYDkEDnERLZElsP6w=,5v/vfgK+KK1pm2bwXZJYvs8HuKk=
-29,58,Dp3WqOX3kPEYDkEDnERLZElsP6w=,qjMTzMY6ZbAJ8PzmJHf4vO86G9I=
-30,58,Dp3WqOX3kPEYDkEDnERLZElsP6w=,qjMTzMY6ZbAJ8PzmJHf4vO86G9I=
-31,58,Dp3WqOX3kPEYDkEDnERLZElsP6w=,qjMTzMY6ZbAJ8PzmJHf4vO86G9I=
-32,58,Dp3WqOX3kPEYDkEDnERLZElsP6w=,qjMTzMY6ZbAJ8PzmJHf4vO86G9I=
-25,56,Dp3WqOX3kPEYDkEDnERLZElsP6w=,qjMTzMY6ZbAJ8PzmJHf4vO86G9I=
-27,58,Dp3WqOX3kPEYDkEDnERLZElsP6w=,qjMTzMY6ZbAJ8PzmJHf4vO86G9I=
-24,63,Dp3WqOX3kPEYDkEDnERLZElsP6w=,5v/vfgK+KK1pm2bwXZJYvs8HuKk=
-25,57,Dp3WqOX3kPEYDkEDnERLZElsP6w=,qjMTzMY6ZbAJ8PzmJHf4vO86G9I=
-26,57,Dp3WqOX3kPEYDkEDnERLZElsP6w=,qjMTzMY6ZbAJ8PzmJHf4vO86G9I=
-27,57,Dp3WqOX3kPEYDkEDnERLZElsP6w=,qjMTzMY6ZbAJ8PzmJHf4vO86G9I=
-28,57,Dp3WqOX3kPEYDkEDnERLZElsP6w=,qjMTzMY6ZbAJ8PzmJHf4vO86G9I=
-29,57,Dp3WqOX3kPEYDkEDnERLZElsP6w=,qjMTzMY6ZbAJ8PzmJHf4vO86G9I=
-32,57,Dp3WqOX3kPEYDkEDnERLZElsP6w=,qjMTzMY6ZbAJ8PzmJHf4vO86G9I=
-28,58,Dp3WqOX3kPEYDkEDnERLZElsP6w=,qjMTzMY6ZbAJ8PzmJHf4vO86G9I=
-30,57,Dp3WqOX3kPEYDkEDnERLZElsP6w=,qjMTzMY6ZbAJ8PzmJHf4vO86G9I=
-31,57,Dp3WqOX3kPEYDkEDnERLZElsP6w=,qjMTzMY6ZbAJ8PzmJHf4vO86G9I=
-17,61,Dp3WqOX3kPEYDkEDnERLZElsP6w=,5v/vfgK+KK1pm2bwXZJYvs8HuKk=
-17,55,Dp3WqOX3kPEYDkEDnERLZElsP6w=,9B0QyBGbXtnUv9AvuhX7vdml1aI=
-17,60,Dp3WqOX3kPEYDkEDnERLZElsP6w=,5v/vfgK+KK1pm2bwXZJYvs8HuKk=
-17,59,Dp3WqOX3kPEYDkEDnERLZElsP6w=,5v/vfgK+KK1pm2bwXZJYvs8HuKk=
-17,58,Dp3WqOX3kPEYDkEDnERLZElsP6w=,5v/vfgK+KK1pm2bwXZJYvs8HuKk=
-17,57,Dp3WqOX3kPEYDkEDnERLZElsP6w=,5v/vfgK+KK1pm2bwXZJYvs8HuKk=
-17,62,Dp3WqOX3kPEYDkEDnERLZElsP6w=,5v/vfgK+KK1pm2bwXZJYvs8HuKk=
-17,56,Dp3WqOX3kPEYDkEDnERLZElsP6w=,5v/vfgK+KK1pm2bwXZJYvs8HuKk=
-17,63,Dp3WqOX3kPEYDkEDnERLZElsP6w=,5v/vfgK+KK1pm2bwXZJYvs8HuKk=
-17,48,Dp3WqOX3kPEYDkEDnERLZElsP6w=,9B0QyBGbXtnUv9AvuhX7vdml1aI=
-32,48,Dp3WqOX3kPEYDkEDnERLZElsP6w=,ct+yia0MxmkTgNvch1hUdMsGgzI=
-10,53,pXxzdw2pk+nXQKEOPRk64Pu0ono=,DD634xrPpWv8CCrV6d127jAPl+Q=
-14,50,pXxzdw2pk+nXQKEOPRk64Pu0ono=,DD634xrPpWv8CCrV6d127jAPl+Q=
-13,49,pXxzdw2pk+nXQKEOPRk64Pu0ono=,DD634xrPpWv8CCrV6d127jAPl+Q=
-12,49,pXxzdw2pk+nXQKEOPRk64Pu0ono=,DD634xrPpWv8CCrV6d127jAPl+Q=
-11,49,pXxzdw2pk+nXQKEOPRk64Pu0ono=,DD634xrPpWv8CCrV6d127jAPl+Q=
-10,49,pXxzdw2pk+nXQKEOPRk64Pu0ono=,DD634xrPpWv8CCrV6d127jAPl+Q=
-14,51,pXxzdw2pk+nXQKEOPRk64Pu0ono=,DD634xrPpWv8CCrV6d127jAPl+Q=
-15,52,pXxzdw2pk+nXQKEOPRk64Pu0ono=,DD634xrPpWv8CCrV6d127jAPl+Q=
-15,49,pXxzdw2pk+nXQKEOPRk64Pu0ono=,DD634xrPpWv8CCrV6d127jAPl+Q=
-14,49,pXxzdw2pk+nXQKEOPRk64Pu0ono=,DD634xrPpWv8CCrV6d127jAPl+Q=
-13,50,pXxzdw2pk+nXQKEOPRk64Pu0ono=,DD634xrPpWv8CCrV6d127jAPl+Q=
-12,50,pXxzdw2pk+nXQKEOPRk64Pu0ono=,DD634xrPpWv8CCrV6d127jAPl+Q=
-15,53,pXxzdw2pk+nXQKEOPRk64Pu0ono=,DD634xrPpWv8CCrV6d127jAPl+Q=
-13,51,pXxzdw2pk+nXQKEOPRk64Pu0ono=,DD634xrPpWv8CCrV6d127jAPl+Q=
-11,50,pXxzdw2pk+nXQKEOPRk64Pu0ono=,DD634xrPpWv8CCrV6d127jAPl+Q=
-14,52,pXxzdw2pk+nXQKEOPRk64Pu0ono=,DD634xrPpWv8CCrV6d127jAPl+Q=
-10,50,pXxzdw2pk+nXQKEOPRk64Pu0ono=,DD634xrPpWv8CCrV6d127jAPl+Q=
-13,52,pXxzdw2pk+nXQKEOPRk64Pu0ono=,DD634xrPpWv8CCrV6d127jAPl+Q=
-14,53,pXxzdw2pk+nXQKEOPRk64Pu0ono=,DD634xrPpWv8CCrV6d127jAPl+Q=
-12,52,pXxzdw2pk+nXQKEOPRk64Pu0ono=,DD634xrPpWv8CCrV6d127jAPl+Q=
-11,52,pXxzdw2pk+nXQKEOPRk64Pu0ono=,DD634xrPpWv8CCrV6d127jAPl+Q=
-12,51,pXxzdw2pk+nXQKEOPRk64Pu0ono=,DD634xrPpWv8CCrV6d127jAPl+Q=
-11,51,pXxzdw2pk+nXQKEOPRk64Pu0ono=,DD634xrPpWv8CCrV6d127jAPl+Q=
-10,52,pXxzdw2pk+nXQKEOPRk64Pu0ono=,DD634xrPpWv8CCrV6d127jAPl+Q=
-15,51,pXxzdw2pk+nXQKEOPRk64Pu0ono=,DD634xrPpWv8CCrV6d127jAPl+Q=
-10,51,pXxzdw2pk+nXQKEOPRk64Pu0ono=,DD634xrPpWv8CCrV6d127jAPl+Q=
-13,53,pXxzdw2pk+nXQKEOPRk64Pu0ono=,DD634xrPpWv8CCrV6d127jAPl+Q=
-15,50,pXxzdw2pk+nXQKEOPRk64Pu0ono=,DD634xrPpWv8CCrV6d127jAPl+Q=
-12,53,pXxzdw2pk+nXQKEOPRk64Pu0ono=,DD634xrPpWv8CCrV6d127jAPl+Q=
-10,54,pXxzdw2pk+nXQKEOPRk64Pu0ono=,DD634xrPpWv8CCrV6d127jAPl+Q=
-15,54,pXxzdw2pk+nXQKEOPRk64Pu0ono=,DD634xrPpWv8CCrV6d127jAPl+Q=
-4,51,pXxzdw2pk+nXQKEOPRk64Pu0ono=,Fmzx5VegKHoD/3Jtc4vk4mOL7mM=
-14,54,pXxzdw2pk+nXQKEOPRk64Pu0ono=,DD634xrPpWv8CCrV6d127jAPl+Q=
-11,53,pXxzdw2pk+nXQKEOPRk64Pu0ono=,DD634xrPpWv8CCrV6d127jAPl+Q=
-11,54,pXxzdw2pk+nXQKEOPRk64Pu0ono=,DD634xrPpWv8CCrV6d127jAPl+Q=
-12,54,pXxzdw2pk+nXQKEOPRk64Pu0ono=,DD634xrPpWv8CCrV6d127jAPl+Q=
-9,53,pXxzdw2pk+nXQKEOPRk64Pu0ono=,DD634xrPpWv8CCrV6d127jAPl+Q=
-13,54,pXxzdw2pk+nXQKEOPRk64Pu0ono=,DD634xrPpWv8CCrV6d127jAPl+Q=
-5,51,pXxzdw2pk+nXQKEOPRk64Pu0ono=,Fmzx5VegKHoD/3Jtc4vk4mOL7mM=
-6,51,pXxzdw2pk+nXQKEOPRk64Pu0ono=,Fmzx5VegKHoD/3Jtc4vk4mOL7mM=
-7,51,pXxzdw2pk+nXQKEOPRk64Pu0ono=,Fmzx5VegKHoD/3Jtc4vk4mOL7mM=
-8,51,pXxzdw2pk+nXQKEOPRk64Pu0ono=,Fmzx5VegKHoD/3Jtc4vk4mOL7mM=
-3,51,pXxzdw2pk+nXQKEOPRk64Pu0ono=,Fmzx5VegKHoD/3Jtc4vk4mOL7mM=
-2,51,pXxzdw2pk+nXQKEOPRk64Pu0ono=,Fmzx5VegKHoD/3Jtc4vk4mOL7mM=
-9,49,pXxzdw2pk+nXQKEOPRk64Pu0ono=,DD634xrPpWv8CCrV6d127jAPl+Q=
-8,52,pXxzdw2pk+nXQKEOPRk64Pu0ono=,Fmzx5VegKHoD/3Jtc4vk4mOL7mM=
-7,52,pXxzdw2pk+nXQKEOPRk64Pu0ono=,Fmzx5VegKHoD/3Jtc4vk4mOL7mM=
-6,52,pXxzdw2pk+nXQKEOPRk64Pu0ono=,Fmzx5VegKHoD/3Jtc4vk4mOL7mM=
-5,52,pXxzdw2pk+nXQKEOPRk64Pu0ono=,Fmzx5VegKHoD/3Jtc4vk4mOL7mM=
-4,52,pXxzdw2pk+nXQKEOPRk64Pu0ono=,Fmzx5VegKHoD/3Jtc4vk4mOL7mM=
-3,52,pXxzdw2pk+nXQKEOPRk64Pu0ono=,Fmzx5VegKHoD/3Jtc4vk4mOL7mM=
-2,52,pXxzdw2pk+nXQKEOPRk64Pu0ono=,Fmzx5VegKHoD/3Jtc4vk4mOL7mM=
-8,53,pXxzdw2pk+nXQKEOPRk64Pu0ono=,Fmzx5VegKHoD/3Jtc4vk4mOL7mM=
-7,53,pXxzdw2pk+nXQKEOPRk64Pu0ono=,Fmzx5VegKHoD/3Jtc4vk4mOL7mM=
-6,53,pXxzdw2pk+nXQKEOPRk64Pu0ono=,Fmzx5VegKHoD/3Jtc4vk4mOL7mM=
-9,50,pXxzdw2pk+nXQKEOPRk64Pu0ono=,DD634xrPpWv8CCrV6d127jAPl+Q=
-8,49,pXxzdw2pk+nXQKEOPRk64Pu0ono=,Fmzx5VegKHoD/3Jtc4vk4mOL7mM=
-7,49,pXxzdw2pk+nXQKEOPRk64Pu0ono=,Fmzx5VegKHoD/3Jtc4vk4mOL7mM=
-6,49,pXxzdw2pk+nXQKEOPRk64Pu0ono=,Fmzx5VegKHoD/3Jtc4vk4mOL7mM=
-5,53,pXxzdw2pk+nXQKEOPRk64Pu0ono=,Fmzx5VegKHoD/3Jtc4vk4mOL7mM=
-5,49,pXxzdw2pk+nXQKEOPRk64Pu0ono=,Fmzx5VegKHoD/3Jtc4vk4mOL7mM=
-4,53,pXxzdw2pk+nXQKEOPRk64Pu0ono=,Fmzx5VegKHoD/3Jtc4vk4mOL7mM=
-4,61,pXxzdw2pk+nXQKEOPRk64Pu0ono=,Fmzx5VegKHoD/3Jtc4vk4mOL7mM=
-3,53,pXxzdw2pk+nXQKEOPRk64Pu0ono=,Fmzx5VegKHoD/3Jtc4vk4mOL7mM=
-3,61,pXxzdw2pk+nXQKEOPRk64Pu0ono=,Fmzx5VegKHoD/3Jtc4vk4mOL7mM=
-7,62,pXxzdw2pk+nXQKEOPRk64Pu0ono=,Fmzx5VegKHoD/3Jtc4vk4mOL7mM=
-2,61,pXxzdw2pk+nXQKEOPRk64Pu0ono=,Fmzx5VegKHoD/3Jtc4vk4mOL7mM=
-2,53,pXxzdw2pk+nXQKEOPRk64Pu0ono=,Fmzx5VegKHoD/3Jtc4vk4mOL7mM=
-6,62,pXxzdw2pk+nXQKEOPRk64Pu0ono=,Fmzx5VegKHoD/3Jtc4vk4mOL7mM=
-5,62,pXxzdw2pk+nXQKEOPRk64Pu0ono=,Fmzx5VegKHoD/3Jtc4vk4mOL7mM=
-4,49,pXxzdw2pk+nXQKEOPRk64Pu0ono=,Fmzx5VegKHoD/3Jtc4vk4mOL7mM=
-4,62,pXxzdw2pk+nXQKEOPRk64Pu0ono=,Fmzx5VegKHoD/3Jtc4vk4mOL7mM=
-3,49,pXxzdw2pk+nXQKEOPRk64Pu0ono=,Fmzx5VegKHoD/3Jtc4vk4mOL7mM=
-7,56,pXxzdw2pk+nXQKEOPRk64Pu0ono=,Fmzx5VegKHoD/3Jtc4vk4mOL7mM=
-9,51,pXxzdw2pk+nXQKEOPRk64Pu0ono=,DD634xrPpWv8CCrV6d127jAPl+Q=
-9,54,pXxzdw2pk+nXQKEOPRk64Pu0ono=,DD634xrPpWv8CCrV6d127jAPl+Q=
-3,62,pXxzdw2pk+nXQKEOPRk64Pu0ono=,Fmzx5VegKHoD/3Jtc4vk4mOL7mM=
-2,50,pXxzdw2pk+nXQKEOPRk64Pu0ono=,Fmzx5VegKHoD/3Jtc4vk4mOL7mM=
-3,50,pXxzdw2pk+nXQKEOPRk64Pu0ono=,Fmzx5VegKHoD/3Jtc4vk4mOL7mM=
-12,55,pXxzdw2pk+nXQKEOPRk64Pu0ono=,DD634xrPpWv8CCrV6d127jAPl+Q=
-8,54,pXxzdw2pk+nXQKEOPRk64Pu0ono=,Fmzx5VegKHoD/3Jtc4vk4mOL7mM=
-6,56,pXxzdw2pk+nXQKEOPRk64Pu0ono=,Fmzx5VegKHoD/3Jtc4vk4mOL7mM=
-4,50,pXxzdw2pk+nXQKEOPRk64Pu0ono=,Fmzx5VegKHoD/3Jtc4vk4mOL7mM=
-5,50,pXxzdw2pk+nXQKEOPRk64Pu0ono=,Fmzx5VegKHoD/3Jtc4vk4mOL7mM=
-6,50,pXxzdw2pk+nXQKEOPRk64Pu0ono=,Fmzx5VegKHoD/3Jtc4vk4mOL7mM=
-5,56,pXxzdw2pk+nXQKEOPRk64Pu0ono=,Fmzx5VegKHoD/3Jtc4vk4mOL7mM=
-2,54,pXxzdw2pk+nXQKEOPRk64Pu0ono=,Fmzx5VegKHoD/3Jtc4vk4mOL7mM=
-11,55,pXxzdw2pk+nXQKEOPRk64Pu0ono=,DD634xrPpWv8CCrV6d127jAPl+Q=
-2,49,pXxzdw2pk+nXQKEOPRk64Pu0ono=,Fmzx5VegKHoD/3Jtc4vk4mOL7mM=
-9,52,pXxzdw2pk+nXQKEOPRk64Pu0ono=,DD634xrPpWv8CCrV6d127jAPl+Q=
-4,56,pXxzdw2pk+nXQKEOPRk64Pu0ono=,Fmzx5VegKHoD/3Jtc4vk4mOL7mM=
-7,50,pXxzdw2pk+nXQKEOPRk64Pu0ono=,Fmzx5VegKHoD/3Jtc4vk4mOL7mM=
-8,50,pXxzdw2pk+nXQKEOPRk64Pu0ono=,Fmzx5VegKHoD/3Jtc4vk4mOL7mM=
-13,55,pXxzdw2pk+nXQKEOPRk64Pu0ono=,DD634xrPpWv8CCrV6d127jAPl+Q=
-2,62,pXxzdw2pk+nXQKEOPRk64Pu0ono=,Fmzx5VegKHoD/3Jtc4vk4mOL7mM=
-10,55,pXxzdw2pk+nXQKEOPRk64Pu0ono=,DD634xrPpWv8CCrV6d127jAPl+Q=
-7,54,pXxzdw2pk+nXQKEOPRk64Pu0ono=,Fmzx5VegKHoD/3Jtc4vk4mOL7mM=
-3,54,pXxzdw2pk+nXQKEOPRk64Pu0ono=,Fmzx5VegKHoD/3Jtc4vk4mOL7mM=
-5,54,pXxzdw2pk+nXQKEOPRk64Pu0ono=,Fmzx5VegKHoD/3Jtc4vk4mOL7mM=
-14,55,pXxzdw2pk+nXQKEOPRk64Pu0ono=,DD634xrPpWv8CCrV6d127jAPl+Q=
-4,54,pXxzdw2pk+nXQKEOPRk64Pu0ono=,Fmzx5VegKHoD/3Jtc4vk4mOL7mM=
-9,55,pXxzdw2pk+nXQKEOPRk64Pu0ono=,DD634xrPpWv8CCrV6d127jAPl+Q=
-6,54,pXxzdw2pk+nXQKEOPRk64Pu0ono=,Fmzx5VegKHoD/3Jtc4vk4mOL7mM=
-3,56,pXxzdw2pk+nXQKEOPRk64Pu0ono=,Fmzx5VegKHoD/3Jtc4vk4mOL7mM=
-15,55,pXxzdw2pk+nXQKEOPRk64Pu0ono=,DD634xrPpWv8CCrV6d127jAPl+Q=
-8,55,pXxzdw2pk+nXQKEOPRk64Pu0ono=,Fmzx5VegKHoD/3Jtc4vk4mOL7mM=
-9,62,pXxzdw2pk+nXQKEOPRk64Pu0ono=,DD634xrPpWv8CCrV6d127jAPl+Q=
-10,62,pXxzdw2pk+nXQKEOPRk64Pu0ono=,DD634xrPpWv8CCrV6d127jAPl+Q=
-15,56,pXxzdw2pk+nXQKEOPRk64Pu0ono=,DD634xrPpWv8CCrV6d127jAPl+Q=
-5,61,pXxzdw2pk+nXQKEOPRk64Pu0ono=,Fmzx5VegKHoD/3Jtc4vk4mOL7mM=
-11,62,pXxzdw2pk+nXQKEOPRk64Pu0ono=,DD634xrPpWv8CCrV6d127jAPl+Q=
-2,56,pXxzdw2pk+nXQKEOPRk64Pu0ono=,Fmzx5VegKHoD/3Jtc4vk4mOL7mM=
-12,62,pXxzdw2pk+nXQKEOPRk64Pu0ono=,DD634xrPpWv8CCrV6d127jAPl+Q=
-13,62,pXxzdw2pk+nXQKEOPRk64Pu0ono=,DD634xrPpWv8CCrV6d127jAPl+Q=
-14,62,pXxzdw2pk+nXQKEOPRk64Pu0ono=,DD634xrPpWv8CCrV6d127jAPl+Q=
-14,56,pXxzdw2pk+nXQKEOPRk64Pu0ono=,DD634xrPpWv8CCrV6d127jAPl+Q=
-15,62,pXxzdw2pk+nXQKEOPRk64Pu0ono=,DD634xrPpWv8CCrV6d127jAPl+Q=
-8,61,pXxzdw2pk+nXQKEOPRk64Pu0ono=,Fmzx5VegKHoD/3Jtc4vk4mOL7mM=
-7,57,pXxzdw2pk+nXQKEOPRk64Pu0ono=,Fmzx5VegKHoD/3Jtc4vk4mOL7mM=
-9,61,pXxzdw2pk+nXQKEOPRk64Pu0ono=,DD634xrPpWv8CCrV6d127jAPl+Q=
-10,61,pXxzdw2pk+nXQKEOPRk64Pu0ono=,DD634xrPpWv8CCrV6d127jAPl+Q=
-11,61,pXxzdw2pk+nXQKEOPRk64Pu0ono=,DD634xrPpWv8CCrV6d127jAPl+Q=
-13,56,pXxzdw2pk+nXQKEOPRk64Pu0ono=,DD634xrPpWv8CCrV6d127jAPl+Q=
-12,61,pXxzdw2pk+nXQKEOPRk64Pu0ono=,DD634xrPpWv8CCrV6d127jAPl+Q=
-13,61,pXxzdw2pk+nXQKEOPRk64Pu0ono=,DD634xrPpWv8CCrV6d127jAPl+Q=
-14,61,pXxzdw2pk+nXQKEOPRk64Pu0ono=,DD634xrPpWv8CCrV6d127jAPl+Q=
-6,57,pXxzdw2pk+nXQKEOPRk64Pu0ono=,Fmzx5VegKHoD/3Jtc4vk4mOL7mM=
-15,61,pXxzdw2pk+nXQKEOPRk64Pu0ono=,DD634xrPpWv8CCrV6d127jAPl+Q=
-8,60,pXxzdw2pk+nXQKEOPRk64Pu0ono=,Fmzx5VegKHoD/3Jtc4vk4mOL7mM=
-8,62,pXxzdw2pk+nXQKEOPRk64Pu0ono=,Fmzx5VegKHoD/3Jtc4vk4mOL7mM=
-9,60,pXxzdw2pk+nXQKEOPRk64Pu0ono=,DD634xrPpWv8CCrV6d127jAPl+Q=
-10,60,pXxzdw2pk+nXQKEOPRk64Pu0ono=,DD634xrPpWv8CCrV6d127jAPl+Q=
-11,60,pXxzdw2pk+nXQKEOPRk64Pu0ono=,DD634xrPpWv8CCrV6d127jAPl+Q=
-5,57,pXxzdw2pk+nXQKEOPRk64Pu0ono=,Fmzx5VegKHoD/3Jtc4vk4mOL7mM=
-12,60,pXxzdw2pk+nXQKEOPRk64Pu0ono=,DD634xrPpWv8CCrV6d127jAPl+Q=
-13,60,pXxzdw2pk+nXQKEOPRk64Pu0ono=,DD634xrPpWv8CCrV6d127jAPl+Q=
-8,56,pXxzdw2pk+nXQKEOPRk64Pu0ono=,Fmzx5VegKHoD/3Jtc4vk4mOL7mM=
-14,60,pXxzdw2pk+nXQKEOPRk64Pu0ono=,DD634xrPpWv8CCrV6d127jAPl+Q=
-9,59,pXxzdw2pk+nXQKEOPRk64Pu0ono=,DD634xrPpWv8CCrV6d127jAPl+Q=
-15,60,pXxzdw2pk+nXQKEOPRk64Pu0ono=,DD634xrPpWv8CCrV6d127jAPl+Q=
-4,57,pXxzdw2pk+nXQKEOPRk64Pu0ono=,Fmzx5VegKHoD/3Jtc4vk4mOL7mM=
-10,59,pXxzdw2pk+nXQKEOPRk64Pu0ono=,DD634xrPpWv8CCrV6d127jAPl+Q=
-11,59,pXxzdw2pk+nXQKEOPRk64Pu0ono=,DD634xrPpWv8CCrV6d127jAPl+Q=
-12,56,pXxzdw2pk+nXQKEOPRk64Pu0ono=,DD634xrPpWv8CCrV6d127jAPl+Q=
-12,59,pXxzdw2pk+nXQKEOPRk64Pu0ono=,DD634xrPpWv8CCrV6d127jAPl+Q=
-14,59,pXxzdw2pk+nXQKEOPRk64Pu0ono=,DD634xrPpWv8CCrV6d127jAPl+Q=
-13,59,pXxzdw2pk+nXQKEOPRk64Pu0ono=,DD634xrPpWv8CCrV6d127jAPl+Q=
-3,57,pXxzdw2pk+nXQKEOPRk64Pu0ono=,Fmzx5VegKHoD/3Jtc4vk4mOL7mM=
-15,59,pXxzdw2pk+nXQKEOPRk64Pu0ono=,DD634xrPpWv8CCrV6d127jAPl+Q=
-6,61,pXxzdw2pk+nXQKEOPRk64Pu0ono=,Fmzx5VegKHoD/3Jtc4vk4mOL7mM=
-9,58,pXxzdw2pk+nXQKEOPRk64Pu0ono=,DD634xrPpWv8CCrV6d127jAPl+Q=
-11,56,pXxzdw2pk+nXQKEOPRk64Pu0ono=,DD634xrPpWv8CCrV6d127jAPl+Q=
-8,59,pXxzdw2pk+nXQKEOPRk64Pu0ono=,Fmzx5VegKHoD/3Jtc4vk4mOL7mM=
-2,57,pXxzdw2pk+nXQKEOPRk64Pu0ono=,Fmzx5VegKHoD/3Jtc4vk4mOL7mM=
-10,58,pXxzdw2pk+nXQKEOPRk64Pu0ono=,DD634xrPpWv8CCrV6d127jAPl+Q=
-11,58,pXxzdw2pk+nXQKEOPRk64Pu0ono=,DD634xrPpWv8CCrV6d127jAPl+Q=
-12,58,pXxzdw2pk+nXQKEOPRk64Pu0ono=,DD634xrPpWv8CCrV6d127jAPl+Q=
-14,58,pXxzdw2pk+nXQKEOPRk64Pu0ono=,DD634xrPpWv8CCrV6d127jAPl+Q=
-10,56,pXxzdw2pk+nXQKEOPRk64Pu0ono=,DD634xrPpWv8CCrV6d127jAPl+Q=
-13,58,pXxzdw2pk+nXQKEOPRk64Pu0ono=,DD634xrPpWv8CCrV6d127jAPl+Q=
-15,58,pXxzdw2pk+nXQKEOPRk64Pu0ono=,DD634xrPpWv8CCrV6d127jAPl+Q=
-7,58,pXxzdw2pk+nXQKEOPRk64Pu0ono=,Fmzx5VegKHoD/3Jtc4vk4mOL7mM=
-8,58,pXxzdw2pk+nXQKEOPRk64Pu0ono=,Fmzx5VegKHoD/3Jtc4vk4mOL7mM=
-10,57,pXxzdw2pk+nXQKEOPRk64Pu0ono=,DD634xrPpWv8CCrV6d127jAPl+Q=
-9,57,pXxzdw2pk+nXQKEOPRk64Pu0ono=,DD634xrPpWv8CCrV6d127jAPl+Q=
-9,56,pXxzdw2pk+nXQKEOPRk64Pu0ono=,DD634xrPpWv8CCrV6d127jAPl+Q=
-11,57,pXxzdw2pk+nXQKEOPRk64Pu0ono=,DD634xrPpWv8CCrV6d127jAPl+Q=
-12,57,pXxzdw2pk+nXQKEOPRk64Pu0ono=,DD634xrPpWv8CCrV6d127jAPl+Q=
-6,58,pXxzdw2pk+nXQKEOPRk64Pu0ono=,Fmzx5VegKHoD/3Jtc4vk4mOL7mM=
-13,57,pXxzdw2pk+nXQKEOPRk64Pu0ono=,DD634xrPpWv8CCrV6d127jAPl+Q=
-14,57,pXxzdw2pk+nXQKEOPRk64Pu0ono=,DD634xrPpWv8CCrV6d127jAPl+Q=
-15,57,pXxzdw2pk+nXQKEOPRk64Pu0ono=,DD634xrPpWv8CCrV6d127jAPl+Q=
-8,57,pXxzdw2pk+nXQKEOPRk64Pu0ono=,Fmzx5VegKHoD/3Jtc4vk4mOL7mM=
-2,55,pXxzdw2pk+nXQKEOPRk64Pu0ono=,Fmzx5VegKHoD/3Jtc4vk4mOL7mM=
-7,61,pXxzdw2pk+nXQKEOPRk64Pu0ono=,Fmzx5VegKHoD/3Jtc4vk4mOL7mM=
-3,55,pXxzdw2pk+nXQKEOPRk64Pu0ono=,Fmzx5VegKHoD/3Jtc4vk4mOL7mM=
-4,55,pXxzdw2pk+nXQKEOPRk64Pu0ono=,Fmzx5VegKHoD/3Jtc4vk4mOL7mM=
-5,58,pXxzdw2pk+nXQKEOPRk64Pu0ono=,Fmzx5VegKHoD/3Jtc4vk4mOL7mM=
-5,55,pXxzdw2pk+nXQKEOPRk64Pu0ono=,Fmzx5VegKHoD/3Jtc4vk4mOL7mM=
-6,55,pXxzdw2pk+nXQKEOPRk64Pu0ono=,Fmzx5VegKHoD/3Jtc4vk4mOL7mM=
-2,60,pXxzdw2pk+nXQKEOPRk64Pu0ono=,Fmzx5VegKHoD/3Jtc4vk4mOL7mM=
-7,55,pXxzdw2pk+nXQKEOPRk64Pu0ono=,Fmzx5VegKHoD/3Jtc4vk4mOL7mM=
-4,58,pXxzdw2pk+nXQKEOPRk64Pu0ono=,Fmzx5VegKHoD/3Jtc4vk4mOL7mM=
-4,60,pXxzdw2pk+nXQKEOPRk64Pu0ono=,Fmzx5VegKHoD/3Jtc4vk4mOL7mM=
-3,60,pXxzdw2pk+nXQKEOPRk64Pu0ono=,Fmzx5VegKHoD/3Jtc4vk4mOL7mM=
-5,60,pXxzdw2pk+nXQKEOPRk64Pu0ono=,Fmzx5VegKHoD/3Jtc4vk4mOL7mM=
-6,60,pXxzdw2pk+nXQKEOPRk64Pu0ono=,Fmzx5VegKHoD/3Jtc4vk4mOL7mM=
-7,60,pXxzdw2pk+nXQKEOPRk64Pu0ono=,Fmzx5VegKHoD/3Jtc4vk4mOL7mM=
-2,59,pXxzdw2pk+nXQKEOPRk64Pu0ono=,Fmzx5VegKHoD/3Jtc4vk4mOL7mM=
-3,58,pXxzdw2pk+nXQKEOPRk64Pu0ono=,Fmzx5VegKHoD/3Jtc4vk4mOL7mM=
-4,59,pXxzdw2pk+nXQKEOPRk64Pu0ono=,Fmzx5VegKHoD/3Jtc4vk4mOL7mM=
-3,59,pXxzdw2pk+nXQKEOPRk64Pu0ono=,Fmzx5VegKHoD/3Jtc4vk4mOL7mM=
-5,59,pXxzdw2pk+nXQKEOPRk64Pu0ono=,Fmzx5VegKHoD/3Jtc4vk4mOL7mM=
-7,59,pXxzdw2pk+nXQKEOPRk64Pu0ono=,Fmzx5VegKHoD/3Jtc4vk4mOL7mM=
-2,58,pXxzdw2pk+nXQKEOPRk64Pu0ono=,Fmzx5VegKHoD/3Jtc4vk4mOL7mM=
-6,59,pXxzdw2pk+nXQKEOPRk64Pu0ono=,Fmzx5VegKHoD/3Jtc4vk4mOL7mM=
-1,53,pXxzdw2pk+nXQKEOPRk64Pu0ono=,Fmzx5VegKHoD/3Jtc4vk4mOL7mM=
-1,49,pXxzdw2pk+nXQKEOPRk64Pu0ono=,Fmzx5VegKHoD/3Jtc4vk4mOL7mM=
-1,50,pXxzdw2pk+nXQKEOPRk64Pu0ono=,Fmzx5VegKHoD/3Jtc4vk4mOL7mM=
-1,52,pXxzdw2pk+nXQKEOPRk64Pu0ono=,Fmzx5VegKHoD/3Jtc4vk4mOL7mM=
-1,54,pXxzdw2pk+nXQKEOPRk64Pu0ono=,Fmzx5VegKHoD/3Jtc4vk4mOL7mM=
-1,51,pXxzdw2pk+nXQKEOPRk64Pu0ono=,Fmzx5VegKHoD/3Jtc4vk4mOL7mM=
-12,63,pXxzdw2pk+nXQKEOPRk64Pu0ono=,DD634xrPpWv8CCrV6d127jAPl+Q=
-5,63,pXxzdw2pk+nXQKEOPRk64Pu0ono=,Fmzx5VegKHoD/3Jtc4vk4mOL7mM=
-6,63,pXxzdw2pk+nXQKEOPRk64Pu0ono=,Fmzx5VegKHoD/3Jtc4vk4mOL7mM=
-4,63,pXxzdw2pk+nXQKEOPRk64Pu0ono=,Fmzx5VegKHoD/3Jtc4vk4mOL7mM=
-2,63,pXxzdw2pk+nXQKEOPRk64Pu0ono=,Fmzx5VegKHoD/3Jtc4vk4mOL7mM=
-7,63,pXxzdw2pk+nXQKEOPRk64Pu0ono=,Fmzx5VegKHoD/3Jtc4vk4mOL7mM=
-3,63,pXxzdw2pk+nXQKEOPRk64Pu0ono=,Fmzx5VegKHoD/3Jtc4vk4mOL7mM=
-13,63,pXxzdw2pk+nXQKEOPRk64Pu0ono=,DD634xrPpWv8CCrV6d127jAPl+Q=
-16,62,pXxzdw2pk+nXQKEOPRk64Pu0ono=,DD634xrPpWv8CCrV6d127jAPl+Q=
-14,63,pXxzdw2pk+nXQKEOPRk64Pu0ono=,DD634xrPpWv8CCrV6d127jAPl+Q=
-8,63,pXxzdw2pk+nXQKEOPRk64Pu0ono=,Fmzx5VegKHoD/3Jtc4vk4mOL7mM=
-16,57,pXxzdw2pk+nXQKEOPRk64Pu0ono=,DD634xrPpWv8CCrV6d127jAPl+Q=
-9,63,pXxzdw2pk+nXQKEOPRk64Pu0ono=,DD634xrPpWv8CCrV6d127jAPl+Q=
-15,63,pXxzdw2pk+nXQKEOPRk64Pu0ono=,DD634xrPpWv8CCrV6d127jAPl+Q=
-16,61,pXxzdw2pk+nXQKEOPRk64Pu0ono=,DD634xrPpWv8CCrV6d127jAPl+Q=
-16,60,pXxzdw2pk+nXQKEOPRk64Pu0ono=,DD634xrPpWv8CCrV6d127jAPl+Q=
-10,63,pXxzdw2pk+nXQKEOPRk64Pu0ono=,DD634xrPpWv8CCrV6d127jAPl+Q=
-16,59,pXxzdw2pk+nXQKEOPRk64Pu0ono=,DD634xrPpWv8CCrV6d127jAPl+Q=
-16,58,pXxzdw2pk+nXQKEOPRk64Pu0ono=,DD634xrPpWv8CCrV6d127jAPl+Q=
-11,63,pXxzdw2pk+nXQKEOPRk64Pu0ono=,DD634xrPpWv8CCrV6d127jAPl+Q=
-16,53,pXxzdw2pk+nXQKEOPRk64Pu0ono=,DD634xrPpWv8CCrV6d127jAPl+Q=
-16,54,pXxzdw2pk+nXQKEOPRk64Pu0ono=,DD634xrPpWv8CCrV6d127jAPl+Q=
-16,55,pXxzdw2pk+nXQKEOPRk64Pu0ono=,DD634xrPpWv8CCrV6d127jAPl+Q=
-16,51,pXxzdw2pk+nXQKEOPRk64Pu0ono=,DD634xrPpWv8CCrV6d127jAPl+Q=
-16,56,pXxzdw2pk+nXQKEOPRk64Pu0ono=,DD634xrPpWv8CCrV6d127jAPl+Q=
-16,52,pXxzdw2pk+nXQKEOPRk64Pu0ono=,DD634xrPpWv8CCrV6d127jAPl+Q=
-16,49,pXxzdw2pk+nXQKEOPRk64Pu0ono=,DD634xrPpWv8CCrV6d127jAPl+Q=
-16,50,pXxzdw2pk+nXQKEOPRk64Pu0ono=,DD634xrPpWv8CCrV6d127jAPl+Q=
-1,58,pXxzdw2pk+nXQKEOPRk64Pu0ono=,Fmzx5VegKHoD/3Jtc4vk4mOL7mM=
-1,60,pXxzdw2pk+nXQKEOPRk64Pu0ono=,Fmzx5VegKHoD/3Jtc4vk4mOL7mM=
-1,55,pXxzdw2pk+nXQKEOPRk64Pu0ono=,Fmzx5VegKHoD/3Jtc4vk4mOL7mM=
-1,61,pXxzdw2pk+nXQKEOPRk64Pu0ono=,Fmzx5VegKHoD/3Jtc4vk4mOL7mM=
-1,57,pXxzdw2pk+nXQKEOPRk64Pu0ono=,Fmzx5VegKHoD/3Jtc4vk4mOL7mM=
-1,59,pXxzdw2pk+nXQKEOPRk64Pu0ono=,Fmzx5VegKHoD/3Jtc4vk4mOL7mM=
-1,62,pXxzdw2pk+nXQKEOPRk64Pu0ono=,Fmzx5VegKHoD/3Jtc4vk4mOL7mM=
-1,56,pXxzdw2pk+nXQKEOPRk64Pu0ono=,Fmzx5VegKHoD/3Jtc4vk4mOL7mM=
-1,63,pXxzdw2pk+nXQKEOPRk64Pu0ono=,Fmzx5VegKHoD/3Jtc4vk4mOL7mM=
-16,63,pXxzdw2pk+nXQKEOPRk64Pu0ono=,DD634xrPpWv8CCrV6d127jAPl+Q=
-7,48,fD9e+8dQ16FkHgLzmUT/StYVQF0=,Fmzx5VegKHoD/3Jtc4vk4mOL7mM=
-3,48,fD9e+8dQ16FkHgLzmUT/StYVQF0=,Fmzx5VegKHoD/3Jtc4vk4mOL7mM=
-5,48,fD9e+8dQ16FkHgLzmUT/StYVQF0=,Fmzx5VegKHoD/3Jtc4vk4mOL7mM=
-1,48,fD9e+8dQ16FkHgLzmUT/StYVQF0=,Fmzx5VegKHoD/3Jtc4vk4mOL7mM=
-4,48,fD9e+8dQ16FkHgLzmUT/StYVQF0=,Fmzx5VegKHoD/3Jtc4vk4mOL7mM=
-6,48,fD9e+8dQ16FkHgLzmUT/StYVQF0=,Fmzx5VegKHoD/3Jtc4vk4mOL7mM=
-2,48,fD9e+8dQ16FkHgLzmUT/StYVQF0=,Fmzx5VegKHoD/3Jtc4vk4mOL7mM=
-12,48,fD9e+8dQ16FkHgLzmUT/StYVQF0=,DD634xrPpWv8CCrV6d127jAPl+Q=
-11,48,fD9e+8dQ16FkHgLzmUT/StYVQF0=,DD634xrPpWv8CCrV6d127jAPl+Q=
-14,48,fD9e+8dQ16FkHgLzmUT/StYVQF0=,DD634xrPpWv8CCrV6d127jAPl+Q=
-8,48,fD9e+8dQ16FkHgLzmUT/StYVQF0=,Fmzx5VegKHoD/3Jtc4vk4mOL7mM=
-9,48,fD9e+8dQ16FkHgLzmUT/StYVQF0=,DD634xrPpWv8CCrV6d127jAPl+Q=
-16,48,fD9e+8dQ16FkHgLzmUT/StYVQF0=,DD634xrPpWv8CCrV6d127jAPl+Q=
-10,48,fD9e+8dQ16FkHgLzmUT/StYVQF0=,DD634xrPpWv8CCrV6d127jAPl+Q=
-15,48,fD9e+8dQ16FkHgLzmUT/StYVQF0=,DD634xrPpWv8CCrV6d127jAPl+Q=
-13,48,fD9e+8dQ16FkHgLzmUT/StYVQF0=,DD634xrPpWv8CCrV6d127jAPl+Q=
-15,41,LNUfme4+0ODYg/SR+dAA+IqkSyg=,DD634xrPpWv8CCrV6d127jAPl+Q=
-12,39,LNUfme4+0ODYg/SR+dAA+IqkSyg=,DD634xrPpWv8CCrV6d127jAPl+Q=
-15,36,LNUfme4+0ODYg/SR+dAA+IqkSyg=,DD634xrPpWv8CCrV6d127jAPl+Q=
-14,36,LNUfme4+0ODYg/SR+dAA+IqkSyg=,DD634xrPpWv8CCrV6d127jAPl+Q=
-14,41,LNUfme4+0ODYg/SR+dAA+IqkSyg=,DD634xrPpWv8CCrV6d127jAPl+Q=
-11,39,LNUfme4+0ODYg/SR+dAA+IqkSyg=,DD634xrPpWv8CCrV6d127jAPl+Q=
-13,41,LNUfme4+0ODYg/SR+dAA+IqkSyg=,DD634xrPpWv8CCrV6d127jAPl+Q=
-12,41,LNUfme4+0ODYg/SR+dAA+IqkSyg=,DD634xrPpWv8CCrV6d127jAPl+Q=
-11,38,LNUfme4+0ODYg/SR+dAA+IqkSyg=,DD634xrPpWv8CCrV6d127jAPl+Q=
-10,36,LNUfme4+0ODYg/SR+dAA+IqkSyg=,DD634xrPpWv8CCrV6d127jAPl+Q=
-14,34,LNUfme4+0ODYg/SR+dAA+IqkSyg=,DD634xrPpWv8CCrV6d127jAPl+Q=
-10,46,LNUfme4+0ODYg/SR+dAA+IqkSyg=,DD634xrPpWv8CCrV6d127jAPl+Q=
-4,45,LNUfme4+0ODYg/SR+dAA+IqkSyg=,1wINfmaxpV6LkELSUqU21Mh9dVk=
-11,46,LNUfme4+0ODYg/SR+dAA+IqkSyg=,DD634xrPpWv8CCrV6d127jAPl+Q=
-12,46,LNUfme4+0ODYg/SR+dAA+IqkSyg=,DD634xrPpWv8CCrV6d127jAPl+Q=
-5,45,LNUfme4+0ODYg/SR+dAA+IqkSyg=,1wINfmaxpV6LkELSUqU21Mh9dVk=
-10,39,LNUfme4+0ODYg/SR+dAA+IqkSyg=,DD634xrPpWv8CCrV6d127jAPl+Q=
-15,35,LNUfme4+0ODYg/SR+dAA+IqkSyg=,DD634xrPpWv8CCrV6d127jAPl+Q=
-3,45,LNUfme4+0ODYg/SR+dAA+IqkSyg=,1wINfmaxpV6LkELSUqU21Mh9dVk=
-6,45,LNUfme4+0ODYg/SR+dAA+IqkSyg=,1wINfmaxpV6LkELSUqU21Mh9dVk=
-13,46,LNUfme4+0ODYg/SR+dAA+IqkSyg=,DD634xrPpWv8CCrV6d127jAPl+Q=
-13,34,LNUfme4+0ODYg/SR+dAA+IqkSyg=,DD634xrPpWv8CCrV6d127jAPl+Q=
-2,45,LNUfme4+0ODYg/SR+dAA+IqkSyg=,1wINfmaxpV6LkELSUqU21Mh9dVk=
-12,34,LNUfme4+0ODYg/SR+dAA+IqkSyg=,DD634xrPpWv8CCrV6d127jAPl+Q=
-7,45,LNUfme4+0ODYg/SR+dAA+IqkSyg=,1wINfmaxpV6LkELSUqU21Mh9dVk=
-8,46,LNUfme4+0ODYg/SR+dAA+IqkSyg=,1wINfmaxpV6LkELSUqU21Mh9dVk=
-8,45,LNUfme4+0ODYg/SR+dAA+IqkSyg=,1wINfmaxpV6LkELSUqU21Mh9dVk=
-2,44,LNUfme4+0ODYg/SR+dAA+IqkSyg=,1wINfmaxpV6LkELSUqU21Mh9dVk=
-14,46,LNUfme4+0ODYg/SR+dAA+IqkSyg=,DD634xrPpWv8CCrV6d127jAPl+Q=
-12,33,LNUfme4+0ODYg/SR+dAA+IqkSyg=,DD634xrPpWv8CCrV6d127jAPl+Q=
-7,46,LNUfme4+0ODYg/SR+dAA+IqkSyg=,1wINfmaxpV6LkELSUqU21Mh9dVk=
-11,36,LNUfme4+0ODYg/SR+dAA+IqkSyg=,DD634xrPpWv8CCrV6d127jAPl+Q=
-13,39,LNUfme4+0ODYg/SR+dAA+IqkSyg=,DD634xrPpWv8CCrV6d127jAPl+Q=
-3,44,LNUfme4+0ODYg/SR+dAA+IqkSyg=,1wINfmaxpV6LkELSUqU21Mh9dVk=
-10,37,LNUfme4+0ODYg/SR+dAA+IqkSyg=,DD634xrPpWv8CCrV6d127jAPl+Q=
-6,46,LNUfme4+0ODYg/SR+dAA+IqkSyg=,1wINfmaxpV6LkELSUqU21Mh9dVk=
-15,40,LNUfme4+0ODYg/SR+dAA+IqkSyg=,DD634xrPpWv8CCrV6d127jAPl+Q=
-5,46,LNUfme4+0ODYg/SR+dAA+IqkSyg=,1wINfmaxpV6LkELSUqU21Mh9dVk=
-15,46,LNUfme4+0ODYg/SR+dAA+IqkSyg=,DD634xrPpWv8CCrV6d127jAPl+Q=
-11,34,LNUfme4+0ODYg/SR+dAA+IqkSyg=,DD634xrPpWv8CCrV6d127jAPl+Q=
-8,41,LNUfme4+0ODYg/SR+dAA+IqkSyg=,1wINfmaxpV6LkELSUqU21Mh9dVk=
-14,39,LNUfme4+0ODYg/SR+dAA+IqkSyg=,DD634xrPpWv8CCrV6d127jAPl+Q=
-15,39,LNUfme4+0ODYg/SR+dAA+IqkSyg=,DD634xrPpWv8CCrV6d127jAPl+Q=
-11,33,LNUfme4+0ODYg/SR+dAA+IqkSyg=,DD634xrPpWv8CCrV6d127jAPl+Q=
-4,46,LNUfme4+0ODYg/SR+dAA+IqkSyg=,1wINfmaxpV6LkELSUqU21Mh9dVk=
-10,45,LNUfme4+0ODYg/SR+dAA+IqkSyg=,DD634xrPpWv8CCrV6d127jAPl+Q=
-14,40,LNUfme4+0ODYg/SR+dAA+IqkSyg=,DD634xrPpWv8CCrV6d127jAPl+Q=
-3,46,LNUfme4+0ODYg/SR+dAA+IqkSyg=,1wINfmaxpV6LkELSUqU21Mh9dVk=
-11,45,LNUfme4+0ODYg/SR+dAA+IqkSyg=,DD634xrPpWv8CCrV6d127jAPl+Q=
-10,33,LNUfme4+0ODYg/SR+dAA+IqkSyg=,DD634xrPpWv8CCrV6d127jAPl+Q=
-7,41,LNUfme4+0ODYg/SR+dAA+IqkSyg=,1wINfmaxpV6LkELSUqU21Mh9dVk=
-13,40,LNUfme4+0ODYg/SR+dAA+IqkSyg=,DD634xrPpWv8CCrV6d127jAPl+Q=
-6,41,LNUfme4+0ODYg/SR+dAA+IqkSyg=,1wINfmaxpV6LkELSUqU21Mh9dVk=
-13,36,LNUfme4+0ODYg/SR+dAA+IqkSyg=,DD634xrPpWv8CCrV6d127jAPl+Q=
-5,41,LNUfme4+0ODYg/SR+dAA+IqkSyg=,1wINfmaxpV6LkELSUqU21Mh9dVk=
-12,40,LNUfme4+0ODYg/SR+dAA+IqkSyg=,DD634xrPpWv8CCrV6d127jAPl+Q=
-4,41,LNUfme4+0ODYg/SR+dAA+IqkSyg=,1wINfmaxpV6LkELSUqU21Mh9dVk=
-10,38,LNUfme4+0ODYg/SR+dAA+IqkSyg=,DD634xrPpWv8CCrV6d127jAPl+Q=
-10,34,LNUfme4+0ODYg/SR+dAA+IqkSyg=,DD634xrPpWv8CCrV6d127jAPl+Q=
-9,41,LNUfme4+0ODYg/SR+dAA+IqkSyg=,DD634xrPpWv8CCrV6d127jAPl+Q=
-2,46,LNUfme4+0ODYg/SR+dAA+IqkSyg=,1wINfmaxpV6LkELSUqU21Mh9dVk=
-11,40,LNUfme4+0ODYg/SR+dAA+IqkSyg=,DD634xrPpWv8CCrV6d127jAPl+Q=
-3,41,LNUfme4+0ODYg/SR+dAA+IqkSyg=,1wINfmaxpV6LkELSUqU21Mh9dVk=
-10,40,LNUfme4+0ODYg/SR+dAA+IqkSyg=,DD634xrPpWv8CCrV6d127jAPl+Q=
-2,41,LNUfme4+0ODYg/SR+dAA+IqkSyg=,1wINfmaxpV6LkELSUqU21Mh9dVk=
-12,36,LNUfme4+0ODYg/SR+dAA+IqkSyg=,DD634xrPpWv8CCrV6d127jAPl+Q=
-8,42,LNUfme4+0ODYg/SR+dAA+IqkSyg=,1wINfmaxpV6LkELSUqU21Mh9dVk=
-15,34,LNUfme4+0ODYg/SR+dAA+IqkSyg=,DD634xrPpWv8CCrV6d127jAPl+Q=
-7,42,LNUfme4+0ODYg/SR+dAA+IqkSyg=,1wINfmaxpV6LkELSUqU21Mh9dVk=
-15,37,LNUfme4+0ODYg/SR+dAA+IqkSyg=,DD634xrPpWv8CCrV6d127jAPl+Q=
-6,42,LNUfme4+0ODYg/SR+dAA+IqkSyg=,1wINfmaxpV6LkELSUqU21Mh9dVk=
-14,37,LNUfme4+0ODYg/SR+dAA+IqkSyg=,DD634xrPpWv8CCrV6d127jAPl+Q=
-5,42,LNUfme4+0ODYg/SR+dAA+IqkSyg=,1wINfmaxpV6LkELSUqU21Mh9dVk=
-13,37,LNUfme4+0ODYg/SR+dAA+IqkSyg=,DD634xrPpWv8CCrV6d127jAPl+Q=
-4,42,LNUfme4+0ODYg/SR+dAA+IqkSyg=,1wINfmaxpV6LkELSUqU21Mh9dVk=
-14,35,LNUfme4+0ODYg/SR+dAA+IqkSyg=,DD634xrPpWv8CCrV6d127jAPl+Q=
-9,42,LNUfme4+0ODYg/SR+dAA+IqkSyg=,DD634xrPpWv8CCrV6d127jAPl+Q=
-3,42,LNUfme4+0ODYg/SR+dAA+IqkSyg=,1wINfmaxpV6LkELSUqU21Mh9dVk=
-12,37,LNUfme4+0ODYg/SR+dAA+IqkSyg=,DD634xrPpWv8CCrV6d127jAPl+Q=
-2,42,LNUfme4+0ODYg/SR+dAA+IqkSyg=,1wINfmaxpV6LkELSUqU21Mh9dVk=
-11,37,LNUfme4+0ODYg/SR+dAA+IqkSyg=,DD634xrPpWv8CCrV6d127jAPl+Q=
-9,43,LNUfme4+0ODYg/SR+dAA+IqkSyg=,DD634xrPpWv8CCrV6d127jAPl+Q=
-15,38,LNUfme4+0ODYg/SR+dAA+IqkSyg=,DD634xrPpWv8CCrV6d127jAPl+Q=
-8,43,LNUfme4+0ODYg/SR+dAA+IqkSyg=,1wINfmaxpV6LkELSUqU21Mh9dVk=
-13,35,LNUfme4+0ODYg/SR+dAA+IqkSyg=,DD634xrPpWv8CCrV6d127jAPl+Q=
-7,43,LNUfme4+0ODYg/SR+dAA+IqkSyg=,1wINfmaxpV6LkELSUqU21Mh9dVk=
-6,43,LNUfme4+0ODYg/SR+dAA+IqkSyg=,1wINfmaxpV6LkELSUqU21Mh9dVk=
-14,38,LNUfme4+0ODYg/SR+dAA+IqkSyg=,DD634xrPpWv8CCrV6d127jAPl+Q=
-15,33,LNUfme4+0ODYg/SR+dAA+IqkSyg=,DD634xrPpWv8CCrV6d127jAPl+Q=
-5,43,LNUfme4+0ODYg/SR+dAA+IqkSyg=,1wINfmaxpV6LkELSUqU21Mh9dVk=
-4,43,LNUfme4+0ODYg/SR+dAA+IqkSyg=,1wINfmaxpV6LkELSUqU21Mh9dVk=
-14,33,LNUfme4+0ODYg/SR+dAA+IqkSyg=,DD634xrPpWv8CCrV6d127jAPl+Q=
-9,44,LNUfme4+0ODYg/SR+dAA+IqkSyg=,DD634xrPpWv8CCrV6d127jAPl+Q=
-12,35,LNUfme4+0ODYg/SR+dAA+IqkSyg=,DD634xrPpWv8CCrV6d127jAPl+Q=
-3,43,LNUfme4+0ODYg/SR+dAA+IqkSyg=,1wINfmaxpV6LkELSUqU21Mh9dVk=
-2,43,LNUfme4+0ODYg/SR+dAA+IqkSyg=,1wINfmaxpV6LkELSUqU21Mh9dVk=
-11,35,LNUfme4+0ODYg/SR+dAA+IqkSyg=,DD634xrPpWv8CCrV6d127jAPl+Q=
-13,33,LNUfme4+0ODYg/SR+dAA+IqkSyg=,DD634xrPpWv8CCrV6d127jAPl+Q=
-13,38,LNUfme4+0ODYg/SR+dAA+IqkSyg=,DD634xrPpWv8CCrV6d127jAPl+Q=
-8,44,LNUfme4+0ODYg/SR+dAA+IqkSyg=,1wINfmaxpV6LkELSUqU21Mh9dVk=
-7,44,LNUfme4+0ODYg/SR+dAA+IqkSyg=,1wINfmaxpV6LkELSUqU21Mh9dVk=
-10,35,LNUfme4+0ODYg/SR+dAA+IqkSyg=,DD634xrPpWv8CCrV6d127jAPl+Q=
-9,45,LNUfme4+0ODYg/SR+dAA+IqkSyg=,DD634xrPpWv8CCrV6d127jAPl+Q=
-12,38,LNUfme4+0ODYg/SR+dAA+IqkSyg=,DD634xrPpWv8CCrV6d127jAPl+Q=
-6,44,LNUfme4+0ODYg/SR+dAA+IqkSyg=,1wINfmaxpV6LkELSUqU21Mh9dVk=
-4,44,LNUfme4+0ODYg/SR+dAA+IqkSyg=,1wINfmaxpV6LkELSUqU21Mh9dVk=
-9,46,LNUfme4+0ODYg/SR+dAA+IqkSyg=,DD634xrPpWv8CCrV6d127jAPl+Q=
-5,44,LNUfme4+0ODYg/SR+dAA+IqkSyg=,1wINfmaxpV6LkELSUqU21Mh9dVk=
-13,45,LNUfme4+0ODYg/SR+dAA+IqkSyg=,DD634xrPpWv8CCrV6d127jAPl+Q=
-12,45,LNUfme4+0ODYg/SR+dAA+IqkSyg=,DD634xrPpWv8CCrV6d127jAPl+Q=
-14,45,LNUfme4+0ODYg/SR+dAA+IqkSyg=,DD634xrPpWv8CCrV6d127jAPl+Q=
-15,45,LNUfme4+0ODYg/SR+dAA+IqkSyg=,DD634xrPpWv8CCrV6d127jAPl+Q=
-10,44,LNUfme4+0ODYg/SR+dAA+IqkSyg=,DD634xrPpWv8CCrV6d127jAPl+Q=
-11,44,LNUfme4+0ODYg/SR+dAA+IqkSyg=,DD634xrPpWv8CCrV6d127jAPl+Q=
-12,44,LNUfme4+0ODYg/SR+dAA+IqkSyg=,DD634xrPpWv8CCrV6d127jAPl+Q=
-13,44,LNUfme4+0ODYg/SR+dAA+IqkSyg=,DD634xrPpWv8CCrV6d127jAPl+Q=
-14,44,LNUfme4+0ODYg/SR+dAA+IqkSyg=,DD634xrPpWv8CCrV6d127jAPl+Q=
-15,44,LNUfme4+0ODYg/SR+dAA+IqkSyg=,DD634xrPpWv8CCrV6d127jAPl+Q=
-10,43,LNUfme4+0ODYg/SR+dAA+IqkSyg=,DD634xrPpWv8CCrV6d127jAPl+Q=
-11,43,LNUfme4+0ODYg/SR+dAA+IqkSyg=,DD634xrPpWv8CCrV6d127jAPl+Q=
-12,43,LNUfme4+0ODYg/SR+dAA+IqkSyg=,DD634xrPpWv8CCrV6d127jAPl+Q=
-13,43,LNUfme4+0ODYg/SR+dAA+IqkSyg=,DD634xrPpWv8CCrV6d127jAPl+Q=
-14,43,LNUfme4+0ODYg/SR+dAA+IqkSyg=,DD634xrPpWv8CCrV6d127jAPl+Q=
-15,43,LNUfme4+0ODYg/SR+dAA+IqkSyg=,DD634xrPpWv8CCrV6d127jAPl+Q=
-10,42,LNUfme4+0ODYg/SR+dAA+IqkSyg=,DD634xrPpWv8CCrV6d127jAPl+Q=
-4,35,LNUfme4+0ODYg/SR+dAA+IqkSyg=,1wINfmaxpV6LkELSUqU21Mh9dVk=
-11,42,LNUfme4+0ODYg/SR+dAA+IqkSyg=,DD634xrPpWv8CCrV6d127jAPl+Q=
-2,39,LNUfme4+0ODYg/SR+dAA+IqkSyg=,1wINfmaxpV6LkELSUqU21Mh9dVk=
-12,42,LNUfme4+0ODYg/SR+dAA+IqkSyg=,DD634xrPpWv8CCrV6d127jAPl+Q=
-5,35,LNUfme4+0ODYg/SR+dAA+IqkSyg=,1wINfmaxpV6LkELSUqU21Mh9dVk=
-13,42,LNUfme4+0ODYg/SR+dAA+IqkSyg=,DD634xrPpWv8CCrV6d127jAPl+Q=
-14,42,LNUfme4+0ODYg/SR+dAA+IqkSyg=,DD634xrPpWv8CCrV6d127jAPl+Q=
-3,35,LNUfme4+0ODYg/SR+dAA+IqkSyg=,1wINfmaxpV6LkELSUqU21Mh9dVk=
-15,42,LNUfme4+0ODYg/SR+dAA+IqkSyg=,DD634xrPpWv8CCrV6d127jAPl+Q=
-3,39,LNUfme4+0ODYg/SR+dAA+IqkSyg=,1wINfmaxpV6LkELSUqU21Mh9dVk=
-10,41,LNUfme4+0ODYg/SR+dAA+IqkSyg=,DD634xrPpWv8CCrV6d127jAPl+Q=
-11,41,LNUfme4+0ODYg/SR+dAA+IqkSyg=,DD634xrPpWv8CCrV6d127jAPl+Q=
-6,35,LNUfme4+0ODYg/SR+dAA+IqkSyg=,1wINfmaxpV6LkELSUqU21Mh9dVk=
-9,36,LNUfme4+0ODYg/SR+dAA+IqkSyg=,DD634xrPpWv8CCrV6d127jAPl+Q=
-9,39,LNUfme4+0ODYg/SR+dAA+IqkSyg=,DD634xrPpWv8CCrV6d127jAPl+Q=
-7,35,LNUfme4+0ODYg/SR+dAA+IqkSyg=,1wINfmaxpV6LkELSUqU21Mh9dVk=
-8,35,LNUfme4+0ODYg/SR+dAA+IqkSyg=,1wINfmaxpV6LkELSUqU21Mh9dVk=
-4,39,LNUfme4+0ODYg/SR+dAA+IqkSyg=,1wINfmaxpV6LkELSUqU21Mh9dVk=
-6,39,LNUfme4+0ODYg/SR+dAA+IqkSyg=,1wINfmaxpV6LkELSUqU21Mh9dVk=
-2,34,LNUfme4+0ODYg/SR+dAA+IqkSyg=,1wINfmaxpV6LkELSUqU21Mh9dVk=
-5,39,LNUfme4+0ODYg/SR+dAA+IqkSyg=,1wINfmaxpV6LkELSUqU21Mh9dVk=
-2,35,LNUfme4+0ODYg/SR+dAA+IqkSyg=,1wINfmaxpV6LkELSUqU21Mh9dVk=
-7,39,LNUfme4+0ODYg/SR+dAA+IqkSyg=,1wINfmaxpV6LkELSUqU21Mh9dVk=
-8,39,LNUfme4+0ODYg/SR+dAA+IqkSyg=,1wINfmaxpV6LkELSUqU21Mh9dVk=
-3,34,LNUfme4+0ODYg/SR+dAA+IqkSyg=,1wINfmaxpV6LkELSUqU21Mh9dVk=
-4,34,LNUfme4+0ODYg/SR+dAA+IqkSyg=,1wINfmaxpV6LkELSUqU21Mh9dVk=
-5,34,LNUfme4+0ODYg/SR+dAA+IqkSyg=,1wINfmaxpV6LkELSUqU21Mh9dVk=
-6,34,LNUfme4+0ODYg/SR+dAA+IqkSyg=,1wINfmaxpV6LkELSUqU21Mh9dVk=
-8,36,LNUfme4+0ODYg/SR+dAA+IqkSyg=,1wINfmaxpV6LkELSUqU21Mh9dVk=
-2,38,LNUfme4+0ODYg/SR+dAA+IqkSyg=,1wINfmaxpV6LkELSUqU21Mh9dVk=
-7,34,LNUfme4+0ODYg/SR+dAA+IqkSyg=,1wINfmaxpV6LkELSUqU21Mh9dVk=
-8,34,LNUfme4+0ODYg/SR+dAA+IqkSyg=,1wINfmaxpV6LkELSUqU21Mh9dVk=
-2,33,LNUfme4+0ODYg/SR+dAA+IqkSyg=,1wINfmaxpV6LkELSUqU21Mh9dVk=
-3,38,LNUfme4+0ODYg/SR+dAA+IqkSyg=,1wINfmaxpV6LkELSUqU21Mh9dVk=
-3,33,LNUfme4+0ODYg/SR+dAA+IqkSyg=,1wINfmaxpV6LkELSUqU21Mh9dVk=
-4,33,LNUfme4+0ODYg/SR+dAA+IqkSyg=,1wINfmaxpV6LkELSUqU21Mh9dVk=
-7,36,LNUfme4+0ODYg/SR+dAA+IqkSyg=,1wINfmaxpV6LkELSUqU21Mh9dVk=
-5,33,LNUfme4+0ODYg/SR+dAA+IqkSyg=,1wINfmaxpV6LkELSUqU21Mh9dVk=
-8,33,LNUfme4+0ODYg/SR+dAA+IqkSyg=,1wINfmaxpV6LkELSUqU21Mh9dVk=
-7,33,LNUfme4+0ODYg/SR+dAA+IqkSyg=,1wINfmaxpV6LkELSUqU21Mh9dVk=
-4,38,LNUfme4+0ODYg/SR+dAA+IqkSyg=,1wINfmaxpV6LkELSUqU21Mh9dVk=
-6,33,LNUfme4+0ODYg/SR+dAA+IqkSyg=,1wINfmaxpV6LkELSUqU21Mh9dVk=
-9,35,LNUfme4+0ODYg/SR+dAA+IqkSyg=,DD634xrPpWv8CCrV6d127jAPl+Q=
-9,33,LNUfme4+0ODYg/SR+dAA+IqkSyg=,DD634xrPpWv8CCrV6d127jAPl+Q=
-5,38,LNUfme4+0ODYg/SR+dAA+IqkSyg=,1wINfmaxpV6LkELSUqU21Mh9dVk=
-6,38,LNUfme4+0ODYg/SR+dAA+IqkSyg=,1wINfmaxpV6LkELSUqU21Mh9dVk=
-7,38,LNUfme4+0ODYg/SR+dAA+IqkSyg=,1wINfmaxpV6LkELSUqU21Mh9dVk=
-8,38,LNUfme4+0ODYg/SR+dAA+IqkSyg=,1wINfmaxpV6LkELSUqU21Mh9dVk=
-2,37,LNUfme4+0ODYg/SR+dAA+IqkSyg=,1wINfmaxpV6LkELSUqU21Mh9dVk=
-9,38,LNUfme4+0ODYg/SR+dAA+IqkSyg=,DD634xrPpWv8CCrV6d127jAPl+Q=
-8,40,LNUfme4+0ODYg/SR+dAA+IqkSyg=,1wINfmaxpV6LkELSUqU21Mh9dVk=
-3,37,LNUfme4+0ODYg/SR+dAA+IqkSyg=,1wINfmaxpV6LkELSUqU21Mh9dVk=
-4,37,LNUfme4+0ODYg/SR+dAA+IqkSyg=,1wINfmaxpV6LkELSUqU21Mh9dVk=
-5,37,LNUfme4+0ODYg/SR+dAA+IqkSyg=,1wINfmaxpV6LkELSUqU21Mh9dVk=
-6,37,LNUfme4+0ODYg/SR+dAA+IqkSyg=,1wINfmaxpV6LkELSUqU21Mh9dVk=
-8,37,LNUfme4+0ODYg/SR+dAA+IqkSyg=,1wINfmaxpV6LkELSUqU21Mh9dVk=
-7,37,LNUfme4+0ODYg/SR+dAA+IqkSyg=,1wINfmaxpV6LkELSUqU21Mh9dVk=
-6,36,LNUfme4+0ODYg/SR+dAA+IqkSyg=,1wINfmaxpV6LkELSUqU21Mh9dVk=
-9,37,LNUfme4+0ODYg/SR+dAA+IqkSyg=,DD634xrPpWv8CCrV6d127jAPl+Q=
-2,36,LNUfme4+0ODYg/SR+dAA+IqkSyg=,1wINfmaxpV6LkELSUqU21Mh9dVk=
-9,40,LNUfme4+0ODYg/SR+dAA+IqkSyg=,DD634xrPpWv8CCrV6d127jAPl+Q=
-2,40,LNUfme4+0ODYg/SR+dAA+IqkSyg=,1wINfmaxpV6LkELSUqU21Mh9dVk=
-3,40,LNUfme4+0ODYg/SR+dAA+IqkSyg=,1wINfmaxpV6LkELSUqU21Mh9dVk=
-4,40,LNUfme4+0ODYg/SR+dAA+IqkSyg=,1wINfmaxpV6LkELSUqU21Mh9dVk=
-5,36,LNUfme4+0ODYg/SR+dAA+IqkSyg=,1wINfmaxpV6LkELSUqU21Mh9dVk=
-7,40,LNUfme4+0ODYg/SR+dAA+IqkSyg=,1wINfmaxpV6LkELSUqU21Mh9dVk=
-6,40,LNUfme4+0ODYg/SR+dAA+IqkSyg=,1wINfmaxpV6LkELSUqU21Mh9dVk=
-5,40,LNUfme4+0ODYg/SR+dAA+IqkSyg=,1wINfmaxpV6LkELSUqU21Mh9dVk=
-3,36,LNUfme4+0ODYg/SR+dAA+IqkSyg=,1wINfmaxpV6LkELSUqU21Mh9dVk=
-4,36,LNUfme4+0ODYg/SR+dAA+IqkSyg=,1wINfmaxpV6LkELSUqU21Mh9dVk=
-9,34,LNUfme4+0ODYg/SR+dAA+IqkSyg=,DD634xrPpWv8CCrV6d127jAPl+Q=
-1,43,LNUfme4+0ODYg/SR+dAA+IqkSyg=,1wINfmaxpV6LkELSUqU21Mh9dVk=
-1,44,LNUfme4+0ODYg/SR+dAA+IqkSyg=,1wINfmaxpV6LkELSUqU21Mh9dVk=
-1,46,LNUfme4+0ODYg/SR+dAA+IqkSyg=,1wINfmaxpV6LkELSUqU21Mh9dVk=
-1,42,LNUfme4+0ODYg/SR+dAA+IqkSyg=,1wINfmaxpV6LkELSUqU21Mh9dVk=
-1,41,LNUfme4+0ODYg/SR+dAA+IqkSyg=,1wINfmaxpV6LkELSUqU21Mh9dVk=
-1,45,LNUfme4+0ODYg/SR+dAA+IqkSyg=,1wINfmaxpV6LkELSUqU21Mh9dVk=
-1,34,LNUfme4+0ODYg/SR+dAA+IqkSyg=,1wINfmaxpV6LkELSUqU21Mh9dVk=
-1,38,LNUfme4+0ODYg/SR+dAA+IqkSyg=,1wINfmaxpV6LkELSUqU21Mh9dVk=
-1,37,LNUfme4+0ODYg/SR+dAA+IqkSyg=,1wINfmaxpV6LkELSUqU21Mh9dVk=
-1,35,LNUfme4+0ODYg/SR+dAA+IqkSyg=,1wINfmaxpV6LkELSUqU21Mh9dVk=
-1,33,LNUfme4+0ODYg/SR+dAA+IqkSyg=,1wINfmaxpV6LkELSUqU21Mh9dVk=
-1,39,LNUfme4+0ODYg/SR+dAA+IqkSyg=,1wINfmaxpV6LkELSUqU21Mh9dVk=
-1,40,LNUfme4+0ODYg/SR+dAA+IqkSyg=,1wINfmaxpV6LkELSUqU21Mh9dVk=
-1,36,LNUfme4+0ODYg/SR+dAA+IqkSyg=,1wINfmaxpV6LkELSUqU21Mh9dVk=
-16,35,pKR+IZjntqDO6xnbiYM/ySPRA6I=,DD634xrPpWv8CCrV6d127jAPl+Q=
-16,36,pKR+IZjntqDO6xnbiYM/ySPRA6I=,DD634xrPpWv8CCrV6d127jAPl+Q=
-16,38,pKR+IZjntqDO6xnbiYM/ySPRA6I=,DD634xrPpWv8CCrV6d127jAPl+Q=
-16,34,pKR+IZjntqDO6xnbiYM/ySPRA6I=,DD634xrPpWv8CCrV6d127jAPl+Q=
-16,37,pKR+IZjntqDO6xnbiYM/ySPRA6I=,DD634xrPpWv8CCrV6d127jAPl+Q=
-16,33,pKR+IZjntqDO6xnbiYM/ySPRA6I=,DD634xrPpWv8CCrV6d127jAPl+Q=
-16,40,pKR+IZjntqDO6xnbiYM/ySPRA6I=,DD634xrPpWv8CCrV6d127jAPl+Q=
-16,45,pKR+IZjntqDO6xnbiYM/ySPRA6I=,DD634xrPpWv8CCrV6d127jAPl+Q=
-16,46,pKR+IZjntqDO6xnbiYM/ySPRA6I=,DD634xrPpWv8CCrV6d127jAPl+Q=
-16,39,pKR+IZjntqDO6xnbiYM/ySPRA6I=,DD634xrPpWv8CCrV6d127jAPl+Q=
-16,44,pKR+IZjntqDO6xnbiYM/ySPRA6I=,DD634xrPpWv8CCrV6d127jAPl+Q=
-16,42,pKR+IZjntqDO6xnbiYM/ySPRA6I=,DD634xrPpWv8CCrV6d127jAPl+Q=
-16,41,pKR+IZjntqDO6xnbiYM/ySPRA6I=,DD634xrPpWv8CCrV6d127jAPl+Q=
-16,43,pKR+IZjntqDO6xnbiYM/ySPRA6I=,DD634xrPpWv8CCrV6d127jAPl+Q=
-9,47,pKR+IZjntqDO6xnbiYM/ySPRA6I=,DD634xrPpWv8CCrV6d127jAPl+Q=
-12,47,pKR+IZjntqDO6xnbiYM/ySPRA6I=,DD634xrPpWv8CCrV6d127jAPl+Q=
-10,47,pKR+IZjntqDO6xnbiYM/ySPRA6I=,DD634xrPpWv8CCrV6d127jAPl+Q=
-13,47,pKR+IZjntqDO6xnbiYM/ySPRA6I=,DD634xrPpWv8CCrV6d127jAPl+Q=
-14,47,pKR+IZjntqDO6xnbiYM/ySPRA6I=,DD634xrPpWv8CCrV6d127jAPl+Q=
-15,47,pKR+IZjntqDO6xnbiYM/ySPRA6I=,DD634xrPpWv8CCrV6d127jAPl+Q=
-11,47,pKR+IZjntqDO6xnbiYM/ySPRA6I=,DD634xrPpWv8CCrV6d127jAPl+Q=
-4,47,pKR+IZjntqDO6xnbiYM/ySPRA6I=,1wINfmaxpV6LkELSUqU21Mh9dVk=
-5,47,pKR+IZjntqDO6xnbiYM/ySPRA6I=,1wINfmaxpV6LkELSUqU21Mh9dVk=
-3,47,pKR+IZjntqDO6xnbiYM/ySPRA6I=,1wINfmaxpV6LkELSUqU21Mh9dVk=
-2,47,pKR+IZjntqDO6xnbiYM/ySPRA6I=,1wINfmaxpV6LkELSUqU21Mh9dVk=
-8,47,pKR+IZjntqDO6xnbiYM/ySPRA6I=,1wINfmaxpV6LkELSUqU21Mh9dVk=
-6,47,pKR+IZjntqDO6xnbiYM/ySPRA6I=,1wINfmaxpV6LkELSUqU21Mh9dVk=
-7,47,pKR+IZjntqDO6xnbiYM/ySPRA6I=,1wINfmaxpV6LkELSUqU21Mh9dVk=
-16,47,pKR+IZjntqDO6xnbiYM/ySPRA6I=,DD634xrPpWv8CCrV6d127jAPl+Q=
-1,47,pKR+IZjntqDO6xnbiYM/ySPRA6I=,1wINfmaxpV6LkELSUqU21Mh9dVk=
-11,32,pKR+IZjntqDO6xnbiYM/ySPRA6I=,DD634xrPpWv8CCrV6d127jAPl+Q=
-12,32,pKR+IZjntqDO6xnbiYM/ySPRA6I=,DD634xrPpWv8CCrV6d127jAPl+Q=
-16,32,pKR+IZjntqDO6xnbiYM/ySPRA6I=,DD634xrPpWv8CCrV6d127jAPl+Q=
-15,32,pKR+IZjntqDO6xnbiYM/ySPRA6I=,DD634xrPpWv8CCrV6d127jAPl+Q=
-14,32,pKR+IZjntqDO6xnbiYM/ySPRA6I=,DD634xrPpWv8CCrV6d127jAPl+Q=
-2,32,pKR+IZjntqDO6xnbiYM/ySPRA6I=,1wINfmaxpV6LkELSUqU21Mh9dVk=
-13,32,pKR+IZjntqDO6xnbiYM/ySPRA6I=,DD634xrPpWv8CCrV6d127jAPl+Q=
-4,32,pKR+IZjntqDO6xnbiYM/ySPRA6I=,1wINfmaxpV6LkELSUqU21Mh9dVk=
-10,32,pKR+IZjntqDO6xnbiYM/ySPRA6I=,DD634xrPpWv8CCrV6d127jAPl+Q=
-6,32,pKR+IZjntqDO6xnbiYM/ySPRA6I=,1wINfmaxpV6LkELSUqU21Mh9dVk=
-7,32,pKR+IZjntqDO6xnbiYM/ySPRA6I=,1wINfmaxpV6LkELSUqU21Mh9dVk=
-1,32,pKR+IZjntqDO6xnbiYM/ySPRA6I=,1wINfmaxpV6LkELSUqU21Mh9dVk=
-9,32,pKR+IZjntqDO6xnbiYM/ySPRA6I=,DD634xrPpWv8CCrV6d127jAPl+Q=
-3,32,pKR+IZjntqDO6xnbiYM/ySPRA6I=,1wINfmaxpV6LkELSUqU21Mh9dVk=
-8,32,pKR+IZjntqDO6xnbiYM/ySPRA6I=,1wINfmaxpV6LkELSUqU21Mh9dVk=
-5,32,pKR+IZjntqDO6xnbiYM/ySPRA6I=,1wINfmaxpV6LkELSUqU21Mh9dVk=
