-140,-37,Jo7Alc7P+HHVCWM/ZIgSccha+r8=,LT1wPoLd5ZB3aUPmzMpSIykHzT4=
-139,-37,Jo7Alc7P+HHVCWM/ZIgSccha+r8=,LT1wPoLd5ZB3aUPmzMpSIykHzT4=
-138,-37,Jo7Alc7P+HHVCWM/ZIgSccha+r8=,LT1wPoLd5ZB3aUPmzMpSIykHzT4=
-143,-36,Jo7Alc7P+HHVCWM/ZIgSccha+r8=,LT1wPoLd5ZB3aUPmzMpSIykHzT4=
-142,-36,Jo7Alc7P+HHVCWM/ZIgSccha+r8=,LT1wPoLd5ZB3aUPmzMpSIykHzT4=
-141,-36,Jo7Alc7P+HHVCWM/ZIgSccha+r8=,LT1wPoLd5ZB3aUPmzMpSIykHzT4=
-142,-37,Jo7Alc7P+HHVCWM/ZIgSccha+r8=,LT1wPoLd5ZB3aUPmzMpSIykHzT4=
-141,-37,Jo7Alc7P+HHVCWM/ZIgSccha+r8=,LT1wPoLd5ZB3aUPmzMpSIykHzT4=
-138,-38,Jo7Alc7P+HHVCWM/ZIgSccha+r8=,LT1wPoLd5ZB3aUPmzMpSIykHzT4=
-143,-37,Jo7Alc7P+HHVCWM/ZIgSccha+r8=,LT1wPoLd5ZB3aUPmzMpSIykHzT4=
-139,-38,Jo7Alc7P+HHVCWM/ZIgSccha+r8=,LT1wPoLd5ZB3aUPmzMpSIykHzT4=
-140,-38,Jo7Alc7P+HHVCWM/ZIgSccha+r8=,LT1wPoLd5ZB3aUPmzMpSIykHzT4=
-140,-36,Jo7Alc7P+HHVCWM/ZIgSccha+r8=,LT1wPoLd5ZB3aUPmzMpSIykHzT4=
-143,-38,Jo7Alc7P+HHVCWM/ZIgSccha+r8=,LT1wPoLd5ZB3aUPmzMpSIykHzT4=
-142,-38,Jo7Alc7P+HHVCWM/ZIgSccha+r8=,LT1wPoLd5ZB3aUPmzMpSIykHzT4=
-141,-38,Jo7Alc7P+HHVCWM/ZIgSccha+r8=,LT1wPoLd5ZB3aUPmzMpSIykHzT4=
-139,-36,Jo7Alc7P+HHVCWM/ZIgSccha+r8=,LT1wPoLd5ZB3aUPmzMpSIykHzT4=
-138,-36,Jo7Alc7P+HHVCWM/ZIgSccha+r8=,LT1wPoLd5ZB3aUPmzMpSIykHzT4=
-143,-35,Jo7Alc7P+HHVCWM/ZIgSccha+r8=,LT1wPoLd5ZB3aUPmzMpSIykHzT4=
-142,-35,Jo7Alc7P+HHVCWM/ZIgSccha+r8=,LT1wPoLd5ZB3aUPmzMpSIykHzT4=
-138,-39,Jo7Alc7P+HHVCWM/ZIgSccha+r8=,LT1wPoLd5ZB3aUPmzMpSIykHzT4=
-138,-34,Jo7Alc7P+HHVCWM/ZIgSccha+r8=,LT1wPoLd5ZB3aUPmzMpSIykHzT4=
-139,-34,Jo7Alc7P+HHVCWM/ZIgSccha+r8=,LT1wPoLd5ZB3aUPmzMpSIykHzT4=
-139,-39,Jo7Alc7P+HHVCWM/ZIgSccha+r8=,LT1wPoLd5ZB3aUPmzMpSIykHzT4=
-140,-39,Jo7Alc7P+HHVCWM/ZIgSccha+r8=,LT1wPoLd5ZB3aUPmzMpSIykHzT4=
-141,-39,Jo7Alc7P+HHVCWM/ZIgSccha+r8=,LT1wPoLd5ZB3aUPmzMpSIykHzT4=
-141,-35,Jo7Alc7P+HHVCWM/ZIgSccha+r8=,LT1wPoLd5ZB3aUPmzMpSIykHzT4=
-140,-34,Jo7Alc7P+HHVCWM/ZIgSccha+r8=,LT1wPoLd5ZB3aUPmzMpSIykHzT4=
-143,-39,Jo7Alc7P+HHVCWM/ZIgSccha+r8=,LT1wPoLd5ZB3aUPmzMpSIykHzT4=
-141,-34,Jo7Alc7P+HHVCWM/ZIgSccha+r8=,LT1wPoLd5ZB3aUPmzMpSIykHzT4=
-138,-35,Jo7Alc7P+HHVCWM/ZIgSccha+r8=,LT1wPoLd5ZB3aUPmzMpSIykHzT4=
-142,-34,Jo7Alc7P+HHVCWM/ZIgSccha+r8=,LT1wPoLd5ZB3aUPmzMpSIykHzT4=
-143,-34,Jo7Alc7P+HHVCWM/ZIgSccha+r8=,LT1wPoLd5ZB3aUPmzMpSIykHzT4=
-139,-35,Jo7Alc7P+HHVCWM/ZIgSccha+r8=,LT1wPoLd5ZB3aUPmzMpSIykHzT4=
-142,-39,Jo7Alc7P+HHVCWM/ZIgSccha+r8=,LT1wPoLd5ZB3aUPmzMpSIykHzT4=
-140,-35,Jo7Alc7P+HHVCWM/ZIgSccha+r8=,LT1wPoLd5ZB3aUPmzMpSIykHzT4=
-140,-43,Jo7Alc7P+HHVCWM/ZIgSccha+r8=,a90L4BtodU9wAXudlmn2KkjWWGM=
-139,-43,Jo7Alc7P+HHVCWM/ZIgSccha+r8=,a90L4BtodU9wAXudlmn2KkjWWGM=
-138,-43,Jo7Alc7P+HHVCWM/ZIgSccha+r8=,a90L4BtodU9wAXudlmn2KkjWWGM=
-143,-42,Jo7Alc7P+HHVCWM/ZIgSccha+r8=,a90L4BtodU9wAXudlmn2KkjWWGM=
-142,-42,Jo7Alc7P+HHVCWM/ZIgSccha+r8=,a90L4BtodU9wAXudlmn2KkjWWGM=
-141,-42,Jo7Alc7P+HHVCWM/ZIgSccha+r8=,a90L4BtodU9wAXudlmn2KkjWWGM=
-140,-42,Jo7Alc7P+HHVCWM/ZIgSccha+r8=,a90L4BtodU9wAXudlmn2KkjWWGM=
-139,-42,Jo7Alc7P+HHVCWM/ZIgSccha+r8=,a90L4BtodU9wAXudlmn2KkjWWGM=
-138,-42,Jo7Alc7P+HHVCWM/ZIgSccha+r8=,a90L4BtodU9wAXudlmn2KkjWWGM=
-143,-47,Jo7Alc7P+HHVCWM/ZIgSccha+r8=,a90L4BtodU9wAXudlmn2KkjWWGM=
-143,-41,Jo7Alc7P+HHVCWM/ZIgSccha+r8=,a90L4BtodU9wAXudlmn2KkjWWGM=
-142,-41,Jo7Alc7P+HHVCWM/ZIgSccha+r8=,a90L4BtodU9wAXudlmn2KkjWWGM=
-141,-41,Jo7Alc7P+HHVCWM/ZIgSccha+r8=,a90L4BtodU9wAXudlmn2KkjWWGM=
-142,-47,Jo7Alc7P+HHVCWM/ZIgSccha+r8=,a90L4BtodU9wAXudlmn2KkjWWGM=
-141,-43,Jo7Alc7P+HHVCWM/ZIgSccha+r8=,a90L4BtodU9wAXudlmn2KkjWWGM=
-141,-47,Jo7Alc7P+HHVCWM/ZIgSccha+r8=,a90L4BtodU9wAXudlmn2KkjWWGM=
-140,-47,Jo7Alc7P+HHVCWM/ZIgSccha+r8=,a90L4BtodU9wAXudlmn2KkjWWGM=
-139,-47,Jo7Alc7P+HHVCWM/ZIgSccha+r8=,a90L4BtodU9wAXudlmn2KkjWWGM=
-140,-41,Jo7Alc7P+HHVCWM/ZIgSccha+r8=,a90L4BtodU9wAXudlmn2KkjWWGM=
-138,-47,Jo7Alc7P+HHVCWM/ZIgSccha+r8=,a90L4BtodU9wAXudlmn2KkjWWGM=
-139,-41,Jo7Alc7P+HHVCWM/ZIgSccha+r8=,a90L4BtodU9wAXudlmn2KkjWWGM=
-142,-43,Jo7Alc7P+HHVCWM/ZIgSccha+r8=,a90L4BtodU9wAXudlmn2KkjWWGM=
-143,-43,Jo7Alc7P+HHVCWM/ZIgSccha+r8=,a90L4BtodU9wAXudlmn2KkjWWGM=
-143,-46,Jo7Alc7P+HHVCWM/ZIgSccha+r8=,a90L4BtodU9wAXudlmn2KkjWWGM=
-138,-44,Jo7Alc7P+HHVCWM/ZIgSccha+r8=,a90L4BtodU9wAXudlmn2KkjWWGM=
-139,-44,Jo7Alc7P+HHVCWM/ZIgSccha+r8=,a90L4BtodU9wAXudlmn2KkjWWGM=
-140,-44,Jo7Alc7P+HHVCWM/ZIgSccha+r8=,a90L4BtodU9wAXudlmn2KkjWWGM=
-141,-44,Jo7Alc7P+HHVCWM/ZIgSccha+r8=,a90L4BtodU9wAXudlmn2KkjWWGM=
-142,-44,Jo7Alc7P+HHVCWM/ZIgSccha+r8=,a90L4BtodU9wAXudlmn2KkjWWGM=
-143,-44,Jo7Alc7P+HHVCWM/ZIgSccha+r8=,a90L4BtodU9wAXudlmn2KkjWWGM=
-139,-45,Jo7Alc7P+HHVCWM/ZIgSccha+r8=,a90L4BtodU9wAXudlmn2KkjWWGM=
-140,-45,Jo7Alc7P+HHVCWM/ZIgSccha+r8=,a90L4BtodU9wAXudlmn2KkjWWGM=
-141,-45,Jo7Alc7P+HHVCWM/ZIgSccha+r8=,a90L4BtodU9wAXudlmn2KkjWWGM=
-142,-46,Jo7Alc7P+HHVCWM/ZIgSccha+r8=,a90L4BtodU9wAXudlmn2KkjWWGM=
-138,-40,Jo7Alc7P+HHVCWM/ZIgSccha+r8=,LT1wPoLd5ZB3aUPmzMpSIykHzT4=
-138,-45,Jo7Alc7P+HHVCWM/ZIgSccha+r8=,a90L4BtodU9wAXudlmn2KkjWWGM=
-142,-45,Jo7Alc7P+HHVCWM/ZIgSccha+r8=,a90L4BtodU9wAXudlmn2KkjWWGM=
-143,-45,Jo7Alc7P+HHVCWM/ZIgSccha+r8=,a90L4BtodU9wAXudlmn2KkjWWGM=
-139,-40,Jo7Alc7P+HHVCWM/ZIgSccha+r8=,LT1wPoLd5ZB3aUPmzMpSIykHzT4=
-140,-40,Jo7Alc7P+HHVCWM/ZIgSccha+r8=,LT1wPoLd5ZB3aUPmzMpSIykHzT4=
-141,-40,Jo7Alc7P+HHVCWM/ZIgSccha+r8=,LT1wPoLd5ZB3aUPmzMpSIykHzT4=
-141,-46,Jo7Alc7P+HHVCWM/ZIgSccha+r8=,a90L4BtodU9wAXudlmn2KkjWWGM=
-134,-41,Jo7Alc7P+HHVCWM/ZIgSccha+r8=,DCAWRIiihf2Ufu/+bx1+kiCte/0=
-132,-41,Jo7Alc7P+HHVCWM/ZIgSccha+r8=,DCAWRIiihf2Ufu/+bx1+kiCte/0=
-133,-41,Jo7Alc7P+HHVCWM/ZIgSccha+r8=,DCAWRIiihf2Ufu/+bx1+kiCte/0=
-136,-41,Jo7Alc7P+HHVCWM/ZIgSccha+r8=,DCAWRIiihf2Ufu/+bx1+kiCte/0=
-135,-41,Jo7Alc7P+HHVCWM/ZIgSccha+r8=,DCAWRIiihf2Ufu/+bx1+kiCte/0=
-137,-44,Jo7Alc7P+HHVCWM/ZIgSccha+r8=,a90L4BtodU9wAXudlmn2KkjWWGM=
-138,-41,Jo7Alc7P+HHVCWM/ZIgSccha+r8=,a90L4BtodU9wAXudlmn2KkjWWGM=
-130,-34,Jo7Alc7P+HHVCWM/ZIgSccha+r8=,NY5eaOPO2KrTfwZTGM9xAIeD8M0=
-130,-42,Jo7Alc7P+HHVCWM/ZIgSccha+r8=,DCAWRIiihf2Ufu/+bx1+kiCte/0=
-142,-40,Jo7Alc7P+HHVCWM/ZIgSccha+r8=,LT1wPoLd5ZB3aUPmzMpSIykHzT4=
-131,-42,Jo7Alc7P+HHVCWM/ZIgSccha+r8=,DCAWRIiihf2Ufu/+bx1+kiCte/0=
-131,-41,Jo7Alc7P+HHVCWM/ZIgSccha+r8=,DCAWRIiihf2Ufu/+bx1+kiCte/0=
-135,-37,Jo7Alc7P+HHVCWM/ZIgSccha+r8=,NY5eaOPO2KrTfwZTGM9xAIeD8M0=
-140,-46,Jo7Alc7P+HHVCWM/ZIgSccha+r8=,a90L4BtodU9wAXudlmn2KkjWWGM=
-132,-42,Jo7Alc7P+HHVCWM/ZIgSccha+r8=,DCAWRIiihf2Ufu/+bx1+kiCte/0=
-136,-35,Jo7Alc7P+HHVCWM/ZIgSccha+r8=,NY5eaOPO2KrTfwZTGM9xAIeD8M0=
-143,-40,Jo7Alc7P+HHVCWM/ZIgSccha+r8=,LT1wPoLd5ZB3aUPmzMpSIykHzT4=
-135,-42,Jo7Alc7P+HHVCWM/ZIgSccha+r8=,DCAWRIiihf2Ufu/+bx1+kiCte/0=
-134,-42,Jo7Alc7P+HHVCWM/ZIgSccha+r8=,DCAWRIiihf2Ufu/+bx1+kiCte/0=
-136,-42,Jo7Alc7P+HHVCWM/ZIgSccha+r8=,DCAWRIiihf2Ufu/+bx1+kiCte/0=
-130,-41,Jo7Alc7P+HHVCWM/ZIgSccha+r8=,DCAWRIiihf2Ufu/+bx1+kiCte/0=
-139,-46,Jo7Alc7P+HHVCWM/ZIgSccha+r8=,a90L4BtodU9wAXudlmn2KkjWWGM=
-130,-43,Jo7Alc7P+HHVCWM/ZIgSccha+r8=,DCAWRIiihf2Ufu/+bx1+kiCte/0=
-134,-38,Jo7Alc7P+HHVCWM/ZIgSccha+r8=,NY5eaOPO2KrTfwZTGM9xAIeD8M0=
-132,-43,Jo7Alc7P+HHVCWM/ZIgSccha+r8=,DCAWRIiihf2Ufu/+bx1+kiCte/0=
-131,-43,Jo7Alc7P+HHVCWM/ZIgSccha+r8=,DCAWRIiihf2Ufu/+bx1+kiCte/0=
-133,-43,Jo7Alc7P+HHVCWM/ZIgSccha+r8=,DCAWRIiihf2Ufu/+bx1+kiCte/0=
-138,-46,Jo7Alc7P+HHVCWM/ZIgSccha+r8=,a90L4BtodU9wAXudlmn2KkjWWGM=
-131,-34,Jo7Alc7P+HHVCWM/ZIgSccha+r8=,NY5eaOPO2KrTfwZTGM9xAIeD8M0=
-136,-36,Jo7Alc7P+HHVCWM/ZIgSccha+r8=,NY5eaOPO2KrTfwZTGM9xAIeD8M0=
-137,-45,Jo7Alc7P+HHVCWM/ZIgSccha+r8=,a90L4BtodU9wAXudlmn2KkjWWGM=
-135,-43,Jo7Alc7P+HHVCWM/ZIgSccha+r8=,DCAWRIiihf2Ufu/+bx1+kiCte/0=
-136,-40,Jo7Alc7P+HHVCWM/ZIgSccha+r8=,NY5eaOPO2KrTfwZTGM9xAIeD8M0=
-136,-43,Jo7Alc7P+HHVCWM/ZIgSccha+r8=,DCAWRIiihf2Ufu/+bx1+kiCte/0=
-133,-42,Jo7Alc7P+HHVCWM/ZIgSccha+r8=,DCAWRIiihf2Ufu/+bx1+kiCte/0=
-132,-34,Jo7Alc7P+HHVCWM/ZIgSccha+r8=,NY5eaOPO2KrTfwZTGM9xAIeD8M0=
-134,-37,Jo7Alc7P+HHVCWM/ZIgSccha+r8=,NY5eaOPO2KrTfwZTGM9xAIeD8M0=
-130,-44,Jo7Alc7P+HHVCWM/ZIgSccha+r8=,DCAWRIiihf2Ufu/+bx1+kiCte/0=
-131,-44,Jo7Alc7P+HHVCWM/ZIgSccha+r8=,DCAWRIiihf2Ufu/+bx1+kiCte/0=
-137,-43,Jo7Alc7P+HHVCWM/ZIgSccha+r8=,a90L4BtodU9wAXudlmn2KkjWWGM=
-133,-40,Jo7Alc7P+HHVCWM/ZIgSccha+r8=,NY5eaOPO2KrTfwZTGM9xAIeD8M0=
-137,-40,Jo7Alc7P+HHVCWM/ZIgSccha+r8=,LT1wPoLd5ZB3aUPmzMpSIykHzT4=
-137,-37,Jo7Alc7P+HHVCWM/ZIgSccha+r8=,LT1wPoLd5ZB3aUPmzMpSIykHzT4=
-133,-34,Jo7Alc7P+HHVCWM/ZIgSccha+r8=,NY5eaOPO2KrTfwZTGM9xAIeD8M0=
-133,-44,Jo7Alc7P+HHVCWM/ZIgSccha+r8=,DCAWRIiihf2Ufu/+bx1+kiCte/0=
-132,-44,Jo7Alc7P+HHVCWM/ZIgSccha+r8=,DCAWRIiihf2Ufu/+bx1+kiCte/0=
-134,-44,Jo7Alc7P+HHVCWM/ZIgSccha+r8=,DCAWRIiihf2Ufu/+bx1+kiCte/0=
-135,-44,Jo7Alc7P+HHVCWM/ZIgSccha+r8=,DCAWRIiihf2Ufu/+bx1+kiCte/0=
-136,-44,Jo7Alc7P+HHVCWM/ZIgSccha+r8=,DCAWRIiihf2Ufu/+bx1+kiCte/0=
-136,-39,Jo7Alc7P+HHVCWM/ZIgSccha+r8=,NY5eaOPO2KrTfwZTGM9xAIeD8M0=
-131,-35,Jo7Alc7P+HHVCWM/ZIgSccha+r8=,NY5eaOPO2KrTfwZTGM9xAIeD8M0=
-132,-40,Jo7Alc7P+HHVCWM/ZIgSccha+r8=,NY5eaOPO2KrTfwZTGM9xAIeD8M0=
-134,-34,Jo7Alc7P+HHVCWM/ZIgSccha+r8=,NY5eaOPO2KrTfwZTGM9xAIeD8M0=
-137,-46,Jo7Alc7P+HHVCWM/ZIgSccha+r8=,a90L4BtodU9wAXudlmn2KkjWWGM=
-131,-45,Jo7Alc7P+HHVCWM/ZIgSccha+r8=,DCAWRIiihf2Ufu/+bx1+kiCte/0=
-137,-41,Jo7Alc7P+HHVCWM/ZIgSccha+r8=,a90L4BtodU9wAXudlmn2KkjWWGM=
-130,-45,Jo7Alc7P+HHVCWM/ZIgSccha+r8=,DCAWRIiihf2Ufu/+bx1+kiCte/0=
-135,-39,Jo7Alc7P+HHVCWM/ZIgSccha+r8=,NY5eaOPO2KrTfwZTGM9xAIeD8M0=
-131,-40,Jo7Alc7P+HHVCWM/ZIgSccha+r8=,NY5eaOPO2KrTfwZTGM9xAIeD8M0=
-135,-34,Jo7Alc7P+HHVCWM/ZIgSccha+r8=,NY5eaOPO2KrTfwZTGM9xAIeD8M0=
-134,-45,Jo7Alc7P+HHVCWM/ZIgSccha+r8=,DCAWRIiihf2Ufu/+bx1+kiCte/0=
-133,-45,Jo7Alc7P+HHVCWM/ZIgSccha+r8=,DCAWRIiihf2Ufu/+bx1+kiCte/0=
-135,-45,Jo7Alc7P+HHVCWM/ZIgSccha+r8=,DCAWRIiihf2Ufu/+bx1+kiCte/0=
-132,-45,Jo7Alc7P+HHVCWM/ZIgSccha+r8=,DCAWRIiihf2Ufu/+bx1+kiCte/0=
-137,-47,Jo7Alc7P+HHVCWM/ZIgSccha+r8=,a90L4BtodU9wAXudlmn2KkjWWGM=
-135,-35,Jo7Alc7P+HHVCWM/ZIgSccha+r8=,NY5eaOPO2KrTfwZTGM9xAIeD8M0=
-130,-40,Jo7Alc7P+HHVCWM/ZIgSccha+r8=,NY5eaOPO2KrTfwZTGM9xAIeD8M0=
-136,-45,Jo7Alc7P+HHVCWM/ZIgSccha+r8=,DCAWRIiihf2Ufu/+bx1+kiCte/0=
-131,-46,Jo7Alc7P+HHVCWM/ZIgSccha+r8=,DCAWRIiihf2Ufu/+bx1+kiCte/0=
-130,-46,Jo7Alc7P+HHVCWM/ZIgSccha+r8=,DCAWRIiihf2Ufu/+bx1+kiCte/0=
-132,-46,Jo7Alc7P+HHVCWM/ZIgSccha+r8=,DCAWRIiihf2Ufu/+bx1+kiCte/0=
-135,-36,Jo7Alc7P+HHVCWM/ZIgSccha+r8=,NY5eaOPO2KrTfwZTGM9xAIeD8M0=
-133,-46,Jo7Alc7P+HHVCWM/ZIgSccha+r8=,DCAWRIiihf2Ufu/+bx1+kiCte/0=
-135,-40,Jo7Alc7P+HHVCWM/ZIgSccha+r8=,NY5eaOPO2KrTfwZTGM9xAIeD8M0=
-134,-46,Jo7Alc7P+HHVCWM/ZIgSccha+r8=,DCAWRIiihf2Ufu/+bx1+kiCte/0=
-135,-46,Jo7Alc7P+HHVCWM/ZIgSccha+r8=,DCAWRIiihf2Ufu/+bx1+kiCte/0=
-136,-34,Jo7Alc7P+HHVCWM/ZIgSccha+r8=,NY5eaOPO2KrTfwZTGM9xAIeD8M0=
-136,-46,Jo7Alc7P+HHVCWM/ZIgSccha+r8=,DCAWRIiihf2Ufu/+bx1+kiCte/0=
-130,-47,Jo7Alc7P+HHVCWM/ZIgSccha+r8=,DCAWRIiihf2Ufu/+bx1+kiCte/0=
-133,-39,Jo7Alc7P+HHVCWM/ZIgSccha+r8=,NY5eaOPO2KrTfwZTGM9xAIeD8M0=
-134,-43,Jo7Alc7P+HHVCWM/ZIgSccha+r8=,DCAWRIiihf2Ufu/+bx1+kiCte/0=
-135,-38,Jo7Alc7P+HHVCWM/ZIgSccha+r8=,NY5eaOPO2KrTfwZTGM9xAIeD8M0=
-137,-42,Jo7Alc7P+HHVCWM/ZIgSccha+r8=,a90L4BtodU9wAXudlmn2KkjWWGM=
-132,-47,Jo7Alc7P+HHVCWM/ZIgSccha+r8=,DCAWRIiihf2Ufu/+bx1+kiCte/0=
-131,-47,Jo7Alc7P+HHVCWM/ZIgSccha+r8=,DCAWRIiihf2Ufu/+bx1+kiCte/0=
-133,-47,Jo7Alc7P+HHVCWM/ZIgSccha+r8=,DCAWRIiihf2Ufu/+bx1+kiCte/0=
-135,-47,Jo7Alc7P+HHVCWM/ZIgSccha+r8=,DCAWRIiihf2Ufu/+bx1+kiCte/0=
-137,-38,Jo7Alc7P+HHVCWM/ZIgSccha+r8=,LT1wPoLd5ZB3aUPmzMpSIykHzT4=
-136,-47,Jo7Alc7P+HHVCWM/ZIgSccha+r8=,DCAWRIiihf2Ufu/+bx1+kiCte/0=
-134,-40,Jo7Alc7P+HHVCWM/ZIgSccha+r8=,NY5eaOPO2KrTfwZTGM9xAIeD8M0=
-134,-47,Jo7Alc7P+HHVCWM/ZIgSccha+r8=,DCAWRIiihf2Ufu/+bx1+kiCte/0=
-132,-35,Jo7Alc7P+HHVCWM/ZIgSccha+r8=,NY5eaOPO2KrTfwZTGM9xAIeD8M0=
-137,-34,Jo7Alc7P+HHVCWM/ZIgSccha+r8=,LT1wPoLd5ZB3aUPmzMpSIykHzT4=
-137,-39,Jo7Alc7P+HHVCWM/ZIgSccha+r8=,LT1wPoLd5ZB3aUPmzMpSIykHzT4=
-130,-35,Jo7Alc7P+HHVCWM/ZIgSccha+r8=,NY5eaOPO2KrTfwZTGM9xAIeD8M0=
-136,-37,Jo7Alc7P+HHVCWM/ZIgSccha+r8=,NY5eaOPO2KrTfwZTGM9xAIeD8M0=
-130,-36,Jo7Alc7P+HHVCWM/ZIgSccha+r8=,NY5eaOPO2KrTfwZTGM9xAIeD8M0=
-133,-35,Jo7Alc7P+HHVCWM/ZIgSccha+r8=,NY5eaOPO2KrTfwZTGM9xAIeD8M0=
-130,-37,Jo7Alc7P+HHVCWM/ZIgSccha+r8=,NY5eaOPO2KrTfwZTGM9xAIeD8M0=
-137,-35,Jo7Alc7P+HHVCWM/ZIgSccha+r8=,LT1wPoLd5ZB3aUPmzMpSIykHzT4=
-131,-36,Jo7Alc7P+HHVCWM/ZIgSccha+r8=,NY5eaOPO2KrTfwZTGM9xAIeD8M0=
-132,-36,Jo7Alc7P+HHVCWM/ZIgSccha+r8=,NY5eaOPO2KrTfwZTGM9xAIeD8M0=
-132,-37,Jo7Alc7P+HHVCWM/ZIgSccha+r8=,NY5eaOPO2KrTfwZTGM9xAIeD8M0=
-131,-37,Jo7Alc7P+HHVCWM/ZIgSccha+r8=,NY5eaOPO2KrTfwZTGM9xAIeD8M0=
-134,-35,Jo7Alc7P+HHVCWM/ZIgSccha+r8=,NY5eaOPO2KrTfwZTGM9xAIeD8M0=
-132,-39,Jo7Alc7P+HHVCWM/ZIgSccha+r8=,NY5eaOPO2KrTfwZTGM9xAIeD8M0=
-130,-38,Jo7Alc7P+HHVCWM/ZIgSccha+r8=,NY5eaOPO2KrTfwZTGM9xAIeD8M0=
-133,-37,Jo7Alc7P+HHVCWM/ZIgSccha+r8=,NY5eaOPO2KrTfwZTGM9xAIeD8M0=
-131,-38,Jo7Alc7P+HHVCWM/ZIgSccha+r8=,NY5eaOPO2KrTfwZTGM9xAIeD8M0=
-133,-36,Jo7Alc7P+HHVCWM/ZIgSccha+r8=,NY5eaOPO2KrTfwZTGM9xAIeD8M0=
-132,-38,Jo7Alc7P+HHVCWM/ZIgSccha+r8=,NY5eaOPO2KrTfwZTGM9xAIeD8M0=
-134,-39,Jo7Alc7P+HHVCWM/ZIgSccha+r8=,NY5eaOPO2KrTfwZTGM9xAIeD8M0=
-137,-36,Jo7Alc7P+HHVCWM/ZIgSccha+r8=,LT1wPoLd5ZB3aUPmzMpSIykHzT4=
-136,-38,Jo7Alc7P+HHVCWM/ZIgSccha+r8=,NY5eaOPO2KrTfwZTGM9xAIeD8M0=
-131,-39,Jo7Alc7P+HHVCWM/ZIgSccha+r8=,NY5eaOPO2KrTfwZTGM9xAIeD8M0=
-130,-39,Jo7Alc7P+HHVCWM/ZIgSccha+r8=,NY5eaOPO2KrTfwZTGM9xAIeD8M0=
-134,-36,Jo7Alc7P+HHVCWM/ZIgSccha+r8=,NY5eaOPO2KrTfwZTGM9xAIeD8M0=
-133,-38,Jo7Alc7P+HHVCWM/ZIgSccha+r8=,NY5eaOPO2KrTfwZTGM9xAIeD8M0=
-143,-33,Jo7Alc7P+HHVCWM/ZIgSccha+r8=,LT1wPoLd5ZB3aUPmzMpSIykHzT4=
-138,-33,Jo7Alc7P+HHVCWM/ZIgSccha+r8=,LT1wPoLd5ZB3aUPmzMpSIykHzT4=
-142,-33,Jo7Alc7P+HHVCWM/ZIgSccha+r8=,LT1wPoLd5ZB3aUPmzMpSIykHzT4=
-139,-33,Jo7Alc7P+HHVCWM/ZIgSccha+r8=,LT1wPoLd5ZB3aUPmzMpSIykHzT4=
-141,-33,Jo7Alc7P+HHVCWM/ZIgSccha+r8=,LT1wPoLd5ZB3aUPmzMpSIykHzT4=
-140,-33,Jo7Alc7P+HHVCWM/ZIgSccha+r8=,LT1wPoLd5ZB3aUPmzMpSIykHzT4=
-132,-33,Jo7Alc7P+HHVCWM/ZIgSccha+r8=,NY5eaOPO2KrTfwZTGM9xAIeD8M0=
-137,-33,Jo7Alc7P+HHVCWM/ZIgSccha+r8=,LT1wPoLd5ZB3aUPmzMpSIykHzT4=
-129,-37,Jo7Alc7P+HHVCWM/ZIgSccha+r8=,NY5eaOPO2KrTfwZTGM9xAIeD8M0=
-129,-41,Jo7Alc7P+HHVCWM/ZIgSccha+r8=,DCAWRIiihf2Ufu/+bx1+kiCte/0=
-133,-33,Jo7Alc7P+HHVCWM/ZIgSccha+r8=,NY5eaOPO2KrTfwZTGM9xAIeD8M0=
-129,-34,Jo7Alc7P+HHVCWM/ZIgSccha+r8=,NY5eaOPO2KrTfwZTGM9xAIeD8M0=
-129,-39,Jo7Alc7P+HHVCWM/ZIgSccha+r8=,NY5eaOPO2KrTfwZTGM9xAIeD8M0=
-129,-40,Jo7Alc7P+HHVCWM/ZIgSccha+r8=,NY5eaOPO2KrTfwZTGM9xAIeD8M0=
-129,-38,Jo7Alc7P+HHVCWM/ZIgSccha+r8=,NY5eaOPO2KrTfwZTGM9xAIeD8M0=
-129,-47,Jo7Alc7P+HHVCWM/ZIgSccha+r8=,DCAWRIiihf2Ufu/+bx1+kiCte/0=
-129,-35,Jo7Alc7P+HHVCWM/ZIgSccha+r8=,NY5eaOPO2KrTfwZTGM9xAIeD8M0=
-129,-46,Jo7Alc7P+HHVCWM/ZIgSccha+r8=,DCAWRIiihf2Ufu/+bx1+kiCte/0=
-129,-45,Jo7Alc7P+HHVCWM/ZIgSccha+r8=,DCAWRIiihf2Ufu/+bx1+kiCte/0=
-129,-36,Jo7Alc7P+HHVCWM/ZIgSccha+r8=,NY5eaOPO2KrTfwZTGM9xAIeD8M0=
-134,-33,Jo7Alc7P+HHVCWM/ZIgSccha+r8=,NY5eaOPO2KrTfwZTGM9xAIeD8M0=
-129,-44,Jo7Alc7P+HHVCWM/ZIgSccha+r8=,DCAWRIiihf2Ufu/+bx1+kiCte/0=
-135,-33,Jo7Alc7P+HHVCWM/ZIgSccha+r8=,NY5eaOPO2KrTfwZTGM9xAIeD8M0=
-129,-43,Jo7Alc7P+HHVCWM/ZIgSccha+r8=,DCAWRIiihf2Ufu/+bx1+kiCte/0=
-129,-42,Jo7Alc7P+HHVCWM/ZIgSccha+r8=,DCAWRIiihf2Ufu/+bx1+kiCte/0=
-136,-33,Jo7Alc7P+HHVCWM/ZIgSccha+r8=,NY5eaOPO2KrTfwZTGM9xAIeD8M0=
-130,-33,Jo7Alc7P+HHVCWM/ZIgSccha+r8=,NY5eaOPO2KrTfwZTGM9xAIeD8M0=
-131,-33,Jo7Alc7P+HHVCWM/ZIgSccha+r8=,NY5eaOPO2KrTfwZTGM9xAIeD8M0=
-144,-37,Jo7Alc7P+HHVCWM/ZIgSccha+r8=,LT1wPoLd5ZB3aUPmzMpSIykHzT4=
-144,-39,Jo7Alc7P+HHVCWM/ZIgSccha+r8=,LT1wPoLd5ZB3aUPmzMpSIykHzT4=
-144,-38,Jo7Alc7P+HHVCWM/ZIgSccha+r8=,LT1wPoLd5ZB3aUPmzMpSIykHzT4=
-144,-42,Jo7Alc7P+HHVCWM/ZIgSccha+r8=,a90L4BtodU9wAXudlmn2KkjWWGM=
-144,-43,Jo7Alc7P+HHVCWM/ZIgSccha+r8=,a90L4BtodU9wAXudlmn2KkjWWGM=
-144,-34,Jo7Alc7P+HHVCWM/ZIgSccha+r8=,LT1wPoLd5ZB3aUPmzMpSIykHzT4=
-144,-36,Jo7Alc7P+HHVCWM/ZIgSccha+r8=,LT1wPoLd5ZB3aUPmzMpSIykHzT4=
-144,-41,Jo7Alc7P+HHVCWM/ZIgSccha+r8=,a90L4BtodU9wAXudlmn2KkjWWGM=
-144,-44,Jo7Alc7P+HHVCWM/ZIgSccha+r8=,a90L4BtodU9wAXudlmn2KkjWWGM=
-144,-40,Jo7Alc7P+HHVCWM/ZIgSccha+r8=,LT1wPoLd5ZB3aUPmzMpSIykHzT4=
-144,-46,Jo7Alc7P+HHVCWM/ZIgSccha+r8=,a90L4BtodU9wAXudlmn2KkjWWGM=
-144,-35,Jo7Alc7P+HHVCWM/ZIgSccha+r8=,LT1wPoLd5ZB3aUPmzMpSIykHzT4=
-144,-45,Jo7Alc7P+HHVCWM/ZIgSccha+r8=,a90L4BtodU9wAXudlmn2KkjWWGM=
-144,-47,Jo7Alc7P+HHVCWM/ZIgSccha+r8=,a90L4BtodU9wAXudlmn2KkjWWGM=
-144,-33,Jo7Alc7P+HHVCWM/ZIgSccha+r8=,LT1wPoLd5ZB3aUPmzMpSIykHzT4=
-129,-33,Jo7Alc7P+HHVCWM/ZIgSccha+r8=,NY5eaOPO2KrTfwZTGM9xAIeD8M0=
-133,-48,Jo7Alc7P+HHVCWM/ZIgSccha+r8=,DCAWRIiihf2Ufu/+bx1+kiCte/0=
-132,-48,Jo7Alc7P+HHVCWM/ZIgSccha+r8=,DCAWRIiihf2Ufu/+bx1+kiCte/0=
-135,-48,Jo7Alc7P+HHVCWM/ZIgSccha+r8=,DCAWRIiihf2Ufu/+bx1+kiCte/0=
-134,-48,Jo7Alc7P+HHVCWM/ZIgSccha+r8=,DCAWRIiihf2Ufu/+bx1+kiCte/0=
-131,-48,Jo7Alc7P+HHVCWM/ZIgSccha+r8=,DCAWRIiihf2Ufu/+bx1+kiCte/0=
-129,-48,Jo7Alc7P+HHVCWM/ZIgSccha+r8=,DCAWRIiihf2Ufu/+bx1+kiCte/0=
-130,-48,Jo7Alc7P+HHVCWM/ZIgSccha+r8=,DCAWRIiihf2Ufu/+bx1+kiCte/0=
-141,-48,Jo7Alc7P+HHVCWM/ZIgSccha+r8=,a90L4BtodU9wAXudlmn2KkjWWGM=
-138,-48,Jo7Alc7P+HHVCWM/ZIgSccha+r8=,a90L4BtodU9wAXudlmn2KkjWWGM=
-140,-48,Jo7Alc7P+HHVCWM/ZIgSccha+r8=,a90L4BtodU9wAXudlmn2KkjWWGM=
-137,-48,Jo7Alc7P+HHVCWM/ZIgSccha+r8=,a90L4BtodU9wAXudlmn2KkjWWGM=
-142,-48,Jo7Alc7P+HHVCWM/ZIgSccha+r8=,a90L4BtodU9wAXudlmn2KkjWWGM=
-136,-48,Jo7Alc7P+HHVCWM/ZIgSccha+r8=,DCAWRIiihf2Ufu/+bx1+kiCte/0=
-139,-48,Jo7Alc7P+HHVCWM/ZIgSccha+r8=,a90L4BtodU9wAXudlmn2KkjWWGM=
-143,-48,Jo7Alc7P+HHVCWM/ZIgSccha+r8=,a90L4BtodU9wAXudlmn2KkjWWGM=
-144,-48,Jo7Alc7P+HHVCWM/ZIgSccha+r8=,a90L4BtodU9wAXudlmn2KkjWWGM=
-141,-53,6N2lsAgzjOvm1rrk091dBifKsUA=,LT1wPoLd5ZB3aUPmzMpSIykHzT4=
-142,-53,6N2lsAgzjOvm1rrk091dBifKsUA=,LT1wPoLd5ZB3aUPmzMpSIykHzT4=
-143,-53,6N2lsAgzjOvm1rrk091dBifKsUA=,LT1wPoLd5ZB3aUPmzMpSIykHzT4=
-138,-54,OzyuMAvglVMz31MKKNFCRKGpJu8=,LT1wPoLd5ZB3aUPmzMpSIykHzT4=
-139,-54,OzyuMAvglVMz31MKKNFCRKGpJu8=,LT1wPoLd5ZB3aUPmzMpSIykHzT4=
-140,-53,OzyuMAvglVMz31MKKNFCRKGpJu8=,LT1wPoLd5ZB3aUPmzMpSIykHzT4=
-141,-54,OzyuMAvglVMz31MKKNFCRKGpJu8=,LT1wPoLd5ZB3aUPmzMpSIykHzT4=
-140,-54,OzyuMAvglVMz31MKKNFCRKGpJu8=,LT1wPoLd5ZB3aUPmzMpSIykHzT4=
-142,-54,OzyuMAvglVMz31MKKNFCRKGpJu8=,LT1wPoLd5ZB3aUPmzMpSIykHzT4=
-138,-55,OzyuMAvglVMz31MKKNFCRKGpJu8=,LT1wPoLd5ZB3aUPmzMpSIykHzT4=
-143,-54,OzyuMAvglVMz31MKKNFCRKGpJu8=,LT1wPoLd5ZB3aUPmzMpSIykHzT4=
-138,-50,OzyuMAvglVMz31MKKNFCRKGpJu8=,LT1wPoLd5ZB3aUPmzMpSIykHzT4=
-140,-55,OzyuMAvglVMz31MKKNFCRKGpJu8=,LT1wPoLd5ZB3aUPmzMpSIykHzT4=
-139,-55,OzyuMAvglVMz31MKKNFCRKGpJu8=,LT1wPoLd5ZB3aUPmzMpSIykHzT4=
-139,-50,OzyuMAvglVMz31MKKNFCRKGpJu8=,LT1wPoLd5ZB3aUPmzMpSIykHzT4=
-140,-50,OzyuMAvglVMz31MKKNFCRKGpJu8=,LT1wPoLd5ZB3aUPmzMpSIykHzT4=
-141,-50,OzyuMAvglVMz31MKKNFCRKGpJu8=,LT1wPoLd5ZB3aUPmzMpSIykHzT4=
-141,-55,OzyuMAvglVMz31MKKNFCRKGpJu8=,LT1wPoLd5ZB3aUPmzMpSIykHzT4=
-143,-50,OzyuMAvglVMz31MKKNFCRKGpJu8=,LT1wPoLd5ZB3aUPmzMpSIykHzT4=
-142,-50,OzyuMAvglVMz31MKKNFCRKGpJu8=,LT1wPoLd5ZB3aUPmzMpSIykHzT4=
-138,-51,OzyuMAvglVMz31MKKNFCRKGpJu8=,LT1wPoLd5ZB3aUPmzMpSIykHzT4=
-142,-55,OzyuMAvglVMz31MKKNFCRKGpJu8=,LT1wPoLd5ZB3aUPmzMpSIykHzT4=
-139,-51,OzyuMAvglVMz31MKKNFCRKGpJu8=,LT1wPoLd5ZB3aUPmzMpSIykHzT4=
-140,-51,OzyuMAvglVMz31MKKNFCRKGpJu8=,LT1wPoLd5ZB3aUPmzMpSIykHzT4=
-141,-51,OzyuMAvglVMz31MKKNFCRKGpJu8=,LT1wPoLd5ZB3aUPmzMpSIykHzT4=
-142,-51,OzyuMAvglVMz31MKKNFCRKGpJu8=,LT1wPoLd5ZB3aUPmzMpSIykHzT4=
-143,-51,OzyuMAvglVMz31MKKNFCRKGpJu8=,LT1wPoLd5ZB3aUPmzMpSIykHzT4=
-138,-52,OzyuMAvglVMz31MKKNFCRKGpJu8=,LT1wPoLd5ZB3aUPmzMpSIykHzT4=
-140,-52,OzyuMAvglVMz31MKKNFCRKGpJu8=,LT1wPoLd5ZB3aUPmzMpSIykHzT4=
-139,-52,OzyuMAvglVMz31MKKNFCRKGpJu8=,LT1wPoLd5ZB3aUPmzMpSIykHzT4=
-142,-52,OzyuMAvglVMz31MKKNFCRKGpJu8=,LT1wPoLd5ZB3aUPmzMpSIykHzT4=
-141,-52,OzyuMAvglVMz31MKKNFCRKGpJu8=,LT1wPoLd5ZB3aUPmzMpSIykHzT4=
-143,-52,OzyuMAvglVMz31MKKNFCRKGpJu8=,LT1wPoLd5ZB3aUPmzMpSIykHzT4=
-143,-55,OzyuMAvglVMz31MKKNFCRKGpJu8=,LT1wPoLd5ZB3aUPmzMpSIykHzT4=
-138,-53,OzyuMAvglVMz31MKKNFCRKGpJu8=,LT1wPoLd5ZB3aUPmzMpSIykHzT4=
-139,-53,OzyuMAvglVMz31MKKNFCRKGpJu8=,LT1wPoLd5ZB3aUPmzMpSIykHzT4=
-135,-63,OzyuMAvglVMz31MKKNFCRKGpJu8=,mybFRR4BxvRZycjfYMHdpMEBd0o=
-131,-58,OzyuMAvglVMz31MKKNFCRKGpJu8=,mybFRR4BxvRZycjfYMHdpMEBd0o=
-130,-58,OzyuMAvglVMz31MKKNFCRKGpJu8=,mybFRR4BxvRZycjfYMHdpMEBd0o=
-133,-58,OzyuMAvglVMz31MKKNFCRKGpJu8=,mybFRR4BxvRZycjfYMHdpMEBd0o=
-136,-51,OzyuMAvglVMz31MKKNFCRKGpJu8=,DCAWRIiihf2Ufu/+bx1+kiCte/0=
-132,-58,OzyuMAvglVMz31MKKNFCRKGpJu8=,mybFRR4BxvRZycjfYMHdpMEBd0o=
-134,-63,OzyuMAvglVMz31MKKNFCRKGpJu8=,mybFRR4BxvRZycjfYMHdpMEBd0o=
-135,-58,OzyuMAvglVMz31MKKNFCRKGpJu8=,mybFRR4BxvRZycjfYMHdpMEBd0o=
-131,-59,OzyuMAvglVMz31MKKNFCRKGpJu8=,mybFRR4BxvRZycjfYMHdpMEBd0o=
-132,-59,OzyuMAvglVMz31MKKNFCRKGpJu8=,mybFRR4BxvRZycjfYMHdpMEBd0o=
-133,-59,OzyuMAvglVMz31MKKNFCRKGpJu8=,mybFRR4BxvRZycjfYMHdpMEBd0o=
-130,-51,OzyuMAvglVMz31MKKNFCRKGpJu8=,DCAWRIiihf2Ufu/+bx1+kiCte/0=
-140,-59,OzyuMAvglVMz31MKKNFCRKGpJu8=,a90L4BtodU9wAXudlmn2KkjWWGM=
-133,-63,OzyuMAvglVMz31MKKNFCRKGpJu8=,mybFRR4BxvRZycjfYMHdpMEBd0o=
-134,-59,OzyuMAvglVMz31MKKNFCRKGpJu8=,mybFRR4BxvRZycjfYMHdpMEBd0o=
-135,-59,OzyuMAvglVMz31MKKNFCRKGpJu8=,mybFRR4BxvRZycjfYMHdpMEBd0o=
-130,-60,OzyuMAvglVMz31MKKNFCRKGpJu8=,mybFRR4BxvRZycjfYMHdpMEBd0o=
-132,-57,OzyuMAvglVMz31MKKNFCRKGpJu8=,mybFRR4BxvRZycjfYMHdpMEBd0o=
-141,-59,OzyuMAvglVMz31MKKNFCRKGpJu8=,a90L4BtodU9wAXudlmn2KkjWWGM=
-139,-59,OzyuMAvglVMz31MKKNFCRKGpJu8=,a90L4BtodU9wAXudlmn2KkjWWGM=
-131,-60,OzyuMAvglVMz31MKKNFCRKGpJu8=,mybFRR4BxvRZycjfYMHdpMEBd0o=
-132,-63,OzyuMAvglVMz31MKKNFCRKGpJu8=,mybFRR4BxvRZycjfYMHdpMEBd0o=
-132,-60,OzyuMAvglVMz31MKKNFCRKGpJu8=,mybFRR4BxvRZycjfYMHdpMEBd0o=
-131,-50,OzyuMAvglVMz31MKKNFCRKGpJu8=,DCAWRIiihf2Ufu/+bx1+kiCte/0=
-136,-50,OzyuMAvglVMz31MKKNFCRKGpJu8=,DCAWRIiihf2Ufu/+bx1+kiCte/0=
-134,-60,OzyuMAvglVMz31MKKNFCRKGpJu8=,mybFRR4BxvRZycjfYMHdpMEBd0o=
-133,-60,OzyuMAvglVMz31MKKNFCRKGpJu8=,mybFRR4BxvRZycjfYMHdpMEBd0o=
-136,-56,OzyuMAvglVMz31MKKNFCRKGpJu8=,DCAWRIiihf2Ufu/+bx1+kiCte/0=
-135,-60,OzyuMAvglVMz31MKKNFCRKGpJu8=,mybFRR4BxvRZycjfYMHdpMEBd0o=
-130,-61,OzyuMAvglVMz31MKKNFCRKGpJu8=,mybFRR4BxvRZycjfYMHdpMEBd0o=
-131,-63,OzyuMAvglVMz31MKKNFCRKGpJu8=,mybFRR4BxvRZycjfYMHdpMEBd0o=
-135,-50,OzyuMAvglVMz31MKKNFCRKGpJu8=,DCAWRIiihf2Ufu/+bx1+kiCte/0=
-132,-50,OzyuMAvglVMz31MKKNFCRKGpJu8=,DCAWRIiihf2Ufu/+bx1+kiCte/0=
-131,-61,OzyuMAvglVMz31MKKNFCRKGpJu8=,mybFRR4BxvRZycjfYMHdpMEBd0o=
-138,-59,OzyuMAvglVMz31MKKNFCRKGpJu8=,a90L4BtodU9wAXudlmn2KkjWWGM=
-130,-63,OzyuMAvglVMz31MKKNFCRKGpJu8=,mybFRR4BxvRZycjfYMHdpMEBd0o=
-132,-61,OzyuMAvglVMz31MKKNFCRKGpJu8=,mybFRR4BxvRZycjfYMHdpMEBd0o=
-133,-61,OzyuMAvglVMz31MKKNFCRKGpJu8=,mybFRR4BxvRZycjfYMHdpMEBd0o=
-131,-57,OzyuMAvglVMz31MKKNFCRKGpJu8=,mybFRR4BxvRZycjfYMHdpMEBd0o=
-135,-61,OzyuMAvglVMz31MKKNFCRKGpJu8=,mybFRR4BxvRZycjfYMHdpMEBd0o=
-134,-61,OzyuMAvglVMz31MKKNFCRKGpJu8=,mybFRR4BxvRZycjfYMHdpMEBd0o=
-135,-62,OzyuMAvglVMz31MKKNFCRKGpJu8=,mybFRR4BxvRZycjfYMHdpMEBd0o=
-137,-59,OzyuMAvglVMz31MKKNFCRKGpJu8=,a90L4BtodU9wAXudlmn2KkjWWGM=
-130,-62,OzyuMAvglVMz31MKKNFCRKGpJu8=,mybFRR4BxvRZycjfYMHdpMEBd0o=
-142,-59,OzyuMAvglVMz31MKKNFCRKGpJu8=,a90L4BtodU9wAXudlmn2KkjWWGM=
-134,-54,OzyuMAvglVMz31MKKNFCRKGpJu8=,DCAWRIiihf2Ufu/+bx1+kiCte/0=
-133,-57,OzyuMAvglVMz31MKKNFCRKGpJu8=,mybFRR4BxvRZycjfYMHdpMEBd0o=
-134,-57,OzyuMAvglVMz31MKKNFCRKGpJu8=,mybFRR4BxvRZycjfYMHdpMEBd0o=
-143,-58,OzyuMAvglVMz31MKKNFCRKGpJu8=,a90L4BtodU9wAXudlmn2KkjWWGM=
-134,-62,OzyuMAvglVMz31MKKNFCRKGpJu8=,mybFRR4BxvRZycjfYMHdpMEBd0o=
-131,-62,OzyuMAvglVMz31MKKNFCRKGpJu8=,mybFRR4BxvRZycjfYMHdpMEBd0o=
-132,-62,OzyuMAvglVMz31MKKNFCRKGpJu8=,mybFRR4BxvRZycjfYMHdpMEBd0o=
-133,-62,OzyuMAvglVMz31MKKNFCRKGpJu8=,mybFRR4BxvRZycjfYMHdpMEBd0o=
-134,-53,OzyuMAvglVMz31MKKNFCRKGpJu8=,DCAWRIiihf2Ufu/+bx1+kiCte/0=
-143,-59,OzyuMAvglVMz31MKKNFCRKGpJu8=,a90L4BtodU9wAXudlmn2KkjWWGM=
-142,-58,OzyuMAvglVMz31MKKNFCRKGpJu8=,a90L4BtodU9wAXudlmn2KkjWWGM=
-135,-57,OzyuMAvglVMz31MKKNFCRKGpJu8=,mybFRR4BxvRZycjfYMHdpMEBd0o=
-136,-57,OzyuMAvglVMz31MKKNFCRKGpJu8=,mybFRR4BxvRZycjfYMHdpMEBd0o=
-136,-58,OzyuMAvglVMz31MKKNFCRKGpJu8=,mybFRR4BxvRZycjfYMHdpMEBd0o=
-133,-53,OzyuMAvglVMz31MKKNFCRKGpJu8=,DCAWRIiihf2Ufu/+bx1+kiCte/0=
-141,-58,OzyuMAvglVMz31MKKNFCRKGpJu8=,a90L4BtodU9wAXudlmn2KkjWWGM=
-138,-60,OzyuMAvglVMz31MKKNFCRKGpJu8=,a90L4BtodU9wAXudlmn2KkjWWGM=
-139,-60,OzyuMAvglVMz31MKKNFCRKGpJu8=,a90L4BtodU9wAXudlmn2KkjWWGM=
-141,-60,OzyuMAvglVMz31MKKNFCRKGpJu8=,a90L4BtodU9wAXudlmn2KkjWWGM=
-140,-60,OzyuMAvglVMz31MKKNFCRKGpJu8=,a90L4BtodU9wAXudlmn2KkjWWGM=
-137,-54,OzyuMAvglVMz31MKKNFCRKGpJu8=,LT1wPoLd5ZB3aUPmzMpSIykHzT4=
-132,-53,OzyuMAvglVMz31MKKNFCRKGpJu8=,DCAWRIiihf2Ufu/+bx1+kiCte/0=
-136,-59,OzyuMAvglVMz31MKKNFCRKGpJu8=,mybFRR4BxvRZycjfYMHdpMEBd0o=
-140,-58,OzyuMAvglVMz31MKKNFCRKGpJu8=,a90L4BtodU9wAXudlmn2KkjWWGM=
-142,-60,OzyuMAvglVMz31MKKNFCRKGpJu8=,a90L4BtodU9wAXudlmn2KkjWWGM=
-137,-60,OzyuMAvglVMz31MKKNFCRKGpJu8=,a90L4BtodU9wAXudlmn2KkjWWGM=
-143,-60,OzyuMAvglVMz31MKKNFCRKGpJu8=,a90L4BtodU9wAXudlmn2KkjWWGM=
-137,-61,OzyuMAvglVMz31MKKNFCRKGpJu8=,a90L4BtodU9wAXudlmn2KkjWWGM=
-138,-61,OzyuMAvglVMz31MKKNFCRKGpJu8=,a90L4BtodU9wAXudlmn2KkjWWGM=
-130,-57,OzyuMAvglVMz31MKKNFCRKGpJu8=,mybFRR4BxvRZycjfYMHdpMEBd0o=
-139,-61,OzyuMAvglVMz31MKKNFCRKGpJu8=,a90L4BtodU9wAXudlmn2KkjWWGM=
-139,-58,OzyuMAvglVMz31MKKNFCRKGpJu8=,a90L4BtodU9wAXudlmn2KkjWWGM=
-140,-61,OzyuMAvglVMz31MKKNFCRKGpJu8=,a90L4BtodU9wAXudlmn2KkjWWGM=
-136,-60,OzyuMAvglVMz31MKKNFCRKGpJu8=,mybFRR4BxvRZycjfYMHdpMEBd0o=
-137,-56,OzyuMAvglVMz31MKKNFCRKGpJu8=,LT1wPoLd5ZB3aUPmzMpSIykHzT4=
-138,-56,OzyuMAvglVMz31MKKNFCRKGpJu8=,LT1wPoLd5ZB3aUPmzMpSIykHzT4=
-132,-55,OzyuMAvglVMz31MKKNFCRKGpJu8=,DCAWRIiihf2Ufu/+bx1+kiCte/0=
-141,-61,OzyuMAvglVMz31MKKNFCRKGpJu8=,a90L4BtodU9wAXudlmn2KkjWWGM=
-136,-63,OzyuMAvglVMz31MKKNFCRKGpJu8=,mybFRR4BxvRZycjfYMHdpMEBd0o=
-142,-61,OzyuMAvglVMz31MKKNFCRKGpJu8=,a90L4BtodU9wAXudlmn2KkjWWGM=
-131,-51,OzyuMAvglVMz31MKKNFCRKGpJu8=,DCAWRIiihf2Ufu/+bx1+kiCte/0=
-143,-61,OzyuMAvglVMz31MKKNFCRKGpJu8=,a90L4BtodU9wAXudlmn2KkjWWGM=
-139,-56,OzyuMAvglVMz31MKKNFCRKGpJu8=,LT1wPoLd5ZB3aUPmzMpSIykHzT4=
-131,-53,OzyuMAvglVMz31MKKNFCRKGpJu8=,DCAWRIiihf2Ufu/+bx1+kiCte/0=
-137,-62,OzyuMAvglVMz31MKKNFCRKGpJu8=,a90L4BtodU9wAXudlmn2KkjWWGM=
-138,-58,OzyuMAvglVMz31MKKNFCRKGpJu8=,a90L4BtodU9wAXudlmn2KkjWWGM=
-140,-56,OzyuMAvglVMz31MKKNFCRKGpJu8=,LT1wPoLd5ZB3aUPmzMpSIykHzT4=
-138,-62,OzyuMAvglVMz31MKKNFCRKGpJu8=,a90L4BtodU9wAXudlmn2KkjWWGM=
-141,-56,OzyuMAvglVMz31MKKNFCRKGpJu8=,LT1wPoLd5ZB3aUPmzMpSIykHzT4=
-136,-61,OzyuMAvglVMz31MKKNFCRKGpJu8=,mybFRR4BxvRZycjfYMHdpMEBd0o=
-130,-53,OzyuMAvglVMz31MKKNFCRKGpJu8=,DCAWRIiihf2Ufu/+bx1+kiCte/0=
-139,-62,OzyuMAvglVMz31MKKNFCRKGpJu8=,a90L4BtodU9wAXudlmn2KkjWWGM=
-137,-58,OzyuMAvglVMz31MKKNFCRKGpJu8=,a90L4BtodU9wAXudlmn2KkjWWGM=
-133,-50,OzyuMAvglVMz31MKKNFCRKGpJu8=,DCAWRIiihf2Ufu/+bx1+kiCte/0=
-140,-62,OzyuMAvglVMz31MKKNFCRKGpJu8=,a90L4BtodU9wAXudlmn2KkjWWGM=
-141,-62,OzyuMAvglVMz31MKKNFCRKGpJu8=,a90L4BtodU9wAXudlmn2KkjWWGM=
-142,-62,OzyuMAvglVMz31MKKNFCRKGpJu8=,a90L4BtodU9wAXudlmn2KkjWWGM=
-136,-52,OzyuMAvglVMz31MKKNFCRKGpJu8=,DCAWRIiihf2Ufu/+bx1+kiCte/0=
-143,-62,OzyuMAvglVMz31MKKNFCRKGpJu8=,a90L4BtodU9wAXudlmn2KkjWWGM=
-143,-57,OzyuMAvglVMz31MKKNFCRKGpJu8=,a90L4BtodU9wAXudlmn2KkjWWGM=
-135,-54,OzyuMAvglVMz31MKKNFCRKGpJu8=,DCAWRIiihf2Ufu/+bx1+kiCte/0=
-137,-63,OzyuMAvglVMz31MKKNFCRKGpJu8=,a90L4BtodU9wAXudlmn2KkjWWGM=
-138,-63,OzyuMAvglVMz31MKKNFCRKGpJu8=,a90L4BtodU9wAXudlmn2KkjWWGM=
-139,-63,OzyuMAvglVMz31MKKNFCRKGpJu8=,a90L4BtodU9wAXudlmn2KkjWWGM=
-135,-56,OzyuMAvglVMz31MKKNFCRKGpJu8=,DCAWRIiihf2Ufu/+bx1+kiCte/0=
-140,-63,OzyuMAvglVMz31MKKNFCRKGpJu8=,a90L4BtodU9wAXudlmn2KkjWWGM=
-142,-57,OzyuMAvglVMz31MKKNFCRKGpJu8=,a90L4BtodU9wAXudlmn2KkjWWGM=
-132,-51,OzyuMAvglVMz31MKKNFCRKGpJu8=,DCAWRIiihf2Ufu/+bx1+kiCte/0=
-142,-56,OzyuMAvglVMz31MKKNFCRKGpJu8=,LT1wPoLd5ZB3aUPmzMpSIykHzT4=
-134,-58,OzyuMAvglVMz31MKKNFCRKGpJu8=,mybFRR4BxvRZycjfYMHdpMEBd0o=
-143,-56,OzyuMAvglVMz31MKKNFCRKGpJu8=,LT1wPoLd5ZB3aUPmzMpSIykHzT4=
-135,-52,OzyuMAvglVMz31MKKNFCRKGpJu8=,DCAWRIiihf2Ufu/+bx1+kiCte/0=
-142,-63,OzyuMAvglVMz31MKKNFCRKGpJu8=,a90L4BtodU9wAXudlmn2KkjWWGM=
-137,-57,OzyuMAvglVMz31MKKNFCRKGpJu8=,a90L4BtodU9wAXudlmn2KkjWWGM=
-143,-63,OzyuMAvglVMz31MKKNFCRKGpJu8=,a90L4BtodU9wAXudlmn2KkjWWGM=
-141,-57,OzyuMAvglVMz31MKKNFCRKGpJu8=,a90L4BtodU9wAXudlmn2KkjWWGM=
-138,-57,OzyuMAvglVMz31MKKNFCRKGpJu8=,a90L4BtodU9wAXudlmn2KkjWWGM=
-136,-62,OzyuMAvglVMz31MKKNFCRKGpJu8=,mybFRR4BxvRZycjfYMHdpMEBd0o=
-139,-57,OzyuMAvglVMz31MKKNFCRKGpJu8=,a90L4BtodU9wAXudlmn2KkjWWGM=
-140,-57,OzyuMAvglVMz31MKKNFCRKGpJu8=,a90L4BtodU9wAXudlmn2KkjWWGM=
-132,-56,OzyuMAvglVMz31MKKNFCRKGpJu8=,DCAWRIiihf2Ufu/+bx1+kiCte/0=
-133,-51,OzyuMAvglVMz31MKKNFCRKGpJu8=,DCAWRIiihf2Ufu/+bx1+kiCte/0=
-133,-55,OzyuMAvglVMz31MKKNFCRKGpJu8=,DCAWRIiihf2Ufu/+bx1+kiCte/0=
-130,-50,OzyuMAvglVMz31MKKNFCRKGpJu8=,DCAWRIiihf2Ufu/+bx1+kiCte/0=
-133,-56,OzyuMAvglVMz31MKKNFCRKGpJu8=,DCAWRIiihf2Ufu/+bx1+kiCte/0=
-134,-50,OzyuMAvglVMz31MKKNFCRKGpJu8=,DCAWRIiihf2Ufu/+bx1+kiCte/0=
-137,-50,OzyuMAvglVMz31MKKNFCRKGpJu8=,LT1wPoLd5ZB3aUPmzMpSIykHzT4=
-137,-55,OzyuMAvglVMz31MKKNFCRKGpJu8=,LT1wPoLd5ZB3aUPmzMpSIykHzT4=
-137,-53,OzyuMAvglVMz31MKKNFCRKGpJu8=,LT1wPoLd5ZB3aUPmzMpSIykHzT4=
-134,-55,OzyuMAvglVMz31MKKNFCRKGpJu8=,DCAWRIiihf2Ufu/+bx1+kiCte/0=
-130,-52,OzyuMAvglVMz31MKKNFCRKGpJu8=,DCAWRIiihf2Ufu/+bx1+kiCte/0=
-136,-54,OzyuMAvglVMz31MKKNFCRKGpJu8=,DCAWRIiihf2Ufu/+bx1+kiCte/0=
-137,-51,OzyuMAvglVMz31MKKNFCRKGpJu8=,LT1wPoLd5ZB3aUPmzMpSIykHzT4=
-131,-52,OzyuMAvglVMz31MKKNFCRKGpJu8=,DCAWRIiihf2Ufu/+bx1+kiCte/0=
-134,-51,OzyuMAvglVMz31MKKNFCRKGpJu8=,DCAWRIiihf2Ufu/+bx1+kiCte/0=
-135,-55,OzyuMAvglVMz31MKKNFCRKGpJu8=,DCAWRIiihf2Ufu/+bx1+kiCte/0=
-136,-55,OzyuMAvglVMz31MKKNFCRKGpJu8=,DCAWRIiihf2Ufu/+bx1+kiCte/0=
-132,-52,OzyuMAvglVMz31MKKNFCRKGpJu8=,DCAWRIiihf2Ufu/+bx1+kiCte/0=
-137,-52,OzyuMAvglVMz31MKKNFCRKGpJu8=,LT1wPoLd5ZB3aUPmzMpSIykHzT4=
-133,-52,OzyuMAvglVMz31MKKNFCRKGpJu8=,DCAWRIiihf2Ufu/+bx1+kiCte/0=
-130,-55,OzyuMAvglVMz31MKKNFCRKGpJu8=,DCAWRIiihf2Ufu/+bx1+kiCte/0=
-132,-54,OzyuMAvglVMz31MKKNFCRKGpJu8=,DCAWRIiihf2Ufu/+bx1+kiCte/0=
-131,-55,OzyuMAvglVMz31MKKNFCRKGpJu8=,DCAWRIiihf2Ufu/+bx1+kiCte/0=
-135,-53,OzyuMAvglVMz31MKKNFCRKGpJu8=,DCAWRIiihf2Ufu/+bx1+kiCte/0=
-136,-53,OzyuMAvglVMz31MKKNFCRKGpJu8=,DCAWRIiihf2Ufu/+bx1+kiCte/0=
-130,-56,OzyuMAvglVMz31MKKNFCRKGpJu8=,DCAWRIiihf2Ufu/+bx1+kiCte/0=
-135,-51,OzyuMAvglVMz31MKKNFCRKGpJu8=,DCAWRIiihf2Ufu/+bx1+kiCte/0=
-134,-52,OzyuMAvglVMz31MKKNFCRKGpJu8=,DCAWRIiihf2Ufu/+bx1+kiCte/0=
-130,-54,OzyuMAvglVMz31MKKNFCRKGpJu8=,DCAWRIiihf2Ufu/+bx1+kiCte/0=
-131,-56,OzyuMAvglVMz31MKKNFCRKGpJu8=,DCAWRIiihf2Ufu/+bx1+kiCte/0=
-134,-56,OzyuMAvglVMz31MKKNFCRKGpJu8=,DCAWRIiihf2Ufu/+bx1+kiCte/0=
-131,-54,OzyuMAvglVMz31MKKNFCRKGpJu8=,DCAWRIiihf2Ufu/+bx1+kiCte/0=
-130,-59,OzyuMAvglVMz31MKKNFCRKGpJu8=,mybFRR4BxvRZycjfYMHdpMEBd0o=
-141,-63,OzyuMAvglVMz31MKKNFCRKGpJu8=,a90L4BtodU9wAXudlmn2KkjWWGM=
-133,-54,OzyuMAvglVMz31MKKNFCRKGpJu8=,DCAWRIiihf2Ufu/+bx1+kiCte/0=
-140,-49,OzyuMAvglVMz31MKKNFCRKGpJu8=,LT1wPoLd5ZB3aUPmzMpSIykHzT4=
-141,-49,OzyuMAvglVMz31MKKNFCRKGpJu8=,LT1wPoLd5ZB3aUPmzMpSIykHzT4=
-138,-49,OzyuMAvglVMz31MKKNFCRKGpJu8=,LT1wPoLd5ZB3aUPmzMpSIykHzT4=
-142,-49,OzyuMAvglVMz31MKKNFCRKGpJu8=,LT1wPoLd5ZB3aUPmzMpSIykHzT4=
-139,-49,OzyuMAvglVMz31MKKNFCRKGpJu8=,LT1wPoLd5ZB3aUPmzMpSIykHzT4=
-143,-49,OzyuMAvglVMz31MKKNFCRKGpJu8=,LT1wPoLd5ZB3aUPmzMpSIykHzT4=
-130,-49,OzyuMAvglVMz31MKKNFCRKGpJu8=,DCAWRIiihf2Ufu/+bx1+kiCte/0=
-137,-49,OzyuMAvglVMz31MKKNFCRKGpJu8=,LT1wPoLd5ZB3aUPmzMpSIykHzT4=
-133,-49,OzyuMAvglVMz31MKKNFCRKGpJu8=,DCAWRIiihf2Ufu/+bx1+kiCte/0=
-131,-49,OzyuMAvglVMz31MKKNFCRKGpJu8=,DCAWRIiihf2Ufu/+bx1+kiCte/0=
-134,-49,OzyuMAvglVMz31MKKNFCRKGpJu8=,DCAWRIiihf2Ufu/+bx1+kiCte/0=
-136,-49,OzyuMAvglVMz31MKKNFCRKGpJu8=,DCAWRIiihf2Ufu/+bx1+kiCte/0=
-132,-49,OzyuMAvglVMz31MKKNFCRKGpJu8=,DCAWRIiihf2Ufu/+bx1+kiCte/0=
-135,-49,OzyuMAvglVMz31MKKNFCRKGpJu8=,DCAWRIiihf2Ufu/+bx1+kiCte/0=
-144,-54,OzyuMAvglVMz31MKKNFCRKGpJu8=,LT1wPoLd5ZB3aUPmzMpSIykHzT4=
-144,-50,OzyuMAvglVMz31MKKNFCRKGpJu8=,LT1wPoLd5ZB3aUPmzMpSIykHzT4=
-144,-52,OzyuMAvglVMz31MKKNFCRKGpJu8=,LT1wPoLd5ZB3aUPmzMpSIykHzT4=
-144,-55,OzyuMAvglVMz31MKKNFCRKGpJu8=,LT1wPoLd5ZB3aUPmzMpSIykHzT4=
-144,-53,OzyuMAvglVMz31MKKNFCRKGpJu8=,LT1wPoLd5ZB3aUPmzMpSIykHzT4=
-144,-51,OzyuMAvglVMz31MKKNFCRKGpJu8=,LT1wPoLd5ZB3aUPmzMpSIykHzT4=
-143,-64,OzyuMAvglVMz31MKKNFCRKGpJu8=,a90L4BtodU9wAXudlmn2KkjWWGM=
-139,-64,OzyuMAvglVMz31MKKNFCRKGpJu8=,a90L4BtodU9wAXudlmn2KkjWWGM=
-138,-64,OzyuMAvglVMz31MKKNFCRKGpJu8=,a90L4BtodU9wAXudlmn2KkjWWGM=
-140,-64,OzyuMAvglVMz31MKKNFCRKGpJu8=,a90L4BtodU9wAXudlmn2KkjWWGM=
-141,-64,OzyuMAvglVMz31MKKNFCRKGpJu8=,a90L4BtodU9wAXudlmn2KkjWWGM=
-142,-64,OzyuMAvglVMz31MKKNFCRKGpJu8=,a90L4BtodU9wAXudlmn2KkjWWGM=
-129,-63,OzyuMAvglVMz31MKKNFCRKGpJu8=,mybFRR4BxvRZycjfYMHdpMEBd0o=
-129,-51,OzyuMAvglVMz31MKKNFCRKGpJu8=,DCAWRIiihf2Ufu/+bx1+kiCte/0=
-129,-60,OzyuMAvglVMz31MKKNFCRKGpJu8=,mybFRR4BxvRZycjfYMHdpMEBd0o=
-129,-59,OzyuMAvglVMz31MKKNFCRKGpJu8=,mybFRR4BxvRZycjfYMHdpMEBd0o=
-129,-62,OzyuMAvglVMz31MKKNFCRKGpJu8=,mybFRR4BxvRZycjfYMHdpMEBd0o=
-129,-58,OzyuMAvglVMz31MKKNFCRKGpJu8=,mybFRR4BxvRZycjfYMHdpMEBd0o=
-129,-50,OzyuMAvglVMz31MKKNFCRKGpJu8=,DCAWRIiihf2Ufu/+bx1+kiCte/0=
-129,-55,OzyuMAvglVMz31MKKNFCRKGpJu8=,DCAWRIiihf2Ufu/+bx1+kiCte/0=
-129,-57,OzyuMAvglVMz31MKKNFCRKGpJu8=,mybFRR4BxvRZycjfYMHdpMEBd0o=
-129,-61,OzyuMAvglVMz31MKKNFCRKGpJu8=,mybFRR4BxvRZycjfYMHdpMEBd0o=
-129,-56,OzyuMAvglVMz31MKKNFCRKGpJu8=,DCAWRIiihf2Ufu/+bx1+kiCte/0=
-129,-54,OzyuMAvglVMz31MKKNFCRKGpJu8=,DCAWRIiihf2Ufu/+bx1+kiCte/0=
-129,-52,OzyuMAvglVMz31MKKNFCRKGpJu8=,DCAWRIiihf2Ufu/+bx1+kiCte/0=
-129,-53,OzyuMAvglVMz31MKKNFCRKGpJu8=,DCAWRIiihf2Ufu/+bx1+kiCte/0=
-144,-58,OzyuMAvglVMz31MKKNFCRKGpJu8=,a90L4BtodU9wAXudlmn2KkjWWGM=
-144,-59,OzyuMAvglVMz31MKKNFCRKGpJu8=,a90L4BtodU9wAXudlmn2KkjWWGM=
-144,-60,OzyuMAvglVMz31MKKNFCRKGpJu8=,a90L4BtodU9wAXudlmn2KkjWWGM=
-144,-61,OzyuMAvglVMz31MKKNFCRKGpJu8=,a90L4BtodU9wAXudlmn2KkjWWGM=
-144,-62,OzyuMAvglVMz31MKKNFCRKGpJu8=,a90L4BtodU9wAXudlmn2KkjWWGM=
-136,-64,OzyuMAvglVMz31MKKNFCRKGpJu8=,mybFRR4BxvRZycjfYMHdpMEBd0o=
-135,-64,OzyuMAvglVMz31MKKNFCRKGpJu8=,mybFRR4BxvRZycjfYMHdpMEBd0o=
-144,-57,OzyuMAvglVMz31MKKNFCRKGpJu8=,a90L4BtodU9wAXudlmn2KkjWWGM=
-144,-63,OzyuMAvglVMz31MKKNFCRKGpJu8=,a90L4BtodU9wAXudlmn2KkjWWGM=
-144,-56,OzyuMAvglVMz31MKKNFCRKGpJu8=,LT1wPoLd5ZB3aUPmzMpSIykHzT4=
-134,-64,OzyuMAvglVMz31MKKNFCRKGpJu8=,mybFRR4BxvRZycjfYMHdpMEBd0o=
-144,-49,OzyuMAvglVMz31MKKNFCRKGpJu8=,LT1wPoLd5ZB3aUPmzMpSIykHzT4=
-137,-64,OzyuMAvglVMz31MKKNFCRKGpJu8=,a90L4BtodU9wAXudlmn2KkjWWGM=
-129,-64,OzyuMAvglVMz31MKKNFCRKGpJu8=,mybFRR4BxvRZycjfYMHdpMEBd0o=
-131,-64,OzyuMAvglVMz31MKKNFCRKGpJu8=,mybFRR4BxvRZycjfYMHdpMEBd0o=
-132,-64,OzyuMAvglVMz31MKKNFCRKGpJu8=,mybFRR4BxvRZycjfYMHdpMEBd0o=
-133,-64,OzyuMAvglVMz31MKKNFCRKGpJu8=,mybFRR4BxvRZycjfYMHdpMEBd0o=
-130,-64,OzyuMAvglVMz31MKKNFCRKGpJu8=,mybFRR4BxvRZycjfYMHdpMEBd0o=
-144,-64,OzyuMAvglVMz31MKKNFCRKGpJu8=,a90L4BtodU9wAXudlmn2KkjWWGM=
-129,-49,OzyuMAvglVMz31MKKNFCRKGpJu8=,DCAWRIiihf2Ufu/+bx1+kiCte/0=
-151,-63,mQpo503W9yp6klfzxJXMqpKUtIA=,EZh3Ughn66Y2d+/K+/HlAGgGZVE=
-146,-58,mQpo503W9yp6klfzxJXMqpKUtIA=,EZh3Ughn66Y2d+/K+/HlAGgGZVE=
-147,-58,mQpo503W9yp6klfzxJXMqpKUtIA=,EZh3Ughn66Y2d+/K+/HlAGgGZVE=
-148,-58,mQpo503W9yp6klfzxJXMqpKUtIA=,EZh3Ughn66Y2d+/K+/HlAGgGZVE=
-151,-58,mQpo503W9yp6klfzxJXMqpKUtIA=,EZh3Ughn66Y2d+/K+/HlAGgGZVE=
-146,-59,mQpo503W9yp6klfzxJXMqpKUtIA=,EZh3Ughn66Y2d+/K+/HlAGgGZVE=
-147,-59,mQpo503W9yp6klfzxJXMqpKUtIA=,EZh3Ughn66Y2d+/K+/HlAGgGZVE=
-150,-59,mQpo503W9yp6klfzxJXMqpKUtIA=,EZh3Ughn66Y2d+/K+/HlAGgGZVE=
-149,-59,mQpo503W9yp6klfzxJXMqpKUtIA=,EZh3Ughn66Y2d+/K+/HlAGgGZVE=
-156,-59,mQpo503W9yp6klfzxJXMqpKUtIA=,1Hb94Vha4JvNi5AEAycw4U4uqqg=
-151,-59,mQpo503W9yp6klfzxJXMqpKUtIA=,EZh3Ughn66Y2d+/K+/HlAGgGZVE=
-155,-59,mQpo503W9yp6klfzxJXMqpKUtIA=,1Hb94Vha4JvNi5AEAycw4U4uqqg=
-146,-60,mQpo503W9yp6klfzxJXMqpKUtIA=,EZh3Ughn66Y2d+/K+/HlAGgGZVE=
-147,-60,mQpo503W9yp6klfzxJXMqpKUtIA=,EZh3Ughn66Y2d+/K+/HlAGgGZVE=
-154,-59,mQpo503W9yp6klfzxJXMqpKUtIA=,1Hb94Vha4JvNi5AEAycw4U4uqqg=
-157,-59,mQpo503W9yp6klfzxJXMqpKUtIA=,1Hb94Vha4JvNi5AEAycw4U4uqqg=
-148,-60,mQpo503W9yp6klfzxJXMqpKUtIA=,EZh3Ughn66Y2d+/K+/HlAGgGZVE=
-158,-59,mQpo503W9yp6klfzxJXMqpKUtIA=,1Hb94Vha4JvNi5AEAycw4U4uqqg=
-159,-59,mQpo503W9yp6klfzxJXMqpKUtIA=,1Hb94Vha4JvNi5AEAycw4U4uqqg=
-149,-60,mQpo503W9yp6klfzxJXMqpKUtIA=,EZh3Ughn66Y2d+/K+/HlAGgGZVE=
-150,-60,mQpo503W9yp6klfzxJXMqpKUtIA=,EZh3Ughn66Y2d+/K+/HlAGgGZVE=
-151,-60,mQpo503W9yp6klfzxJXMqpKUtIA=,EZh3Ughn66Y2d+/K+/HlAGgGZVE=
-153,-59,mQpo503W9yp6klfzxJXMqpKUtIA=,1Hb94Vha4JvNi5AEAycw4U4uqqg=
-153,-60,mQpo503W9yp6klfzxJXMqpKUtIA=,1Hb94Vha4JvNi5AEAycw4U4uqqg=
-146,-61,mQpo503W9yp6klfzxJXMqpKUtIA=,EZh3Ughn66Y2d+/K+/HlAGgGZVE=
-154,-60,mQpo503W9yp6klfzxJXMqpKUtIA=,1Hb94Vha4JvNi5AEAycw4U4uqqg=
-147,-61,mQpo503W9yp6klfzxJXMqpKUtIA=,EZh3Ughn66Y2d+/K+/HlAGgGZVE=
-155,-60,mQpo503W9yp6klfzxJXMqpKUtIA=,1Hb94Vha4JvNi5AEAycw4U4uqqg=
-156,-60,mQpo503W9yp6klfzxJXMqpKUtIA=,1Hb94Vha4JvNi5AEAycw4U4uqqg=
-152,-58,mQpo503W9yp6klfzxJXMqpKUtIA=,EZh3Ughn66Y2d+/K+/HlAGgGZVE=
-159,-58,mQpo503W9yp6klfzxJXMqpKUtIA=,1Hb94Vha4JvNi5AEAycw4U4uqqg=
-150,-61,mQpo503W9yp6klfzxJXMqpKUtIA=,EZh3Ughn66Y2d+/K+/HlAGgGZVE=
-148,-61,mQpo503W9yp6klfzxJXMqpKUtIA=,EZh3Ughn66Y2d+/K+/HlAGgGZVE=
-149,-61,mQpo503W9yp6klfzxJXMqpKUtIA=,EZh3Ughn66Y2d+/K+/HlAGgGZVE=
-157,-60,mQpo503W9yp6klfzxJXMqpKUtIA=,1Hb94Vha4JvNi5AEAycw4U4uqqg=
-151,-61,mQpo503W9yp6klfzxJXMqpKUtIA=,EZh3Ughn66Y2d+/K+/HlAGgGZVE=
-158,-60,mQpo503W9yp6klfzxJXMqpKUtIA=,1Hb94Vha4JvNi5AEAycw4U4uqqg=
-146,-62,mQpo503W9yp6klfzxJXMqpKUtIA=,EZh3Ughn66Y2d+/K+/HlAGgGZVE=
-158,-58,mQpo503W9yp6klfzxJXMqpKUtIA=,1Hb94Vha4JvNi5AEAycw4U4uqqg=
-148,-62,mQpo503W9yp6klfzxJXMqpKUtIA=,EZh3Ughn66Y2d+/K+/HlAGgGZVE=
-147,-62,mQpo503W9yp6klfzxJXMqpKUtIA=,EZh3Ughn66Y2d+/K+/HlAGgGZVE=
-159,-60,mQpo503W9yp6klfzxJXMqpKUtIA=,1Hb94Vha4JvNi5AEAycw4U4uqqg=
-149,-62,mQpo503W9yp6klfzxJXMqpKUtIA=,EZh3Ughn66Y2d+/K+/HlAGgGZVE=
-152,-59,mQpo503W9yp6klfzxJXMqpKUtIA=,EZh3Ughn66Y2d+/K+/HlAGgGZVE=
-157,-58,mQpo503W9yp6klfzxJXMqpKUtIA=,1Hb94Vha4JvNi5AEAycw4U4uqqg=
-153,-61,mQpo503W9yp6klfzxJXMqpKUtIA=,1Hb94Vha4JvNi5AEAycw4U4uqqg=
-151,-62,mQpo503W9yp6klfzxJXMqpKUtIA=,EZh3Ughn66Y2d+/K+/HlAGgGZVE=
-150,-62,mQpo503W9yp6klfzxJXMqpKUtIA=,EZh3Ughn66Y2d+/K+/HlAGgGZVE=
-154,-61,mQpo503W9yp6klfzxJXMqpKUtIA=,1Hb94Vha4JvNi5AEAycw4U4uqqg=
-155,-61,mQpo503W9yp6klfzxJXMqpKUtIA=,1Hb94Vha4JvNi5AEAycw4U4uqqg=
-146,-63,mQpo503W9yp6klfzxJXMqpKUtIA=,EZh3Ughn66Y2d+/K+/HlAGgGZVE=
-147,-63,mQpo503W9yp6klfzxJXMqpKUtIA=,EZh3Ughn66Y2d+/K+/HlAGgGZVE=
-156,-58,mQpo503W9yp6klfzxJXMqpKUtIA=,1Hb94Vha4JvNi5AEAycw4U4uqqg=
-148,-63,mQpo503W9yp6klfzxJXMqpKUtIA=,EZh3Ughn66Y2d+/K+/HlAGgGZVE=
-152,-60,mQpo503W9yp6klfzxJXMqpKUtIA=,EZh3Ughn66Y2d+/K+/HlAGgGZVE=
-156,-61,mQpo503W9yp6klfzxJXMqpKUtIA=,1Hb94Vha4JvNi5AEAycw4U4uqqg=
-157,-61,mQpo503W9yp6klfzxJXMqpKUtIA=,1Hb94Vha4JvNi5AEAycw4U4uqqg=
-149,-63,mQpo503W9yp6klfzxJXMqpKUtIA=,EZh3Ughn66Y2d+/K+/HlAGgGZVE=
-150,-63,mQpo503W9yp6klfzxJXMqpKUtIA=,EZh3Ughn66Y2d+/K+/HlAGgGZVE=
-158,-61,mQpo503W9yp6klfzxJXMqpKUtIA=,1Hb94Vha4JvNi5AEAycw4U4uqqg=
-152,-61,mQpo503W9yp6klfzxJXMqpKUtIA=,EZh3Ughn66Y2d+/K+/HlAGgGZVE=
-159,-61,mQpo503W9yp6klfzxJXMqpKUtIA=,1Hb94Vha4JvNi5AEAycw4U4uqqg=
-156,-62,mQpo503W9yp6klfzxJXMqpKUtIA=,1Hb94Vha4JvNi5AEAycw4U4uqqg=
-155,-58,mQpo503W9yp6klfzxJXMqpKUtIA=,1Hb94Vha4JvNi5AEAycw4U4uqqg=
-155,-62,mQpo503W9yp6klfzxJXMqpKUtIA=,1Hb94Vha4JvNi5AEAycw4U4uqqg=
-154,-62,mQpo503W9yp6klfzxJXMqpKUtIA=,1Hb94Vha4JvNi5AEAycw4U4uqqg=
-153,-62,mQpo503W9yp6klfzxJXMqpKUtIA=,1Hb94Vha4JvNi5AEAycw4U4uqqg=
-157,-62,mQpo503W9yp6klfzxJXMqpKUtIA=,1Hb94Vha4JvNi5AEAycw4U4uqqg=
-158,-62,mQpo503W9yp6klfzxJXMqpKUtIA=,1Hb94Vha4JvNi5AEAycw4U4uqqg=
-152,-62,mQpo503W9yp6klfzxJXMqpKUtIA=,EZh3Ughn66Y2d+/K+/HlAGgGZVE=
-154,-58,mQpo503W9yp6klfzxJXMqpKUtIA=,1Hb94Vha4JvNi5AEAycw4U4uqqg=
-159,-62,mQpo503W9yp6klfzxJXMqpKUtIA=,1Hb94Vha4JvNi5AEAycw4U4uqqg=
-153,-63,mQpo503W9yp6klfzxJXMqpKUtIA=,1Hb94Vha4JvNi5AEAycw4U4uqqg=
-154,-63,mQpo503W9yp6klfzxJXMqpKUtIA=,1Hb94Vha4JvNi5AEAycw4U4uqqg=
-155,-63,mQpo503W9yp6klfzxJXMqpKUtIA=,1Hb94Vha4JvNi5AEAycw4U4uqqg=
-156,-63,mQpo503W9yp6klfzxJXMqpKUtIA=,1Hb94Vha4JvNi5AEAycw4U4uqqg=
-149,-58,mQpo503W9yp6klfzxJXMqpKUtIA=,EZh3Ughn66Y2d+/K+/HlAGgGZVE=
-158,-63,mQpo503W9yp6klfzxJXMqpKUtIA=,1Hb94Vha4JvNi5AEAycw4U4uqqg=
-153,-58,mQpo503W9yp6klfzxJXMqpKUtIA=,1Hb94Vha4JvNi5AEAycw4U4uqqg=
-159,-63,mQpo503W9yp6klfzxJXMqpKUtIA=,1Hb94Vha4JvNi5AEAycw4U4uqqg=
-152,-63,mQpo503W9yp6klfzxJXMqpKUtIA=,EZh3Ughn66Y2d+/K+/HlAGgGZVE=
-157,-63,mQpo503W9yp6klfzxJXMqpKUtIA=,1Hb94Vha4JvNi5AEAycw4U4uqqg=
-148,-59,mQpo503W9yp6klfzxJXMqpKUtIA=,EZh3Ughn66Y2d+/K+/HlAGgGZVE=
-150,-58,mQpo503W9yp6klfzxJXMqpKUtIA=,EZh3Ughn66Y2d+/K+/HlAGgGZVE=
-159,-53,mQpo503W9yp6klfzxJXMqpKUtIA=,1Hb94Vha4JvNi5AEAycw4U4uqqg=
-154,-54,mQpo503W9yp6klfzxJXMqpKUtIA=,1Hb94Vha4JvNi5AEAycw4U4uqqg=
-156,-53,mQpo503W9yp6klfzxJXMqpKUtIA=,1Hb94Vha4JvNi5AEAycw4U4uqqg=
-158,-53,mQpo503W9yp6klfzxJXMqpKUtIA=,1Hb94Vha4JvNi5AEAycw4U4uqqg=
-148,-57,mQpo503W9yp6klfzxJXMqpKUtIA=,EZh3Ughn66Y2d+/K+/HlAGgGZVE=
-155,-54,mQpo503W9yp6klfzxJXMqpKUtIA=,1Hb94Vha4JvNi5AEAycw4U4uqqg=
-154,-50,mQpo503W9yp6klfzxJXMqpKUtIA=,1Hb94Vha4JvNi5AEAycw4U4uqqg=
-156,-54,mQpo503W9yp6klfzxJXMqpKUtIA=,1Hb94Vha4JvNi5AEAycw4U4uqqg=
-155,-50,mQpo503W9yp6klfzxJXMqpKUtIA=,1Hb94Vha4JvNi5AEAycw4U4uqqg=
-155,-53,mQpo503W9yp6klfzxJXMqpKUtIA=,1Hb94Vha4JvNi5AEAycw4U4uqqg=
-157,-54,mQpo503W9yp6klfzxJXMqpKUtIA=,1Hb94Vha4JvNi5AEAycw4U4uqqg=
-146,-51,mQpo503W9yp6klfzxJXMqpKUtIA=,x6XRZEzv9OFxwQKUZWRVZtLcbI4=
-156,-50,mQpo503W9yp6klfzxJXMqpKUtIA=,1Hb94Vha4JvNi5AEAycw4U4uqqg=
-158,-54,mQpo503W9yp6klfzxJXMqpKUtIA=,1Hb94Vha4JvNi5AEAycw4U4uqqg=
-159,-54,mQpo503W9yp6klfzxJXMqpKUtIA=,1Hb94Vha4JvNi5AEAycw4U4uqqg=
-147,-50,mQpo503W9yp6klfzxJXMqpKUtIA=,x6XRZEzv9OFxwQKUZWRVZtLcbI4=
-154,-53,mQpo503W9yp6klfzxJXMqpKUtIA=,1Hb94Vha4JvNi5AEAycw4U4uqqg=
-154,-55,mQpo503W9yp6klfzxJXMqpKUtIA=,1Hb94Vha4JvNi5AEAycw4U4uqqg=
-147,-57,mQpo503W9yp6klfzxJXMqpKUtIA=,EZh3Ughn66Y2d+/K+/HlAGgGZVE=
-155,-55,mQpo503W9yp6klfzxJXMqpKUtIA=,1Hb94Vha4JvNi5AEAycw4U4uqqg=
-156,-55,mQpo503W9yp6klfzxJXMqpKUtIA=,1Hb94Vha4JvNi5AEAycw4U4uqqg=
-148,-50,mQpo503W9yp6klfzxJXMqpKUtIA=,x6XRZEzv9OFxwQKUZWRVZtLcbI4=
-149,-50,mQpo503W9yp6klfzxJXMqpKUtIA=,x6XRZEzv9OFxwQKUZWRVZtLcbI4=
-159,-52,mQpo503W9yp6klfzxJXMqpKUtIA=,1Hb94Vha4JvNi5AEAycw4U4uqqg=
-157,-55,mQpo503W9yp6klfzxJXMqpKUtIA=,1Hb94Vha4JvNi5AEAycw4U4uqqg=
-152,-50,mQpo503W9yp6klfzxJXMqpKUtIA=,x6XRZEzv9OFxwQKUZWRVZtLcbI4=
-150,-50,mQpo503W9yp6klfzxJXMqpKUtIA=,x6XRZEzv9OFxwQKUZWRVZtLcbI4=
-158,-55,mQpo503W9yp6klfzxJXMqpKUtIA=,1Hb94Vha4JvNi5AEAycw4U4uqqg=
-158,-52,mQpo503W9yp6klfzxJXMqpKUtIA=,1Hb94Vha4JvNi5AEAycw4U4uqqg=
-157,-50,mQpo503W9yp6klfzxJXMqpKUtIA=,1Hb94Vha4JvNi5AEAycw4U4uqqg=
-159,-55,mQpo503W9yp6klfzxJXMqpKUtIA=,1Hb94Vha4JvNi5AEAycw4U4uqqg=
-150,-52,mQpo503W9yp6klfzxJXMqpKUtIA=,x6XRZEzv9OFxwQKUZWRVZtLcbI4=
-149,-57,mQpo503W9yp6klfzxJXMqpKUtIA=,EZh3Ughn66Y2d+/K+/HlAGgGZVE=
-154,-56,mQpo503W9yp6klfzxJXMqpKUtIA=,1Hb94Vha4JvNi5AEAycw4U4uqqg=
-158,-50,mQpo503W9yp6klfzxJXMqpKUtIA=,1Hb94Vha4JvNi5AEAycw4U4uqqg=
-157,-52,mQpo503W9yp6klfzxJXMqpKUtIA=,1Hb94Vha4JvNi5AEAycw4U4uqqg=
-159,-50,mQpo503W9yp6klfzxJXMqpKUtIA=,1Hb94Vha4JvNi5AEAycw4U4uqqg=
-155,-56,mQpo503W9yp6klfzxJXMqpKUtIA=,1Hb94Vha4JvNi5AEAycw4U4uqqg=
-146,-57,mQpo503W9yp6klfzxJXMqpKUtIA=,EZh3Ughn66Y2d+/K+/HlAGgGZVE=
-156,-56,mQpo503W9yp6klfzxJXMqpKUtIA=,1Hb94Vha4JvNi5AEAycw4U4uqqg=
-151,-50,mQpo503W9yp6klfzxJXMqpKUtIA=,x6XRZEzv9OFxwQKUZWRVZtLcbI4=
-156,-52,mQpo503W9yp6klfzxJXMqpKUtIA=,1Hb94Vha4JvNi5AEAycw4U4uqqg=
-150,-57,mQpo503W9yp6klfzxJXMqpKUtIA=,EZh3Ughn66Y2d+/K+/HlAGgGZVE=
-157,-56,mQpo503W9yp6klfzxJXMqpKUtIA=,1Hb94Vha4JvNi5AEAycw4U4uqqg=
-158,-56,mQpo503W9yp6klfzxJXMqpKUtIA=,1Hb94Vha4JvNi5AEAycw4U4uqqg=
-150,-53,mQpo503W9yp6klfzxJXMqpKUtIA=,x6XRZEzv9OFxwQKUZWRVZtLcbI4=
-159,-56,mQpo503W9yp6klfzxJXMqpKUtIA=,1Hb94Vha4JvNi5AEAycw4U4uqqg=
-154,-57,mQpo503W9yp6klfzxJXMqpKUtIA=,1Hb94Vha4JvNi5AEAycw4U4uqqg=
-155,-52,mQpo503W9yp6klfzxJXMqpKUtIA=,1Hb94Vha4JvNi5AEAycw4U4uqqg=
-155,-57,mQpo503W9yp6klfzxJXMqpKUtIA=,1Hb94Vha4JvNi5AEAycw4U4uqqg=
-147,-51,mQpo503W9yp6klfzxJXMqpKUtIA=,x6XRZEzv9OFxwQKUZWRVZtLcbI4=
-156,-57,mQpo503W9yp6klfzxJXMqpKUtIA=,1Hb94Vha4JvNi5AEAycw4U4uqqg=
-148,-56,mQpo503W9yp6klfzxJXMqpKUtIA=,x6XRZEzv9OFxwQKUZWRVZtLcbI4=
-151,-57,mQpo503W9yp6klfzxJXMqpKUtIA=,EZh3Ughn66Y2d+/K+/HlAGgGZVE=
-154,-52,mQpo503W9yp6klfzxJXMqpKUtIA=,1Hb94Vha4JvNi5AEAycw4U4uqqg=
-154,-51,mQpo503W9yp6klfzxJXMqpKUtIA=,1Hb94Vha4JvNi5AEAycw4U4uqqg=
-157,-57,mQpo503W9yp6klfzxJXMqpKUtIA=,1Hb94Vha4JvNi5AEAycw4U4uqqg=
-152,-57,mQpo503W9yp6klfzxJXMqpKUtIA=,EZh3Ughn66Y2d+/K+/HlAGgGZVE=
-152,-56,mQpo503W9yp6klfzxJXMqpKUtIA=,x6XRZEzv9OFxwQKUZWRVZtLcbI4=
-155,-51,mQpo503W9yp6klfzxJXMqpKUtIA=,1Hb94Vha4JvNi5AEAycw4U4uqqg=
-158,-57,mQpo503W9yp6klfzxJXMqpKUtIA=,1Hb94Vha4JvNi5AEAycw4U4uqqg=
-151,-52,mQpo503W9yp6klfzxJXMqpKUtIA=,x6XRZEzv9OFxwQKUZWRVZtLcbI4=
-159,-51,mQpo503W9yp6klfzxJXMqpKUtIA=,1Hb94Vha4JvNi5AEAycw4U4uqqg=
-152,-51,mQpo503W9yp6klfzxJXMqpKUtIA=,x6XRZEzv9OFxwQKUZWRVZtLcbI4=
-159,-57,mQpo503W9yp6klfzxJXMqpKUtIA=,1Hb94Vha4JvNi5AEAycw4U4uqqg=
-146,-50,mQpo503W9yp6klfzxJXMqpKUtIA=,x6XRZEzv9OFxwQKUZWRVZtLcbI4=
-149,-55,mQpo503W9yp6klfzxJXMqpKUtIA=,x6XRZEzv9OFxwQKUZWRVZtLcbI4=
-157,-51,mQpo503W9yp6klfzxJXMqpKUtIA=,1Hb94Vha4JvNi5AEAycw4U4uqqg=
-157,-53,mQpo503W9yp6klfzxJXMqpKUtIA=,1Hb94Vha4JvNi5AEAycw4U4uqqg=
-158,-51,mQpo503W9yp6klfzxJXMqpKUtIA=,1Hb94Vha4JvNi5AEAycw4U4uqqg=
-146,-52,mQpo503W9yp6klfzxJXMqpKUtIA=,x6XRZEzv9OFxwQKUZWRVZtLcbI4=
-153,-53,mQpo503W9yp6klfzxJXMqpKUtIA=,1Hb94Vha4JvNi5AEAycw4U4uqqg=
-156,-51,mQpo503W9yp6klfzxJXMqpKUtIA=,1Hb94Vha4JvNi5AEAycw4U4uqqg=
-150,-56,mQpo503W9yp6klfzxJXMqpKUtIA=,x6XRZEzv9OFxwQKUZWRVZtLcbI4=
-153,-54,mQpo503W9yp6klfzxJXMqpKUtIA=,1Hb94Vha4JvNi5AEAycw4U4uqqg=
-153,-50,mQpo503W9yp6klfzxJXMqpKUtIA=,1Hb94Vha4JvNi5AEAycw4U4uqqg=
-152,-52,mQpo503W9yp6klfzxJXMqpKUtIA=,x6XRZEzv9OFxwQKUZWRVZtLcbI4=
-150,-55,mQpo503W9yp6klfzxJXMqpKUtIA=,x6XRZEzv9OFxwQKUZWRVZtLcbI4=
-148,-55,mQpo503W9yp6klfzxJXMqpKUtIA=,x6XRZEzv9OFxwQKUZWRVZtLcbI4=
-153,-55,mQpo503W9yp6klfzxJXMqpKUtIA=,1Hb94Vha4JvNi5AEAycw4U4uqqg=
-147,-52,mQpo503W9yp6klfzxJXMqpKUtIA=,x6XRZEzv9OFxwQKUZWRVZtLcbI4=
-151,-55,mQpo503W9yp6klfzxJXMqpKUtIA=,x6XRZEzv9OFxwQKUZWRVZtLcbI4=
-146,-53,mQpo503W9yp6klfzxJXMqpKUtIA=,x6XRZEzv9OFxwQKUZWRVZtLcbI4=
-149,-51,mQpo503W9yp6klfzxJXMqpKUtIA=,x6XRZEzv9OFxwQKUZWRVZtLcbI4=
-148,-54,mQpo503W9yp6klfzxJXMqpKUtIA=,x6XRZEzv9OFxwQKUZWRVZtLcbI4=
-147,-53,mQpo503W9yp6klfzxJXMqpKUtIA=,x6XRZEzv9OFxwQKUZWRVZtLcbI4=
-148,-53,mQpo503W9yp6klfzxJXMqpKUtIA=,x6XRZEzv9OFxwQKUZWRVZtLcbI4=
-153,-56,mQpo503W9yp6klfzxJXMqpKUtIA=,1Hb94Vha4JvNi5AEAycw4U4uqqg=
-153,-57,mQpo503W9yp6klfzxJXMqpKUtIA=,1Hb94Vha4JvNi5AEAycw4U4uqqg=
-150,-51,mQpo503W9yp6klfzxJXMqpKUtIA=,x6XRZEzv9OFxwQKUZWRVZtLcbI4=
-153,-51,mQpo503W9yp6klfzxJXMqpKUtIA=,1Hb94Vha4JvNi5AEAycw4U4uqqg=
-147,-54,mQpo503W9yp6klfzxJXMqpKUtIA=,x6XRZEzv9OFxwQKUZWRVZtLcbI4=
-152,-55,mQpo503W9yp6klfzxJXMqpKUtIA=,x6XRZEzv9OFxwQKUZWRVZtLcbI4=
-149,-53,mQpo503W9yp6klfzxJXMqpKUtIA=,x6XRZEzv9OFxwQKUZWRVZtLcbI4=
-146,-56,mQpo503W9yp6klfzxJXMqpKUtIA=,x6XRZEzv9OFxwQKUZWRVZtLcbI4=
-151,-51,mQpo503W9yp6klfzxJXMqpKUtIA=,x6XRZEzv9OFxwQKUZWRVZtLcbI4=
-149,-54,mQpo503W9yp6klfzxJXMqpKUtIA=,x6XRZEzv9OFxwQKUZWRVZtLcbI4=
-150,-54,mQpo503W9yp6klfzxJXMqpKUtIA=,x6XRZEzv9OFxwQKUZWRVZtLcbI4=
-146,-54,mQpo503W9yp6klfzxJXMqpKUtIA=,x6XRZEzv9OFxwQKUZWRVZtLcbI4=
-147,-56,mQpo503W9yp6klfzxJXMqpKUtIA=,x6XRZEzv9OFxwQKUZWRVZtLcbI4=
-151,-54,mQpo503W9yp6klfzxJXMqpKUtIA=,x6XRZEzv9OFxwQKUZWRVZtLcbI4=
-149,-56,mQpo503W9yp6klfzxJXMqpKUtIA=,x6XRZEzv9OFxwQKUZWRVZtLcbI4=
-152,-54,mQpo503W9yp6klfzxJXMqpKUtIA=,x6XRZEzv9OFxwQKUZWRVZtLcbI4=
-146,-55,mQpo503W9yp6klfzxJXMqpKUtIA=,x6XRZEzv9OFxwQKUZWRVZtLcbI4=
-147,-55,mQpo503W9yp6klfzxJXMqpKUtIA=,x6XRZEzv9OFxwQKUZWRVZtLcbI4=
-149,-52,mQpo503W9yp6klfzxJXMqpKUtIA=,x6XRZEzv9OFxwQKUZWRVZtLcbI4=
-151,-53,mQpo503W9yp6klfzxJXMqpKUtIA=,x6XRZEzv9OFxwQKUZWRVZtLcbI4=
-151,-56,mQpo503W9yp6klfzxJXMqpKUtIA=,x6XRZEzv9OFxwQKUZWRVZtLcbI4=
-152,-53,mQpo503W9yp6klfzxJXMqpKUtIA=,x6XRZEzv9OFxwQKUZWRVZtLcbI4=
-148,-52,mQpo503W9yp6klfzxJXMqpKUtIA=,x6XRZEzv9OFxwQKUZWRVZtLcbI4=
-153,-52,mQpo503W9yp6klfzxJXMqpKUtIA=,1Hb94Vha4JvNi5AEAycw4U4uqqg=
-148,-51,mQpo503W9yp6klfzxJXMqpKUtIA=,x6XRZEzv9OFxwQKUZWRVZtLcbI4=
-145,-51,mQpo503W9yp6klfzxJXMqpKUtIA=,x6XRZEzv9OFxwQKUZWRVZtLcbI4=
-145,-55,mQpo503W9yp6klfzxJXMqpKUtIA=,x6XRZEzv9OFxwQKUZWRVZtLcbI4=
-145,-53,mQpo503W9yp6klfzxJXMqpKUtIA=,x6XRZEzv9OFxwQKUZWRVZtLcbI4=
-145,-50,mQpo503W9yp6klfzxJXMqpKUtIA=,x6XRZEzv9OFxwQKUZWRVZtLcbI4=
-145,-54,mQpo503W9yp6klfzxJXMqpKUtIA=,x6XRZEzv9OFxwQKUZWRVZtLcbI4=
-145,-58,mQpo503W9yp6klfzxJXMqpKUtIA=,EZh3Ughn66Y2d+/K+/HlAGgGZVE=
-145,-52,mQpo503W9yp6klfzxJXMqpKUtIA=,x6XRZEzv9OFxwQKUZWRVZtLcbI4=
-145,-59,mQpo503W9yp6klfzxJXMqpKUtIA=,EZh3Ughn66Y2d+/K+/HlAGgGZVE=
-145,-57,mQpo503W9yp6klfzxJXMqpKUtIA=,EZh3Ughn66Y2d+/K+/HlAGgGZVE=
-145,-60,mQpo503W9yp6klfzxJXMqpKUtIA=,EZh3Ughn66Y2d+/K+/HlAGgGZVE=
-145,-61,mQpo503W9yp6klfzxJXMqpKUtIA=,EZh3Ughn66Y2d+/K+/HlAGgGZVE=
-145,-62,mQpo503W9yp6klfzxJXMqpKUtIA=,EZh3Ughn66Y2d+/K+/HlAGgGZVE=
-145,-63,mQpo503W9yp6klfzxJXMqpKUtIA=,EZh3Ughn66Y2d+/K+/HlAGgGZVE=
-145,-56,mQpo503W9yp6klfzxJXMqpKUtIA=,x6XRZEzv9OFxwQKUZWRVZtLcbI4=
-160,-52,mQpo503W9yp6klfzxJXMqpKUtIA=,1Hb94Vha4JvNi5AEAycw4U4uqqg=
-160,-54,mQpo503W9yp6klfzxJXMqpKUtIA=,1Hb94Vha4JvNi5AEAycw4U4uqqg=
-160,-50,mQpo503W9yp6klfzxJXMqpKUtIA=,1Hb94Vha4JvNi5AEAycw4U4uqqg=
-160,-55,mQpo503W9yp6klfzxJXMqpKUtIA=,1Hb94Vha4JvNi5AEAycw4U4uqqg=
-160,-51,mQpo503W9yp6klfzxJXMqpKUtIA=,1Hb94Vha4JvNi5AEAycw4U4uqqg=
-160,-53,mQpo503W9yp6klfzxJXMqpKUtIA=,1Hb94Vha4JvNi5AEAycw4U4uqqg=
-160,-61,mQpo503W9yp6klfzxJXMqpKUtIA=,1Hb94Vha4JvNi5AEAycw4U4uqqg=
-160,-59,mQpo503W9yp6klfzxJXMqpKUtIA=,1Hb94Vha4JvNi5AEAycw4U4uqqg=
-160,-60,mQpo503W9yp6klfzxJXMqpKUtIA=,1Hb94Vha4JvNi5AEAycw4U4uqqg=
-160,-58,mQpo503W9yp6klfzxJXMqpKUtIA=,1Hb94Vha4JvNi5AEAycw4U4uqqg=
-160,-56,mQpo503W9yp6klfzxJXMqpKUtIA=,1Hb94Vha4JvNi5AEAycw4U4uqqg=
-160,-57,mQpo503W9yp6klfzxJXMqpKUtIA=,1Hb94Vha4JvNi5AEAycw4U4uqqg=
-160,-62,mQpo503W9yp6klfzxJXMqpKUtIA=,1Hb94Vha4JvNi5AEAycw4U4uqqg=
-160,-63,mQpo503W9yp6klfzxJXMqpKUtIA=,1Hb94Vha4JvNi5AEAycw4U4uqqg=
-159,-64,mQpo503W9yp6klfzxJXMqpKUtIA=,1Hb94Vha4JvNi5AEAycw4U4uqqg=
-154,-64,mQpo503W9yp6klfzxJXMqpKUtIA=,1Hb94Vha4JvNi5AEAycw4U4uqqg=
-156,-64,mQpo503W9yp6klfzxJXMqpKUtIA=,1Hb94Vha4JvNi5AEAycw4U4uqqg=
-157,-64,mQpo503W9yp6klfzxJXMqpKUtIA=,1Hb94Vha4JvNi5AEAycw4U4uqqg=
-158,-64,mQpo503W9yp6klfzxJXMqpKUtIA=,1Hb94Vha4JvNi5AEAycw4U4uqqg=
-155,-64,mQpo503W9yp6klfzxJXMqpKUtIA=,1Hb94Vha4JvNi5AEAycw4U4uqqg=
-153,-64,mQpo503W9yp6klfzxJXMqpKUtIA=,1Hb94Vha4JvNi5AEAycw4U4uqqg=
-152,-64,mQpo503W9yp6klfzxJXMqpKUtIA=,EZh3Ughn66Y2d+/K+/HlAGgGZVE=
-148,-64,mQpo503W9yp6klfzxJXMqpKUtIA=,EZh3Ughn66Y2d+/K+/HlAGgGZVE=
-146,-64,mQpo503W9yp6klfzxJXMqpKUtIA=,EZh3Ughn66Y2d+/K+/HlAGgGZVE=
-147,-64,mQpo503W9yp6klfzxJXMqpKUtIA=,EZh3Ughn66Y2d+/K+/HlAGgGZVE=
-149,-64,mQpo503W9yp6klfzxJXMqpKUtIA=,EZh3Ughn66Y2d+/K+/HlAGgGZVE=
-150,-64,mQpo503W9yp6klfzxJXMqpKUtIA=,EZh3Ughn66Y2d+/K+/HlAGgGZVE=
-151,-64,mQpo503W9yp6klfzxJXMqpKUtIA=,EZh3Ughn66Y2d+/K+/HlAGgGZVE=
-160,-64,mQpo503W9yp6klfzxJXMqpKUtIA=,1Hb94Vha4JvNi5AEAycw4U4uqqg=
-145,-64,mQpo503W9yp6klfzxJXMqpKUtIA=,EZh3Ughn66Y2d+/K+/HlAGgGZVE=
-145,-49,mQpo503W9yp6klfzxJXMqpKUtIA=,x6XRZEzv9OFxwQKUZWRVZtLcbI4=
-149,-49,mQpo503W9yp6klfzxJXMqpKUtIA=,x6XRZEzv9OFxwQKUZWRVZtLcbI4=
-148,-49,mQpo503W9yp6klfzxJXMqpKUtIA=,x6XRZEzv9OFxwQKUZWRVZtLcbI4=
-151,-49,mQpo503W9yp6klfzxJXMqpKUtIA=,x6XRZEzv9OFxwQKUZWRVZtLcbI4=
-150,-49,mQpo503W9yp6klfzxJXMqpKUtIA=,x6XRZEzv9OFxwQKUZWRVZtLcbI4=
-146,-49,mQpo503W9yp6klfzxJXMqpKUtIA=,x6XRZEzv9OFxwQKUZWRVZtLcbI4=
-147,-49,mQpo503W9yp6klfzxJXMqpKUtIA=,x6XRZEzv9OFxwQKUZWRVZtLcbI4=
-160,-49,mQpo503W9yp6klfzxJXMqpKUtIA=,1Hb94Vha4JvNi5AEAycw4U4uqqg=
-154,-49,mQpo503W9yp6klfzxJXMqpKUtIA=,1Hb94Vha4JvNi5AEAycw4U4uqqg=
-157,-49,mQpo503W9yp6klfzxJXMqpKUtIA=,1Hb94Vha4JvNi5AEAycw4U4uqqg=
-156,-49,mQpo503W9yp6klfzxJXMqpKUtIA=,1Hb94Vha4JvNi5AEAycw4U4uqqg=
-155,-49,mQpo503W9yp6klfzxJXMqpKUtIA=,1Hb94Vha4JvNi5AEAycw4U4uqqg=
-158,-49,mQpo503W9yp6klfzxJXMqpKUtIA=,1Hb94Vha4JvNi5AEAycw4U4uqqg=
-159,-49,mQpo503W9yp6klfzxJXMqpKUtIA=,1Hb94Vha4JvNi5AEAycw4U4uqqg=
-153,-49,mQpo503W9yp6klfzxJXMqpKUtIA=,1Hb94Vha4JvNi5AEAycw4U4uqqg=
-152,-49,mQpo503W9yp6klfzxJXMqpKUtIA=,x6XRZEzv9OFxwQKUZWRVZtLcbI4=
-156,-43,DSrgoDQLTc3GKKdl5Ck6gFT98dM=,1Hb94Vha4JvNi5AEAycw4U4uqqg=
-157,-43,DSrgoDQLTc3GKKdl5Ck6gFT98dM=,1Hb94Vha4JvNi5AEAycw4U4uqqg=
-158,-43,DSrgoDQLTc3GKKdl5Ck6gFT98dM=,1Hb94Vha4JvNi5AEAycw4U4uqqg=
-159,-43,DSrgoDQLTc3GKKdl5Ck6gFT98dM=,1Hb94Vha4JvNi5AEAycw4U4uqqg=
-154,-44,DSrgoDQLTc3GKKdl5Ck6gFT98dM=,1Hb94Vha4JvNi5AEAycw4U4uqqg=
-155,-44,DSrgoDQLTc3GKKdl5Ck6gFT98dM=,1Hb94Vha4JvNi5AEAycw4U4uqqg=
-156,-44,DSrgoDQLTc3GKKdl5Ck6gFT98dM=,1Hb94Vha4JvNi5AEAycw4U4uqqg=
-157,-44,DSrgoDQLTc3GKKdl5Ck6gFT98dM=,1Hb94Vha4JvNi5AEAycw4U4uqqg=
-158,-44,DSrgoDQLTc3GKKdl5Ck6gFT98dM=,1Hb94Vha4JvNi5AEAycw4U4uqqg=
-146,-35,DSrgoDQLTc3GKKdl5Ck6gFT98dM=,x6XRZEzv9OFxwQKUZWRVZtLcbI4=
-147,-34,DSrgoDQLTc3GKKdl5Ck6gFT98dM=,x6XRZEzv9OFxwQKUZWRVZtLcbI4=
-148,-34,DSrgoDQLTc3GKKdl5Ck6gFT98dM=,x6XRZEzv9OFxwQKUZWRVZtLcbI4=
-149,-34,DSrgoDQLTc3GKKdl5Ck6gFT98dM=,x6XRZEzv9OFxwQKUZWRVZtLcbI4=
-150,-38,DSrgoDQLTc3GKKdl5Ck6gFT98dM=,x6XRZEzv9OFxwQKUZWRVZtLcbI4=
-147,-35,DSrgoDQLTc3GKKdl5Ck6gFT98dM=,x6XRZEzv9OFxwQKUZWRVZtLcbI4=
-150,-34,DSrgoDQLTc3GKKdl5Ck6gFT98dM=,x6XRZEzv9OFxwQKUZWRVZtLcbI4=
-151,-34,DSrgoDQLTc3GKKdl5Ck6gFT98dM=,x6XRZEzv9OFxwQKUZWRVZtLcbI4=
-146,-34,DSrgoDQLTc3GKKdl5Ck6gFT98dM=,x6XRZEzv9OFxwQKUZWRVZtLcbI4=
-146,-36,DSrgoDQLTc3GKKdl5Ck6gFT98dM=,x6XRZEzv9OFxwQKUZWRVZtLcbI4=
-151,-38,DSrgoDQLTc3GKKdl5Ck6gFT98dM=,x6XRZEzv9OFxwQKUZWRVZtLcbI4=
-146,-37,DSrgoDQLTc3GKKdl5Ck6gFT98dM=,x6XRZEzv9OFxwQKUZWRVZtLcbI4=
-147,-36,DSrgoDQLTc3GKKdl5Ck6gFT98dM=,x6XRZEzv9OFxwQKUZWRVZtLcbI4=
-149,-35,DSrgoDQLTc3GKKdl5Ck6gFT98dM=,x6XRZEzv9OFxwQKUZWRVZtLcbI4=
-151,-37,DSrgoDQLTc3GKKdl5Ck6gFT98dM=,x6XRZEzv9OFxwQKUZWRVZtLcbI4=
-148,-36,DSrgoDQLTc3GKKdl5Ck6gFT98dM=,x6XRZEzv9OFxwQKUZWRVZtLcbI4=
-148,-35,DSrgoDQLTc3GKKdl5Ck6gFT98dM=,x6XRZEzv9OFxwQKUZWRVZtLcbI4=
-150,-37,DSrgoDQLTc3GKKdl5Ck6gFT98dM=,x6XRZEzv9OFxwQKUZWRVZtLcbI4=
-150,-39,DSrgoDQLTc3GKKdl5Ck6gFT98dM=,x6XRZEzv9OFxwQKUZWRVZtLcbI4=
-147,-37,DSrgoDQLTc3GKKdl5Ck6gFT98dM=,x6XRZEzv9OFxwQKUZWRVZtLcbI4=
-146,-38,DSrgoDQLTc3GKKdl5Ck6gFT98dM=,x6XRZEzv9OFxwQKUZWRVZtLcbI4=
-148,-37,DSrgoDQLTc3GKKdl5Ck6gFT98dM=,x6XRZEzv9OFxwQKUZWRVZtLcbI4=
-159,-44,DSrgoDQLTc3GKKdl5Ck6gFT98dM=,1Hb94Vha4JvNi5AEAycw4U4uqqg=
-151,-35,DSrgoDQLTc3GKKdl5Ck6gFT98dM=,x6XRZEzv9OFxwQKUZWRVZtLcbI4=
-150,-36,DSrgoDQLTc3GKKdl5Ck6gFT98dM=,x6XRZEzv9OFxwQKUZWRVZtLcbI4=
-147,-38,DSrgoDQLTc3GKKdl5Ck6gFT98dM=,x6XRZEzv9OFxwQKUZWRVZtLcbI4=
-151,-36,DSrgoDQLTc3GKKdl5Ck6gFT98dM=,x6XRZEzv9OFxwQKUZWRVZtLcbI4=
-148,-38,DSrgoDQLTc3GKKdl5Ck6gFT98dM=,x6XRZEzv9OFxwQKUZWRVZtLcbI4=
-149,-38,DSrgoDQLTc3GKKdl5Ck6gFT98dM=,x6XRZEzv9OFxwQKUZWRVZtLcbI4=
-149,-37,DSrgoDQLTc3GKKdl5Ck6gFT98dM=,x6XRZEzv9OFxwQKUZWRVZtLcbI4=
-151,-39,DSrgoDQLTc3GKKdl5Ck6gFT98dM=,x6XRZEzv9OFxwQKUZWRVZtLcbI4=
-147,-39,DSrgoDQLTc3GKKdl5Ck6gFT98dM=,x6XRZEzv9OFxwQKUZWRVZtLcbI4=
-148,-39,DSrgoDQLTc3GKKdl5Ck6gFT98dM=,x6XRZEzv9OFxwQKUZWRVZtLcbI4=
-150,-35,DSrgoDQLTc3GKKdl5Ck6gFT98dM=,x6XRZEzv9OFxwQKUZWRVZtLcbI4=
-149,-39,DSrgoDQLTc3GKKdl5Ck6gFT98dM=,x6XRZEzv9OFxwQKUZWRVZtLcbI4=
-154,-45,DSrgoDQLTc3GKKdl5Ck6gFT98dM=,1Hb94Vha4JvNi5AEAycw4U4uqqg=
-156,-45,DSrgoDQLTc3GKKdl5Ck6gFT98dM=,1Hb94Vha4JvNi5AEAycw4U4uqqg=
-157,-45,DSrgoDQLTc3GKKdl5Ck6gFT98dM=,1Hb94Vha4JvNi5AEAycw4U4uqqg=
-158,-45,DSrgoDQLTc3GKKdl5Ck6gFT98dM=,1Hb94Vha4JvNi5AEAycw4U4uqqg=
-155,-45,DSrgoDQLTc3GKKdl5Ck6gFT98dM=,1Hb94Vha4JvNi5AEAycw4U4uqqg=
-159,-45,DSrgoDQLTc3GKKdl5Ck6gFT98dM=,1Hb94Vha4JvNi5AEAycw4U4uqqg=
-154,-46,DSrgoDQLTc3GKKdl5Ck6gFT98dM=,1Hb94Vha4JvNi5AEAycw4U4uqqg=
-155,-46,DSrgoDQLTc3GKKdl5Ck6gFT98dM=,1Hb94Vha4JvNi5AEAycw4U4uqqg=
-157,-46,DSrgoDQLTc3GKKdl5Ck6gFT98dM=,1Hb94Vha4JvNi5AEAycw4U4uqqg=
-158,-46,DSrgoDQLTc3GKKdl5Ck6gFT98dM=,1Hb94Vha4JvNi5AEAycw4U4uqqg=
-154,-47,DSrgoDQLTc3GKKdl5Ck6gFT98dM=,1Hb94Vha4JvNi5AEAycw4U4uqqg=
-156,-47,DSrgoDQLTc3GKKdl5Ck6gFT98dM=,1Hb94Vha4JvNi5AEAycw4U4uqqg=
-157,-47,DSrgoDQLTc3GKKdl5Ck6gFT98dM=,1Hb94Vha4JvNi5AEAycw4U4uqqg=
-158,-47,DSrgoDQLTc3GKKdl5Ck6gFT98dM=,1Hb94Vha4JvNi5AEAycw4U4uqqg=
-159,-47,DSrgoDQLTc3GKKdl5Ck6gFT98dM=,1Hb94Vha4JvNi5AEAycw4U4uqqg=
-154,-42,DSrgoDQLTc3GKKdl5Ck6gFT98dM=,1Hb94Vha4JvNi5AEAycw4U4uqqg=
-155,-42,DSrgoDQLTc3GKKdl5Ck6gFT98dM=,1Hb94Vha4JvNi5AEAycw4U4uqqg=
-157,-42,DSrgoDQLTc3GKKdl5Ck6gFT98dM=,1Hb94Vha4JvNi5AEAycw4U4uqqg=
-158,-42,DSrgoDQLTc3GKKdl5Ck6gFT98dM=,1Hb94Vha4JvNi5AEAycw4U4uqqg=
-156,-42,DSrgoDQLTc3GKKdl5Ck6gFT98dM=,1Hb94Vha4JvNi5AEAycw4U4uqqg=
-154,-43,DSrgoDQLTc3GKKdl5Ck6gFT98dM=,1Hb94Vha4JvNi5AEAycw4U4uqqg=
-155,-43,DSrgoDQLTc3GKKdl5Ck6gFT98dM=,1Hb94Vha4JvNi5AEAycw4U4uqqg=
-159,-42,DSrgoDQLTc3GKKdl5Ck6gFT98dM=,1Hb94Vha4JvNi5AEAycw4U4uqqg=
-146,-39,DSrgoDQLTc3GKKdl5Ck6gFT98dM=,x6XRZEzv9OFxwQKUZWRVZtLcbI4=
-149,-36,DSrgoDQLTc3GKKdl5Ck6gFT98dM=,x6XRZEzv9OFxwQKUZWRVZtLcbI4=
-159,-46,DSrgoDQLTc3GKKdl5Ck6gFT98dM=,1Hb94Vha4JvNi5AEAycw4U4uqqg=
-156,-37,DSrgoDQLTc3GKKdl5Ck6gFT98dM=,kM27lu9Z60CkNqT/U/1gLDpZMuM=
-157,-37,DSrgoDQLTc3GKKdl5Ck6gFT98dM=,kM27lu9Z60CkNqT/U/1gLDpZMuM=
-158,-37,DSrgoDQLTc3GKKdl5Ck6gFT98dM=,kM27lu9Z60CkNqT/U/1gLDpZMuM=
-159,-37,DSrgoDQLTc3GKKdl5Ck6gFT98dM=,kM27lu9Z60CkNqT/U/1gLDpZMuM=
-155,-47,DSrgoDQLTc3GKKdl5Ck6gFT98dM=,1Hb94Vha4JvNi5AEAycw4U4uqqg=
-153,-38,DSrgoDQLTc3GKKdl5Ck6gFT98dM=,kM27lu9Z60CkNqT/U/1gLDpZMuM=
-152,-35,DSrgoDQLTc3GKKdl5Ck6gFT98dM=,x6XRZEzv9OFxwQKUZWRVZtLcbI4=
-154,-38,DSrgoDQLTc3GKKdl5Ck6gFT98dM=,kM27lu9Z60CkNqT/U/1gLDpZMuM=
-155,-38,DSrgoDQLTc3GKKdl5Ck6gFT98dM=,kM27lu9Z60CkNqT/U/1gLDpZMuM=
-156,-38,DSrgoDQLTc3GKKdl5Ck6gFT98dM=,kM27lu9Z60CkNqT/U/1gLDpZMuM=
-157,-38,DSrgoDQLTc3GKKdl5Ck6gFT98dM=,kM27lu9Z60CkNqT/U/1gLDpZMuM=
-158,-38,DSrgoDQLTc3GKKdl5Ck6gFT98dM=,kM27lu9Z60CkNqT/U/1gLDpZMuM=
-159,-38,DSrgoDQLTc3GKKdl5Ck6gFT98dM=,kM27lu9Z60CkNqT/U/1gLDpZMuM=
-153,-39,DSrgoDQLTc3GKKdl5Ck6gFT98dM=,kM27lu9Z60CkNqT/U/1gLDpZMuM=
-155,-37,DSrgoDQLTc3GKKdl5Ck6gFT98dM=,kM27lu9Z60CkNqT/U/1gLDpZMuM=
-154,-39,DSrgoDQLTc3GKKdl5Ck6gFT98dM=,kM27lu9Z60CkNqT/U/1gLDpZMuM=
-153,-34,DSrgoDQLTc3GKKdl5Ck6gFT98dM=,kM27lu9Z60CkNqT/U/1gLDpZMuM=
-155,-34,DSrgoDQLTc3GKKdl5Ck6gFT98dM=,kM27lu9Z60CkNqT/U/1gLDpZMuM=
-156,-34,DSrgoDQLTc3GKKdl5Ck6gFT98dM=,kM27lu9Z60CkNqT/U/1gLDpZMuM=
-155,-39,DSrgoDQLTc3GKKdl5Ck6gFT98dM=,kM27lu9Z60CkNqT/U/1gLDpZMuM=
-154,-34,DSrgoDQLTc3GKKdl5Ck6gFT98dM=,kM27lu9Z60CkNqT/U/1gLDpZMuM=
-156,-39,DSrgoDQLTc3GKKdl5Ck6gFT98dM=,kM27lu9Z60CkNqT/U/1gLDpZMuM=
-152,-34,DSrgoDQLTc3GKKdl5Ck6gFT98dM=,x6XRZEzv9OFxwQKUZWRVZtLcbI4=
-157,-34,DSrgoDQLTc3GKKdl5Ck6gFT98dM=,kM27lu9Z60CkNqT/U/1gLDpZMuM=
-158,-34,DSrgoDQLTc3GKKdl5Ck6gFT98dM=,kM27lu9Z60CkNqT/U/1gLDpZMuM=
-159,-34,DSrgoDQLTc3GKKdl5Ck6gFT98dM=,kM27lu9Z60CkNqT/U/1gLDpZMuM=
-153,-35,DSrgoDQLTc3GKKdl5Ck6gFT98dM=,kM27lu9Z60CkNqT/U/1gLDpZMuM=
-154,-35,DSrgoDQLTc3GKKdl5Ck6gFT98dM=,kM27lu9Z60CkNqT/U/1gLDpZMuM=
-155,-35,DSrgoDQLTc3GKKdl5Ck6gFT98dM=,kM27lu9Z60CkNqT/U/1gLDpZMuM=
-152,-38,DSrgoDQLTc3GKKdl5Ck6gFT98dM=,x6XRZEzv9OFxwQKUZWRVZtLcbI4=
-157,-39,DSrgoDQLTc3GKKdl5Ck6gFT98dM=,kM27lu9Z60CkNqT/U/1gLDpZMuM=
-158,-39,DSrgoDQLTc3GKKdl5Ck6gFT98dM=,kM27lu9Z60CkNqT/U/1gLDpZMuM=
-159,-39,DSrgoDQLTc3GKKdl5Ck6gFT98dM=,kM27lu9Z60CkNqT/U/1gLDpZMuM=
-156,-35,DSrgoDQLTc3GKKdl5Ck6gFT98dM=,kM27lu9Z60CkNqT/U/1gLDpZMuM=
-157,-35,DSrgoDQLTc3GKKdl5Ck6gFT98dM=,kM27lu9Z60CkNqT/U/1gLDpZMuM=
-155,-40,DSrgoDQLTc3GKKdl5Ck6gFT98dM=,kM27lu9Z60CkNqT/U/1gLDpZMuM=
-154,-37,DSrgoDQLTc3GKKdl5Ck6gFT98dM=,kM27lu9Z60CkNqT/U/1gLDpZMuM=
-156,-40,DSrgoDQLTc3GKKdl5Ck6gFT98dM=,kM27lu9Z60CkNqT/U/1gLDpZMuM=
-156,-46,DSrgoDQLTc3GKKdl5Ck6gFT98dM=,1Hb94Vha4JvNi5AEAycw4U4uqqg=
-158,-35,DSrgoDQLTc3GKKdl5Ck6gFT98dM=,kM27lu9Z60CkNqT/U/1gLDpZMuM=
-157,-40,DSrgoDQLTc3GKKdl5Ck6gFT98dM=,kM27lu9Z60CkNqT/U/1gLDpZMuM=
-159,-35,DSrgoDQLTc3GKKdl5Ck6gFT98dM=,kM27lu9Z60CkNqT/U/1gLDpZMuM=
-159,-40,DSrgoDQLTc3GKKdl5Ck6gFT98dM=,kM27lu9Z60CkNqT/U/1gLDpZMuM=
-152,-36,DSrgoDQLTc3GKKdl5Ck6gFT98dM=,x6XRZEzv9OFxwQKUZWRVZtLcbI4=
-153,-36,DSrgoDQLTc3GKKdl5Ck6gFT98dM=,kM27lu9Z60CkNqT/U/1gLDpZMuM=
-154,-36,DSrgoDQLTc3GKKdl5Ck6gFT98dM=,kM27lu9Z60CkNqT/U/1gLDpZMuM=
-154,-41,DSrgoDQLTc3GKKdl5Ck6gFT98dM=,1Hb94Vha4JvNi5AEAycw4U4uqqg=
-152,-39,DSrgoDQLTc3GKKdl5Ck6gFT98dM=,x6XRZEzv9OFxwQKUZWRVZtLcbI4=
-155,-41,DSrgoDQLTc3GKKdl5Ck6gFT98dM=,1Hb94Vha4JvNi5AEAycw4U4uqqg=
-156,-41,DSrgoDQLTc3GKKdl5Ck6gFT98dM=,1Hb94Vha4JvNi5AEAycw4U4uqqg=
-157,-41,DSrgoDQLTc3GKKdl5Ck6gFT98dM=,1Hb94Vha4JvNi5AEAycw4U4uqqg=
-152,-37,DSrgoDQLTc3GKKdl5Ck6gFT98dM=,x6XRZEzv9OFxwQKUZWRVZtLcbI4=
-153,-37,DSrgoDQLTc3GKKdl5Ck6gFT98dM=,kM27lu9Z60CkNqT/U/1gLDpZMuM=
-158,-41,DSrgoDQLTc3GKKdl5Ck6gFT98dM=,1Hb94Vha4JvNi5AEAycw4U4uqqg=
-156,-36,DSrgoDQLTc3GKKdl5Ck6gFT98dM=,kM27lu9Z60CkNqT/U/1gLDpZMuM=
-155,-36,DSrgoDQLTc3GKKdl5Ck6gFT98dM=,kM27lu9Z60CkNqT/U/1gLDpZMuM=
-157,-36,DSrgoDQLTc3GKKdl5Ck6gFT98dM=,kM27lu9Z60CkNqT/U/1gLDpZMuM=
-154,-40,DSrgoDQLTc3GKKdl5Ck6gFT98dM=,kM27lu9Z60CkNqT/U/1gLDpZMuM=
-159,-41,DSrgoDQLTc3GKKdl5Ck6gFT98dM=,1Hb94Vha4JvNi5AEAycw4U4uqqg=
-158,-40,DSrgoDQLTc3GKKdl5Ck6gFT98dM=,kM27lu9Z60CkNqT/U/1gLDpZMuM=
-158,-36,DSrgoDQLTc3GKKdl5Ck6gFT98dM=,kM27lu9Z60CkNqT/U/1gLDpZMuM=
-159,-36,DSrgoDQLTc3GKKdl5Ck6gFT98dM=,kM27lu9Z60CkNqT/U/1gLDpZMuM=
-150,-41,DSrgoDQLTc3GKKdl5Ck6gFT98dM=,x6XRZEzv9OFxwQKUZWRVZtLcbI4=
-149,-41,DSrgoDQLTc3GKKdl5Ck6gFT98dM=,x6XRZEzv9OFxwQKUZWRVZtLcbI4=
-151,-41,DSrgoDQLTc3GKKdl5Ck6gFT98dM=,x6XRZEzv9OFxwQKUZWRVZtLcbI4=
-152,-41,DSrgoDQLTc3GKKdl5Ck6gFT98dM=,x6XRZEzv9OFxwQKUZWRVZtLcbI4=
-147,-42,DSrgoDQLTc3GKKdl5Ck6gFT98dM=,x6XRZEzv9OFxwQKUZWRVZtLcbI4=
-146,-42,DSrgoDQLTc3GKKdl5Ck6gFT98dM=,x6XRZEzv9OFxwQKUZWRVZtLcbI4=
-148,-41,DSrgoDQLTc3GKKdl5Ck6gFT98dM=,x6XRZEzv9OFxwQKUZWRVZtLcbI4=
-148,-42,DSrgoDQLTc3GKKdl5Ck6gFT98dM=,x6XRZEzv9OFxwQKUZWRVZtLcbI4=
-149,-42,DSrgoDQLTc3GKKdl5Ck6gFT98dM=,x6XRZEzv9OFxwQKUZWRVZtLcbI4=
-150,-42,DSrgoDQLTc3GKKdl5Ck6gFT98dM=,x6XRZEzv9OFxwQKUZWRVZtLcbI4=
-152,-42,DSrgoDQLTc3GKKdl5Ck6gFT98dM=,x6XRZEzv9OFxwQKUZWRVZtLcbI4=
-151,-42,DSrgoDQLTc3GKKdl5Ck6gFT98dM=,x6XRZEzv9OFxwQKUZWRVZtLcbI4=
-153,-44,DSrgoDQLTc3GKKdl5Ck6gFT98dM=,1Hb94Vha4JvNi5AEAycw4U4uqqg=
-146,-43,DSrgoDQLTc3GKKdl5Ck6gFT98dM=,x6XRZEzv9OFxwQKUZWRVZtLcbI4=
-147,-41,DSrgoDQLTc3GKKdl5Ck6gFT98dM=,x6XRZEzv9OFxwQKUZWRVZtLcbI4=
-148,-43,DSrgoDQLTc3GKKdl5Ck6gFT98dM=,x6XRZEzv9OFxwQKUZWRVZtLcbI4=
-152,-43,DSrgoDQLTc3GKKdl5Ck6gFT98dM=,x6XRZEzv9OFxwQKUZWRVZtLcbI4=
-147,-43,DSrgoDQLTc3GKKdl5Ck6gFT98dM=,x6XRZEzv9OFxwQKUZWRVZtLcbI4=
-151,-43,DSrgoDQLTc3GKKdl5Ck6gFT98dM=,x6XRZEzv9OFxwQKUZWRVZtLcbI4=
-150,-43,DSrgoDQLTc3GKKdl5Ck6gFT98dM=,x6XRZEzv9OFxwQKUZWRVZtLcbI4=
-149,-43,DSrgoDQLTc3GKKdl5Ck6gFT98dM=,x6XRZEzv9OFxwQKUZWRVZtLcbI4=
-146,-41,DSrgoDQLTc3GKKdl5Ck6gFT98dM=,x6XRZEzv9OFxwQKUZWRVZtLcbI4=
-146,-44,DSrgoDQLTc3GKKdl5Ck6gFT98dM=,x6XRZEzv9OFxwQKUZWRVZtLcbI4=
-147,-44,DSrgoDQLTc3GKKdl5Ck6gFT98dM=,x6XRZEzv9OFxwQKUZWRVZtLcbI4=
-148,-44,DSrgoDQLTc3GKKdl5Ck6gFT98dM=,x6XRZEzv9OFxwQKUZWRVZtLcbI4=
-149,-44,DSrgoDQLTc3GKKdl5Ck6gFT98dM=,x6XRZEzv9OFxwQKUZWRVZtLcbI4=
-150,-44,DSrgoDQLTc3GKKdl5Ck6gFT98dM=,x6XRZEzv9OFxwQKUZWRVZtLcbI4=
-151,-44,DSrgoDQLTc3GKKdl5Ck6gFT98dM=,x6XRZEzv9OFxwQKUZWRVZtLcbI4=
-152,-44,DSrgoDQLTc3GKKdl5Ck6gFT98dM=,x6XRZEzv9OFxwQKUZWRVZtLcbI4=
-153,-43,DSrgoDQLTc3GKKdl5Ck6gFT98dM=,1Hb94Vha4JvNi5AEAycw4U4uqqg=
-146,-45,DSrgoDQLTc3GKKdl5Ck6gFT98dM=,x6XRZEzv9OFxwQKUZWRVZtLcbI4=
-153,-40,DSrgoDQLTc3GKKdl5Ck6gFT98dM=,kM27lu9Z60CkNqT/U/1gLDpZMuM=
-147,-45,DSrgoDQLTc3GKKdl5Ck6gFT98dM=,x6XRZEzv9OFxwQKUZWRVZtLcbI4=
-148,-45,DSrgoDQLTc3GKKdl5Ck6gFT98dM=,x6XRZEzv9OFxwQKUZWRVZtLcbI4=
-149,-45,DSrgoDQLTc3GKKdl5Ck6gFT98dM=,x6XRZEzv9OFxwQKUZWRVZtLcbI4=
-153,-45,DSrgoDQLTc3GKKdl5Ck6gFT98dM=,1Hb94Vha4JvNi5AEAycw4U4uqqg=
-150,-45,DSrgoDQLTc3GKKdl5Ck6gFT98dM=,x6XRZEzv9OFxwQKUZWRVZtLcbI4=
-150,-40,DSrgoDQLTc3GKKdl5Ck6gFT98dM=,x6XRZEzv9OFxwQKUZWRVZtLcbI4=
-151,-45,DSrgoDQLTc3GKKdl5Ck6gFT98dM=,x6XRZEzv9OFxwQKUZWRVZtLcbI4=
-152,-45,DSrgoDQLTc3GKKdl5Ck6gFT98dM=,x6XRZEzv9OFxwQKUZWRVZtLcbI4=
-146,-46,DSrgoDQLTc3GKKdl5Ck6gFT98dM=,x6XRZEzv9OFxwQKUZWRVZtLcbI4=
-147,-46,DSrgoDQLTc3GKKdl5Ck6gFT98dM=,x6XRZEzv9OFxwQKUZWRVZtLcbI4=
-153,-46,DSrgoDQLTc3GKKdl5Ck6gFT98dM=,1Hb94Vha4JvNi5AEAycw4U4uqqg=
-148,-46,DSrgoDQLTc3GKKdl5Ck6gFT98dM=,x6XRZEzv9OFxwQKUZWRVZtLcbI4=
-149,-46,DSrgoDQLTc3GKKdl5Ck6gFT98dM=,x6XRZEzv9OFxwQKUZWRVZtLcbI4=
-149,-40,DSrgoDQLTc3GKKdl5Ck6gFT98dM=,x6XRZEzv9OFxwQKUZWRVZtLcbI4=
-150,-46,DSrgoDQLTc3GKKdl5Ck6gFT98dM=,x6XRZEzv9OFxwQKUZWRVZtLcbI4=
-151,-46,DSrgoDQLTc3GKKdl5Ck6gFT98dM=,x6XRZEzv9OFxwQKUZWRVZtLcbI4=
-152,-46,DSrgoDQLTc3GKKdl5Ck6gFT98dM=,x6XRZEzv9OFxwQKUZWRVZtLcbI4=
-153,-47,DSrgoDQLTc3GKKdl5Ck6gFT98dM=,1Hb94Vha4JvNi5AEAycw4U4uqqg=
-146,-47,DSrgoDQLTc3GKKdl5Ck6gFT98dM=,x6XRZEzv9OFxwQKUZWRVZtLcbI4=
-147,-47,DSrgoDQLTc3GKKdl5Ck6gFT98dM=,x6XRZEzv9OFxwQKUZWRVZtLcbI4=
-148,-47,DSrgoDQLTc3GKKdl5Ck6gFT98dM=,x6XRZEzv9OFxwQKUZWRVZtLcbI4=
-148,-40,DSrgoDQLTc3GKKdl5Ck6gFT98dM=,x6XRZEzv9OFxwQKUZWRVZtLcbI4=
-149,-47,DSrgoDQLTc3GKKdl5Ck6gFT98dM=,x6XRZEzv9OFxwQKUZWRVZtLcbI4=
-151,-47,DSrgoDQLTc3GKKdl5Ck6gFT98dM=,x6XRZEzv9OFxwQKUZWRVZtLcbI4=
-152,-47,DSrgoDQLTc3GKKdl5Ck6gFT98dM=,x6XRZEzv9OFxwQKUZWRVZtLcbI4=
-151,-40,DSrgoDQLTc3GKKdl5Ck6gFT98dM=,x6XRZEzv9OFxwQKUZWRVZtLcbI4=
-146,-40,DSrgoDQLTc3GKKdl5Ck6gFT98dM=,x6XRZEzv9OFxwQKUZWRVZtLcbI4=
-147,-40,DSrgoDQLTc3GKKdl5Ck6gFT98dM=,x6XRZEzv9OFxwQKUZWRVZtLcbI4=
-152,-40,DSrgoDQLTc3GKKdl5Ck6gFT98dM=,x6XRZEzv9OFxwQKUZWRVZtLcbI4=
-153,-42,DSrgoDQLTc3GKKdl5Ck6gFT98dM=,1Hb94Vha4JvNi5AEAycw4U4uqqg=
-153,-41,DSrgoDQLTc3GKKdl5Ck6gFT98dM=,1Hb94Vha4JvNi5AEAycw4U4uqqg=
-150,-47,DSrgoDQLTc3GKKdl5Ck6gFT98dM=,x6XRZEzv9OFxwQKUZWRVZtLcbI4=
-160,-36,DSrgoDQLTc3GKKdl5Ck6gFT98dM=,kM27lu9Z60CkNqT/U/1gLDpZMuM=
-160,-37,DSrgoDQLTc3GKKdl5Ck6gFT98dM=,kM27lu9Z60CkNqT/U/1gLDpZMuM=
-160,-38,DSrgoDQLTc3GKKdl5Ck6gFT98dM=,kM27lu9Z60CkNqT/U/1gLDpZMuM=
-160,-34,DSrgoDQLTc3GKKdl5Ck6gFT98dM=,kM27lu9Z60CkNqT/U/1gLDpZMuM=
-160,-35,DSrgoDQLTc3GKKdl5Ck6gFT98dM=,kM27lu9Z60CkNqT/U/1gLDpZMuM=
-160,-39,DSrgoDQLTc3GKKdl5Ck6gFT98dM=,kM27lu9Z60CkNqT/U/1gLDpZMuM=
-159,-33,DSrgoDQLTc3GKKdl5Ck6gFT98dM=,kM27lu9Z60CkNqT/U/1gLDpZMuM=
-148,-33,DSrgoDQLTc3GKKdl5Ck6gFT98dM=,x6XRZEzv9OFxwQKUZWRVZtLcbI4=
-154,-33,DSrgoDQLTc3GKKdl5Ck6gFT98dM=,kM27lu9Z60CkNqT/U/1gLDpZMuM=
-155,-33,DSrgoDQLTc3GKKdl5Ck6gFT98dM=,kM27lu9Z60CkNqT/U/1gLDpZMuM=
-156,-33,DSrgoDQLTc3GKKdl5Ck6gFT98dM=,kM27lu9Z60CkNqT/U/1gLDpZMuM=
-157,-33,DSrgoDQLTc3GKKdl5Ck6gFT98dM=,kM27lu9Z60CkNqT/U/1gLDpZMuM=
-158,-33,DSrgoDQLTc3GKKdl5Ck6gFT98dM=,kM27lu9Z60CkNqT/U/1gLDpZMuM=
-145,-34,DSrgoDQLTc3GKKdl5Ck6gFT98dM=,x6XRZEzv9OFxwQKUZWRVZtLcbI4=
-145,-35,DSrgoDQLTc3GKKdl5Ck6gFT98dM=,x6XRZEzv9OFxwQKUZWRVZtLcbI4=
-147,-33,DSrgoDQLTc3GKKdl5Ck6gFT98dM=,x6XRZEzv9OFxwQKUZWRVZtLcbI4=
-145,-37,DSrgoDQLTc3GKKdl5Ck6gFT98dM=,x6XRZEzv9OFxwQKUZWRVZtLcbI4=
-145,-39,DSrgoDQLTc3GKKdl5Ck6gFT98dM=,x6XRZEzv9OFxwQKUZWRVZtLcbI4=
-145,-38,DSrgoDQLTc3GKKdl5Ck6gFT98dM=,x6XRZEzv9OFxwQKUZWRVZtLcbI4=
-149,-33,DSrgoDQLTc3GKKdl5Ck6gFT98dM=,x6XRZEzv9OFxwQKUZWRVZtLcbI4=
-145,-36,DSrgoDQLTc3GKKdl5Ck6gFT98dM=,x6XRZEzv9OFxwQKUZWRVZtLcbI4=
-150,-33,DSrgoDQLTc3GKKdl5Ck6gFT98dM=,x6XRZEzv9OFxwQKUZWRVZtLcbI4=
-151,-33,DSrgoDQLTc3GKKdl5Ck6gFT98dM=,x6XRZEzv9OFxwQKUZWRVZtLcbI4=
-146,-33,DSrgoDQLTc3GKKdl5Ck6gFT98dM=,x6XRZEzv9OFxwQKUZWRVZtLcbI4=
-152,-33,DSrgoDQLTc3GKKdl5Ck6gFT98dM=,x6XRZEzv9OFxwQKUZWRVZtLcbI4=
-153,-33,DSrgoDQLTc3GKKdl5Ck6gFT98dM=,kM27lu9Z60CkNqT/U/1gLDpZMuM=
-160,-44,DSrgoDQLTc3GKKdl5Ck6gFT98dM=,1Hb94Vha4JvNi5AEAycw4U4uqqg=
-160,-46,DSrgoDQLTc3GKKdl5Ck6gFT98dM=,1Hb94Vha4JvNi5AEAycw4U4uqqg=
-160,-47,DSrgoDQLTc3GKKdl5Ck6gFT98dM=,1Hb94Vha4JvNi5AEAycw4U4uqqg=
-160,-43,DSrgoDQLTc3GKKdl5Ck6gFT98dM=,1Hb94Vha4JvNi5AEAycw4U4uqqg=
-160,-42,DSrgoDQLTc3GKKdl5Ck6gFT98dM=,1Hb94Vha4JvNi5AEAycw4U4uqqg=
-160,-45,DSrgoDQLTc3GKKdl5Ck6gFT98dM=,1Hb94Vha4JvNi5AEAycw4U4uqqg=
-160,-41,DSrgoDQLTc3GKKdl5Ck6gFT98dM=,1Hb94Vha4JvNi5AEAycw4U4uqqg=
-160,-40,DSrgoDQLTc3GKKdl5Ck6gFT98dM=,kM27lu9Z60CkNqT/U/1gLDpZMuM=
-145,-41,DSrgoDQLTc3GKKdl5Ck6gFT98dM=,x6XRZEzv9OFxwQKUZWRVZtLcbI4=
-159,-48,DSrgoDQLTc3GKKdl5Ck6gFT98dM=,1Hb94Vha4JvNi5AEAycw4U4uqqg=
-145,-43,DSrgoDQLTc3GKKdl5Ck6gFT98dM=,x6XRZEzv9OFxwQKUZWRVZtLcbI4=
-145,-44,DSrgoDQLTc3GKKdl5Ck6gFT98dM=,x6XRZEzv9OFxwQKUZWRVZtLcbI4=
-145,-46,DSrgoDQLTc3GKKdl5Ck6gFT98dM=,x6XRZEzv9OFxwQKUZWRVZtLcbI4=
-145,-45,DSrgoDQLTc3GKKdl5Ck6gFT98dM=,x6XRZEzv9OFxwQKUZWRVZtLcbI4=
-145,-47,DSrgoDQLTc3GKKdl5Ck6gFT98dM=,x6XRZEzv9OFxwQKUZWRVZtLcbI4=
-157,-48,DSrgoDQLTc3GKKdl5Ck6gFT98dM=,1Hb94Vha4JvNi5AEAycw4U4uqqg=
-145,-40,DSrgoDQLTc3GKKdl5Ck6gFT98dM=,x6XRZEzv9OFxwQKUZWRVZtLcbI4=
-155,-48,DSrgoDQLTc3GKKdl5Ck6gFT98dM=,1Hb94Vha4JvNi5AEAycw4U4uqqg=
-158,-48,DSrgoDQLTc3GKKdl5Ck6gFT98dM=,1Hb94Vha4JvNi5AEAycw4U4uqqg=
-156,-48,DSrgoDQLTc3GKKdl5Ck6gFT98dM=,1Hb94Vha4JvNi5AEAycw4U4uqqg=
-154,-48,DSrgoDQLTc3GKKdl5Ck6gFT98dM=,1Hb94Vha4JvNi5AEAycw4U4uqqg=
-152,-48,DSrgoDQLTc3GKKdl5Ck6gFT98dM=,x6XRZEzv9OFxwQKUZWRVZtLcbI4=
-146,-48,DSrgoDQLTc3GKKdl5Ck6gFT98dM=,x6XRZEzv9OFxwQKUZWRVZtLcbI4=
-147,-48,DSrgoDQLTc3GKKdl5Ck6gFT98dM=,x6XRZEzv9OFxwQKUZWRVZtLcbI4=
-153,-48,DSrgoDQLTc3GKKdl5Ck6gFT98dM=,1Hb94Vha4JvNi5AEAycw4U4uqqg=
-149,-48,DSrgoDQLTc3GKKdl5Ck6gFT98dM=,x6XRZEzv9OFxwQKUZWRVZtLcbI4=
-148,-48,DSrgoDQLTc3GKKdl5Ck6gFT98dM=,x6XRZEzv9OFxwQKUZWRVZtLcbI4=
-150,-48,DSrgoDQLTc3GKKdl5Ck6gFT98dM=,x6XRZEzv9OFxwQKUZWRVZtLcbI4=
-151,-48,DSrgoDQLTc3GKKdl5Ck6gFT98dM=,x6XRZEzv9OFxwQKUZWRVZtLcbI4=
-145,-42,DSrgoDQLTc3GKKdl5Ck6gFT98dM=,x6XRZEzv9OFxwQKUZWRVZtLcbI4=
-145,-48,DSrgoDQLTc3GKKdl5Ck6gFT98dM=,x6XRZEzv9OFxwQKUZWRVZtLcbI4=
-160,-48,DSrgoDQLTc3GKKdl5Ck6gFT98dM=,1Hb94Vha4JvNi5AEAycw4U4uqqg=
-160,-33,DSrgoDQLTc3GKKdl5Ck6gFT98dM=,kM27lu9Z60CkNqT/U/1gLDpZMuM=
-145,-33,DSrgoDQLTc3GKKdl5Ck6gFT98dM=,x6XRZEzv9OFxwQKUZWRVZtLcbI4=
