5,-255,eHNIuAnIiYos30lFE6QzBZQLJMY=,+EMlhtIgUU4sSiQ4Qj79V6Bkhoc=
7,-255,eHNIuAnIiYos30lFE6QzBZQLJMY=,+EMlhtIgUU4sSiQ4Qj79V6Bkhoc=
3,-256,eHNIuAnIiYos30lFE6QzBZQLJMY=,+EMlhtIgUU4sSiQ4Qj79V6Bkhoc=
6,-255,eHNIuAnIiYos30lFE6QzBZQLJMY=,+EMlhtIgUU4sSiQ4Qj79V6Bkhoc=
5,-252,eHNIuAnIiYos30lFE6QzBZQLJMY=,+EMlhtIgUU4sSiQ4Qj79V6Bkhoc=
7,-253,eHNIuAnIiYos30lFE6QzBZQLJMY=,+EMlhtIgUU4sSiQ4Qj79V6Bkhoc=
3,-251,eHNIuAnIiYos30lFE6QzBZQLJMY=,+EMlhtIgUU4sSiQ4Qj79V6Bkhoc=
4,-252,eHNIuAnIiYos30lFE6QzBZQLJMY=,+EMlhtIgUU4sSiQ4Qj79V6Bkhoc=
6,-253,eHNIuAnIiYos30lFE6QzBZQLJMY=,+EMlhtIgUU4sSiQ4Qj79V6Bkhoc=
7,-254,eHNIuAnIiYos30lFE6QzBZQLJMY=,+EMlhtIgUU4sSiQ4Qj79V6Bkhoc=
5,-253,eHNIuAnIiYos30lFE6QzBZQLJMY=,+EMlhtIgUU4sSiQ4Qj79V6Bkhoc=
3,-252,eHNIuAnIiYos30lFE6QzBZQLJMY=,+EMlhtIgUU4sSiQ4Qj79V6Bkhoc=
2,-251,eHNIuAnIiYos30lFE6QzBZQLJMY=,+EMlhtIgUU4sSiQ4Qj79V6Bkhoc=
1,-251,eHNIuAnIiYos30lFE6QzBZQLJMY=,+EMlhtIgUU4sSiQ4Qj79V6Bkhoc=
6,-254,eHNIuAnIiYos30lFE6QzBZQLJMY=,+EMlhtIgUU4sSiQ4Qj79V6Bkhoc=
4,-253,eHNIuAnIiYos30lFE6QzBZQLJMY=,+EMlhtIgUU4sSiQ4Qj79V6Bkhoc=
3,-253,eHNIuAnIiYos30lFE6QzBZQLJMY=,+EMlhtIgUU4sSiQ4Qj79V6Bkhoc=
5,-254,eHNIuAnIiYos30lFE6QzBZQLJMY=,+EMlhtIgUU4sSiQ4Qj79V6Bkhoc=
4,-254,eHNIuAnIiYos30lFE6QzBZQLJMY=,+EMlhtIgUU4sSiQ4Qj79V6Bkhoc=
7,-252,eHNIuAnIiYos30lFE6QzBZQLJMY=,+EMlhtIgUU4sSiQ4Qj79V6Bkhoc=
2,-252,eHNIuAnIiYos30lFE6QzBZQLJMY=,+EMlhtIgUU4sSiQ4Qj79V6Bkhoc=
2,-253,eHNIuAnIiYos30lFE6QzBZQLJMY=,+EMlhtIgUU4sSiQ4Qj79V6Bkhoc=
1,-252,eHNIuAnIiYos30lFE6QzBZQLJMY=,+EMlhtIgUU4sSiQ4Qj79V6Bkhoc=
3,-254,eHNIuAnIiYos30lFE6QzBZQLJMY=,+EMlhtIgUU4sSiQ4Qj79V6Bkhoc=
1,-253,eHNIuAnIiYos30lFE6QzBZQLJMY=,+EMlhtIgUU4sSiQ4Qj79V6Bkhoc=
7,-250,eHNIuAnIiYos30lFE6QzBZQLJMY=,+EMlhtIgUU4sSiQ4Qj79V6Bkhoc=
6,-252,eHNIuAnIiYos30lFE6QzBZQLJMY=,+EMlhtIgUU4sSiQ4Qj79V6Bkhoc=
6,-250,eHNIuAnIiYos30lFE6QzBZQLJMY=,+EMlhtIgUU4sSiQ4Qj79V6Bkhoc=
5,-250,eHNIuAnIiYos30lFE6QzBZQLJMY=,+EMlhtIgUU4sSiQ4Qj79V6Bkhoc=
1,-255,eHNIuAnIiYos30lFE6QzBZQLJMY=,+EMlhtIgUU4sSiQ4Qj79V6Bkhoc=
4,-250,eHNIuAnIiYos30lFE6QzBZQLJMY=,+EMlhtIgUU4sSiQ4Qj79V6Bkhoc=
2,-254,eHNIuAnIiYos30lFE6QzBZQLJMY=,+EMlhtIgUU4sSiQ4Qj79V6Bkhoc=
1,-254,eHNIuAnIiYos30lFE6QzBZQLJMY=,+EMlhtIgUU4sSiQ4Qj79V6Bkhoc=
3,-250,eHNIuAnIiYos30lFE6QzBZQLJMY=,+EMlhtIgUU4sSiQ4Qj79V6Bkhoc=
2,-256,eHNIuAnIiYos30lFE6QzBZQLJMY=,+EMlhtIgUU4sSiQ4Qj79V6Bkhoc=
7,-256,eHNIuAnIiYos30lFE6QzBZQLJMY=,+EMlhtIgUU4sSiQ4Qj79V6Bkhoc=
6,-256,eHNIuAnIiYos30lFE6QzBZQLJMY=,+EMlhtIgUU4sSiQ4Qj79V6Bkhoc=
5,-256,eHNIuAnIiYos30lFE6QzBZQLJMY=,+EMlhtIgUU4sSiQ4Qj79V6Bkhoc=
2,-250,eHNIuAnIiYos30lFE6QzBZQLJMY=,+EMlhtIgUU4sSiQ4Qj79V6Bkhoc=
1,-256,eHNIuAnIiYos30lFE6QzBZQLJMY=,+EMlhtIgUU4sSiQ4Qj79V6Bkhoc=
0,-251,eHNIuAnIiYos30lFE6QzBZQLJMY=,+EMlhtIgUU4sSiQ4Qj79V6Bkhoc=
4,-256,eHNIuAnIiYos30lFE6QzBZQLJMY=,+EMlhtIgUU4sSiQ4Qj79V6Bkhoc=
1,-250,eHNIuAnIiYos30lFE6QzBZQLJMY=,+EMlhtIgUU4sSiQ4Qj79V6Bkhoc=
0,-255,eHNIuAnIiYos30lFE6QzBZQLJMY=,+EMlhtIgUU4sSiQ4Qj79V6Bkhoc=
7,-251,eHNIuAnIiYos30lFE6QzBZQLJMY=,+EMlhtIgUU4sSiQ4Qj79V6Bkhoc=
4,-255,eHNIuAnIiYos30lFE6QzBZQLJMY=,+EMlhtIgUU4sSiQ4Qj79V6Bkhoc=
3,-255,eHNIuAnIiYos30lFE6QzBZQLJMY=,+EMlhtIgUU4sSiQ4Qj79V6Bkhoc=
0,-253,eHNIuAnIiYos30lFE6QzBZQLJMY=,+EMlhtIgUU4sSiQ4Qj79V6Bkhoc=
0,-254,eHNIuAnIiYos30lFE6QzBZQLJMY=,+EMlhtIgUU4sSiQ4Qj79V6Bkhoc=
6,-251,eHNIuAnIiYos30lFE6QzBZQLJMY=,+EMlhtIgUU4sSiQ4Qj79V6Bkhoc=
5,-251,eHNIuAnIiYos30lFE6QzBZQLJMY=,+EMlhtIgUU4sSiQ4Qj79V6Bkhoc=
4,-251,eHNIuAnIiYos30lFE6QzBZQLJMY=,+EMlhtIgUU4sSiQ4Qj79V6Bkhoc=
2,-255,eHNIuAnIiYos30lFE6QzBZQLJMY=,+EMlhtIgUU4sSiQ4Qj79V6Bkhoc=
0,-252,eHNIuAnIiYos30lFE6QzBZQLJMY=,+EMlhtIgUU4sSiQ4Qj79V6Bkhoc=
0,-250,eHNIuAnIiYos30lFE6QzBZQLJMY=,+EMlhtIgUU4sSiQ4Qj79V6Bkhoc=
0,-256,eHNIuAnIiYos30lFE6QzBZQLJMY=,+EMlhtIgUU4sSiQ4Qj79V6Bkhoc=
3,-245,eHNIuAnIiYos30lFE6QzBZQLJMY=,+EMlhtIgUU4sSiQ4Qj79V6Bkhoc=
2,-245,eHNIuAnIiYos30lFE6QzBZQLJMY=,+EMlhtIgUU4sSiQ4Qj79V6Bkhoc=
7,-246,eHNIuAnIiYos30lFE6QzBZQLJMY=,+EMlhtIgUU4sSiQ4Qj79V6Bkhoc=
1,-245,eHNIuAnIiYos30lFE6QzBZQLJMY=,+EMlhtIgUU4sSiQ4Qj79V6Bkhoc=
5,-246,eHNIuAnIiYos30lFE6QzBZQLJMY=,+EMlhtIgUU4sSiQ4Qj79V6Bkhoc=
4,-246,eHNIuAnIiYos30lFE6QzBZQLJMY=,+EMlhtIgUU4sSiQ4Qj79V6Bkhoc=
3,-246,eHNIuAnIiYos30lFE6QzBZQLJMY=,+EMlhtIgUU4sSiQ4Qj79V6Bkhoc=
7,-242,eHNIuAnIiYos30lFE6QzBZQLJMY=,+EMlhtIgUU4sSiQ4Qj79V6Bkhoc=
1,-246,eHNIuAnIiYos30lFE6QzBZQLJMY=,+EMlhtIgUU4sSiQ4Qj79V6Bkhoc=
6,-246,eHNIuAnIiYos30lFE6QzBZQLJMY=,+EMlhtIgUU4sSiQ4Qj79V6Bkhoc=
6,-242,eHNIuAnIiYos30lFE6QzBZQLJMY=,+EMlhtIgUU4sSiQ4Qj79V6Bkhoc=
7,-247,eHNIuAnIiYos30lFE6QzBZQLJMY=,+EMlhtIgUU4sSiQ4Qj79V6Bkhoc=
6,-247,eHNIuAnIiYos30lFE6QzBZQLJMY=,+EMlhtIgUU4sSiQ4Qj79V6Bkhoc=
5,-247,eHNIuAnIiYos30lFE6QzBZQLJMY=,+EMlhtIgUU4sSiQ4Qj79V6Bkhoc=
5,-242,eHNIuAnIiYos30lFE6QzBZQLJMY=,+EMlhtIgUU4sSiQ4Qj79V6Bkhoc=
4,-247,eHNIuAnIiYos30lFE6QzBZQLJMY=,+EMlhtIgUU4sSiQ4Qj79V6Bkhoc=
2,-246,eHNIuAnIiYos30lFE6QzBZQLJMY=,+EMlhtIgUU4sSiQ4Qj79V6Bkhoc=
4,-242,eHNIuAnIiYos30lFE6QzBZQLJMY=,+EMlhtIgUU4sSiQ4Qj79V6Bkhoc=
3,-247,eHNIuAnIiYos30lFE6QzBZQLJMY=,+EMlhtIgUU4sSiQ4Qj79V6Bkhoc=
2,-247,eHNIuAnIiYos30lFE6QzBZQLJMY=,+EMlhtIgUU4sSiQ4Qj79V6Bkhoc=
1,-247,eHNIuAnIiYos30lFE6QzBZQLJMY=,+EMlhtIgUU4sSiQ4Qj79V6Bkhoc=
2,-242,eHNIuAnIiYos30lFE6QzBZQLJMY=,+EMlhtIgUU4sSiQ4Qj79V6Bkhoc=
1,-242,eHNIuAnIiYos30lFE6QzBZQLJMY=,+EMlhtIgUU4sSiQ4Qj79V6Bkhoc=
3,-242,eHNIuAnIiYos30lFE6QzBZQLJMY=,+EMlhtIgUU4sSiQ4Qj79V6Bkhoc=
7,-243,eHNIuAnIiYos30lFE6QzBZQLJMY=,+EMlhtIgUU4sSiQ4Qj79V6Bkhoc=
6,-243,eHNIuAnIiYos30lFE6QzBZQLJMY=,+EMlhtIgUU4sSiQ4Qj79V6Bkhoc=
5,-243,eHNIuAnIiYos30lFE6QzBZQLJMY=,+EMlhtIgUU4sSiQ4Qj79V6Bkhoc=
4,-243,eHNIuAnIiYos30lFE6QzBZQLJMY=,+EMlhtIgUU4sSiQ4Qj79V6Bkhoc=
7,-248,eHNIuAnIiYos30lFE6QzBZQLJMY=,+EMlhtIgUU4sSiQ4Qj79V6Bkhoc=
2,-243,eHNIuAnIiYos30lFE6QzBZQLJMY=,+EMlhtIgUU4sSiQ4Qj79V6Bkhoc=
3,-243,eHNIuAnIiYos30lFE6QzBZQLJMY=,+EMlhtIgUU4sSiQ4Qj79V6Bkhoc=
1,-243,eHNIuAnIiYos30lFE6QzBZQLJMY=,+EMlhtIgUU4sSiQ4Qj79V6Bkhoc=
6,-248,eHNIuAnIiYos30lFE6QzBZQLJMY=,+EMlhtIgUU4sSiQ4Qj79V6Bkhoc=
7,-244,eHNIuAnIiYos30lFE6QzBZQLJMY=,+EMlhtIgUU4sSiQ4Qj79V6Bkhoc=
5,-248,eHNIuAnIiYos30lFE6QzBZQLJMY=,+EMlhtIgUU4sSiQ4Qj79V6Bkhoc=
6,-244,eHNIuAnIiYos30lFE6QzBZQLJMY=,+EMlhtIgUU4sSiQ4Qj79V6Bkhoc=
5,-244,eHNIuAnIiYos30lFE6QzBZQLJMY=,+EMlhtIgUU4sSiQ4Qj79V6Bkhoc=
4,-248,eHNIuAnIiYos30lFE6QzBZQLJMY=,+EMlhtIgUU4sSiQ4Qj79V6Bkhoc=
3,-248,eHNIuAnIiYos30lFE6QzBZQLJMY=,+EMlhtIgUU4sSiQ4Qj79V6Bkhoc=
4,-244,eHNIuAnIiYos30lFE6QzBZQLJMY=,+EMlhtIgUU4sSiQ4Qj79V6Bkhoc=
2,-248,eHNIuAnIiYos30lFE6QzBZQLJMY=,+EMlhtIgUU4sSiQ4Qj79V6Bkhoc=
3,-244,eHNIuAnIiYos30lFE6QzBZQLJMY=,+EMlhtIgUU4sSiQ4Qj79V6Bkhoc=
2,-244,eHNIuAnIiYos30lFE6QzBZQLJMY=,+EMlhtIgUU4sSiQ4Qj79V6Bkhoc=
1,-248,eHNIuAnIiYos30lFE6QzBZQLJMY=,+EMlhtIgUU4sSiQ4Qj79V6Bkhoc=
0,-245,eHNIuAnIiYos30lFE6QzBZQLJMY=,+EMlhtIgUU4sSiQ4Qj79V6Bkhoc=
7,-249,eHNIuAnIiYos30lFE6QzBZQLJMY=,+EMlhtIgUU4sSiQ4Qj79V6Bkhoc=
1,-244,eHNIuAnIiYos30lFE6QzBZQLJMY=,+EMlhtIgUU4sSiQ4Qj79V6Bkhoc=
0,-246,eHNIuAnIiYos30lFE6QzBZQLJMY=,+EMlhtIgUU4sSiQ4Qj79V6Bkhoc=
0,-249,eHNIuAnIiYos30lFE6QzBZQLJMY=,+EMlhtIgUU4sSiQ4Qj79V6Bkhoc=
7,-245,eHNIuAnIiYos30lFE6QzBZQLJMY=,+EMlhtIgUU4sSiQ4Qj79V6Bkhoc=
6,-245,eHNIuAnIiYos30lFE6QzBZQLJMY=,+EMlhtIgUU4sSiQ4Qj79V6Bkhoc=
1,-249,eHNIuAnIiYos30lFE6QzBZQLJMY=,+EMlhtIgUU4sSiQ4Qj79V6Bkhoc=
5,-245,eHNIuAnIiYos30lFE6QzBZQLJMY=,+EMlhtIgUU4sSiQ4Qj79V6Bkhoc=
4,-245,eHNIuAnIiYos30lFE6QzBZQLJMY=,+EMlhtIgUU4sSiQ4Qj79V6Bkhoc=
2,-249,eHNIuAnIiYos30lFE6QzBZQLJMY=,+EMlhtIgUU4sSiQ4Qj79V6Bkhoc=
0,-242,eHNIuAnIiYos30lFE6QzBZQLJMY=,+EMlhtIgUU4sSiQ4Qj79V6Bkhoc=
6,-249,eHNIuAnIiYos30lFE6QzBZQLJMY=,+EMlhtIgUU4sSiQ4Qj79V6Bkhoc=
5,-249,eHNIuAnIiYos30lFE6QzBZQLJMY=,+EMlhtIgUU4sSiQ4Qj79V6Bkhoc=
3,-249,eHNIuAnIiYos30lFE6QzBZQLJMY=,+EMlhtIgUU4sSiQ4Qj79V6Bkhoc=
4,-249,eHNIuAnIiYos30lFE6QzBZQLJMY=,+EMlhtIgUU4sSiQ4Qj79V6Bkhoc=
0,-247,eHNIuAnIiYos30lFE6QzBZQLJMY=,+EMlhtIgUU4sSiQ4Qj79V6Bkhoc=
0,-243,eHNIuAnIiYos30lFE6QzBZQLJMY=,+EMlhtIgUU4sSiQ4Qj79V6Bkhoc=
0,-248,eHNIuAnIiYos30lFE6QzBZQLJMY=,+EMlhtIgUU4sSiQ4Qj79V6Bkhoc=
0,-244,eHNIuAnIiYos30lFE6QzBZQLJMY=,+EMlhtIgUU4sSiQ4Qj79V6Bkhoc=
7,-241,eHNIuAnIiYos30lFE6QzBZQLJMY=,+EMlhtIgUU4sSiQ4Qj79V6Bkhoc=
5,-241,eHNIuAnIiYos30lFE6QzBZQLJMY=,+EMlhtIgUU4sSiQ4Qj79V6Bkhoc=
4,-241,eHNIuAnIiYos30lFE6QzBZQLJMY=,+EMlhtIgUU4sSiQ4Qj79V6Bkhoc=
2,-241,eHNIuAnIiYos30lFE6QzBZQLJMY=,+EMlhtIgUU4sSiQ4Qj79V6Bkhoc=
6,-241,eHNIuAnIiYos30lFE6QzBZQLJMY=,+EMlhtIgUU4sSiQ4Qj79V6Bkhoc=
1,-241,eHNIuAnIiYos30lFE6QzBZQLJMY=,+EMlhtIgUU4sSiQ4Qj79V6Bkhoc=
3,-241,eHNIuAnIiYos30lFE6QzBZQLJMY=,+EMlhtIgUU4sSiQ4Qj79V6Bkhoc=
0,-241,eHNIuAnIiYos30lFE6QzBZQLJMY=,+EMlhtIgUU4sSiQ4Qj79V6Bkhoc=
2,-235,Aomp3cK/mHHRnQMWvA3gshY881c=,+EMlhtIgUU4sSiQ4Qj79V6Bkhoc=
3,-235,Aomp3cK/mHHRnQMWvA3gshY881c=,+EMlhtIgUU4sSiQ4Qj79V6Bkhoc=
7,-239,Aomp3cK/mHHRnQMWvA3gshY881c=,+EMlhtIgUU4sSiQ4Qj79V6Bkhoc=
3,-240,Aomp3cK/mHHRnQMWvA3gshY881c=,+EMlhtIgUU4sSiQ4Qj79V6Bkhoc=
5,-236,Aomp3cK/mHHRnQMWvA3gshY881c=,+EMlhtIgUU4sSiQ4Qj79V6Bkhoc=
7,-237,Aomp3cK/mHHRnQMWvA3gshY881c=,+EMlhtIgUU4sSiQ4Qj79V6Bkhoc=
1,-239,Aomp3cK/mHHRnQMWvA3gshY881c=,+EMlhtIgUU4sSiQ4Qj79V6Bkhoc=
7,-240,Aomp3cK/mHHRnQMWvA3gshY881c=,+EMlhtIgUU4sSiQ4Qj79V6Bkhoc=
6,-240,Aomp3cK/mHHRnQMWvA3gshY881c=,+EMlhtIgUU4sSiQ4Qj79V6Bkhoc=
5,-240,Aomp3cK/mHHRnQMWvA3gshY881c=,+EMlhtIgUU4sSiQ4Qj79V6Bkhoc=
4,-240,Aomp3cK/mHHRnQMWvA3gshY881c=,+EMlhtIgUU4sSiQ4Qj79V6Bkhoc=
6,-237,Aomp3cK/mHHRnQMWvA3gshY881c=,+EMlhtIgUU4sSiQ4Qj79V6Bkhoc=
2,-240,Aomp3cK/mHHRnQMWvA3gshY881c=,+EMlhtIgUU4sSiQ4Qj79V6Bkhoc=
4,-236,Aomp3cK/mHHRnQMWvA3gshY881c=,+EMlhtIgUU4sSiQ4Qj79V6Bkhoc=
1,-235,Aomp3cK/mHHRnQMWvA3gshY881c=,+EMlhtIgUU4sSiQ4Qj79V6Bkhoc=
5,-237,Aomp3cK/mHHRnQMWvA3gshY881c=,+EMlhtIgUU4sSiQ4Qj79V6Bkhoc=
3,-236,Aomp3cK/mHHRnQMWvA3gshY881c=,+EMlhtIgUU4sSiQ4Qj79V6Bkhoc=
2,-236,Aomp3cK/mHHRnQMWvA3gshY881c=,+EMlhtIgUU4sSiQ4Qj79V6Bkhoc=
4,-237,Aomp3cK/mHHRnQMWvA3gshY881c=,+EMlhtIgUU4sSiQ4Qj79V6Bkhoc=
1,-236,Aomp3cK/mHHRnQMWvA3gshY881c=,+EMlhtIgUU4sSiQ4Qj79V6Bkhoc=
3,-237,Aomp3cK/mHHRnQMWvA3gshY881c=,+EMlhtIgUU4sSiQ4Qj79V6Bkhoc=
7,-238,Aomp3cK/mHHRnQMWvA3gshY881c=,+EMlhtIgUU4sSiQ4Qj79V6Bkhoc=
2,-237,Aomp3cK/mHHRnQMWvA3gshY881c=,+EMlhtIgUU4sSiQ4Qj79V6Bkhoc=
7,-234,Aomp3cK/mHHRnQMWvA3gshY881c=,+EMlhtIgUU4sSiQ4Qj79V6Bkhoc=
6,-234,Aomp3cK/mHHRnQMWvA3gshY881c=,+EMlhtIgUU4sSiQ4Qj79V6Bkhoc=
6,-238,Aomp3cK/mHHRnQMWvA3gshY881c=,+EMlhtIgUU4sSiQ4Qj79V6Bkhoc=
1,-237,Aomp3cK/mHHRnQMWvA3gshY881c=,+EMlhtIgUU4sSiQ4Qj79V6Bkhoc=
5,-234,Aomp3cK/mHHRnQMWvA3gshY881c=,+EMlhtIgUU4sSiQ4Qj79V6Bkhoc=
0,-235,Aomp3cK/mHHRnQMWvA3gshY881c=,+EMlhtIgUU4sSiQ4Qj79V6Bkhoc=
4,-234,Aomp3cK/mHHRnQMWvA3gshY881c=,+EMlhtIgUU4sSiQ4Qj79V6Bkhoc=
5,-238,Aomp3cK/mHHRnQMWvA3gshY881c=,+EMlhtIgUU4sSiQ4Qj79V6Bkhoc=
3,-234,Aomp3cK/mHHRnQMWvA3gshY881c=,+EMlhtIgUU4sSiQ4Qj79V6Bkhoc=
2,-234,Aomp3cK/mHHRnQMWvA3gshY881c=,+EMlhtIgUU4sSiQ4Qj79V6Bkhoc=
1,-234,Aomp3cK/mHHRnQMWvA3gshY881c=,+EMlhtIgUU4sSiQ4Qj79V6Bkhoc=
0,-239,Aomp3cK/mHHRnQMWvA3gshY881c=,+EMlhtIgUU4sSiQ4Qj79V6Bkhoc=
0,-238,Aomp3cK/mHHRnQMWvA3gshY881c=,+EMlhtIgUU4sSiQ4Qj79V6Bkhoc=
7,-235,Aomp3cK/mHHRnQMWvA3gshY881c=,+EMlhtIgUU4sSiQ4Qj79V6Bkhoc=
6,-235,Aomp3cK/mHHRnQMWvA3gshY881c=,+EMlhtIgUU4sSiQ4Qj79V6Bkhoc=
5,-235,Aomp3cK/mHHRnQMWvA3gshY881c=,+EMlhtIgUU4sSiQ4Qj79V6Bkhoc=
4,-235,Aomp3cK/mHHRnQMWvA3gshY881c=,+EMlhtIgUU4sSiQ4Qj79V6Bkhoc=
4,-238,Aomp3cK/mHHRnQMWvA3gshY881c=,+EMlhtIgUU4sSiQ4Qj79V6Bkhoc=
7,-236,Aomp3cK/mHHRnQMWvA3gshY881c=,+EMlhtIgUU4sSiQ4Qj79V6Bkhoc=
3,-238,Aomp3cK/mHHRnQMWvA3gshY881c=,+EMlhtIgUU4sSiQ4Qj79V6Bkhoc=
0,-236,Aomp3cK/mHHRnQMWvA3gshY881c=,+EMlhtIgUU4sSiQ4Qj79V6Bkhoc=
6,-239,Aomp3cK/mHHRnQMWvA3gshY881c=,+EMlhtIgUU4sSiQ4Qj79V6Bkhoc=
0,-237,Aomp3cK/mHHRnQMWvA3gshY881c=,+EMlhtIgUU4sSiQ4Qj79V6Bkhoc=
1,-240,Aomp3cK/mHHRnQMWvA3gshY881c=,+EMlhtIgUU4sSiQ4Qj79V6Bkhoc=
5,-239,Aomp3cK/mHHRnQMWvA3gshY881c=,+EMlhtIgUU4sSiQ4Qj79V6Bkhoc=
4,-239,Aomp3cK/mHHRnQMWvA3gshY881c=,+EMlhtIgUU4sSiQ4Qj79V6Bkhoc=
3,-239,Aomp3cK/mHHRnQMWvA3gshY881c=,+EMlhtIgUU4sSiQ4Qj79V6Bkhoc=
2,-238,Aomp3cK/mHHRnQMWvA3gshY881c=,+EMlhtIgUU4sSiQ4Qj79V6Bkhoc=
2,-239,Aomp3cK/mHHRnQMWvA3gshY881c=,+EMlhtIgUU4sSiQ4Qj79V6Bkhoc=
1,-238,Aomp3cK/mHHRnQMWvA3gshY881c=,+EMlhtIgUU4sSiQ4Qj79V6Bkhoc=
6,-236,Aomp3cK/mHHRnQMWvA3gshY881c=,+EMlhtIgUU4sSiQ4Qj79V6Bkhoc=
0,-234,Aomp3cK/mHHRnQMWvA3gshY881c=,+EMlhtIgUU4sSiQ4Qj79V6Bkhoc=
0,-240,Aomp3cK/mHHRnQMWvA3gshY881c=,+EMlhtIgUU4sSiQ4Qj79V6Bkhoc=
2,-229,Aomp3cK/mHHRnQMWvA3gshY881c=,2C185ByR6aazkgIsCSemnYrkW4s=
5,-225,Aomp3cK/mHHRnQMWvA3gshY881c=,2C185ByR6aazkgIsCSemnYrkW4s=
1,-229,Aomp3cK/mHHRnQMWvA3gshY881c=,2C185ByR6aazkgIsCSemnYrkW4s=
7,-225,Aomp3cK/mHHRnQMWvA3gshY881c=,2C185ByR6aazkgIsCSemnYrkW4s=
6,-225,Aomp3cK/mHHRnQMWvA3gshY881c=,2C185ByR6aazkgIsCSemnYrkW4s=
3,-229,Aomp3cK/mHHRnQMWvA3gshY881c=,2C185ByR6aazkgIsCSemnYrkW4s=
4,-225,Aomp3cK/mHHRnQMWvA3gshY881c=,2C185ByR6aazkgIsCSemnYrkW4s=
7,-230,Aomp3cK/mHHRnQMWvA3gshY881c=,2C185ByR6aazkgIsCSemnYrkW4s=
4,-229,Aomp3cK/mHHRnQMWvA3gshY881c=,2C185ByR6aazkgIsCSemnYrkW4s=
5,-230,Aomp3cK/mHHRnQMWvA3gshY881c=,2C185ByR6aazkgIsCSemnYrkW4s=
6,-230,Aomp3cK/mHHRnQMWvA3gshY881c=,2C185ByR6aazkgIsCSemnYrkW4s=
3,-225,Aomp3cK/mHHRnQMWvA3gshY881c=,2C185ByR6aazkgIsCSemnYrkW4s=
4,-230,Aomp3cK/mHHRnQMWvA3gshY881c=,2C185ByR6aazkgIsCSemnYrkW4s=
5,-229,Aomp3cK/mHHRnQMWvA3gshY881c=,2C185ByR6aazkgIsCSemnYrkW4s=
2,-225,Aomp3cK/mHHRnQMWvA3gshY881c=,2C185ByR6aazkgIsCSemnYrkW4s=
3,-230,Aomp3cK/mHHRnQMWvA3gshY881c=,2C185ByR6aazkgIsCSemnYrkW4s=
2,-230,Aomp3cK/mHHRnQMWvA3gshY881c=,2C185ByR6aazkgIsCSemnYrkW4s=
1,-230,Aomp3cK/mHHRnQMWvA3gshY881c=,2C185ByR6aazkgIsCSemnYrkW4s=
6,-229,Aomp3cK/mHHRnQMWvA3gshY881c=,2C185ByR6aazkgIsCSemnYrkW4s=
7,-231,Aomp3cK/mHHRnQMWvA3gshY881c=,2C185ByR6aazkgIsCSemnYrkW4s=
6,-231,Aomp3cK/mHHRnQMWvA3gshY881c=,2C185ByR6aazkgIsCSemnYrkW4s=
5,-231,Aomp3cK/mHHRnQMWvA3gshY881c=,2C185ByR6aazkgIsCSemnYrkW4s=
1,-225,Aomp3cK/mHHRnQMWvA3gshY881c=,2C185ByR6aazkgIsCSemnYrkW4s=
4,-231,Aomp3cK/mHHRnQMWvA3gshY881c=,2C185ByR6aazkgIsCSemnYrkW4s=
7,-229,Aomp3cK/mHHRnQMWvA3gshY881c=,2C185ByR6aazkgIsCSemnYrkW4s=
3,-231,Aomp3cK/mHHRnQMWvA3gshY881c=,2C185ByR6aazkgIsCSemnYrkW4s=
2,-231,Aomp3cK/mHHRnQMWvA3gshY881c=,2C185ByR6aazkgIsCSemnYrkW4s=
1,-231,Aomp3cK/mHHRnQMWvA3gshY881c=,2C185ByR6aazkgIsCSemnYrkW4s=
7,-232,Aomp3cK/mHHRnQMWvA3gshY881c=,2C185ByR6aazkgIsCSemnYrkW4s=
7,-226,Aomp3cK/mHHRnQMWvA3gshY881c=,2C185ByR6aazkgIsCSemnYrkW4s=
6,-232,Aomp3cK/mHHRnQMWvA3gshY881c=,2C185ByR6aazkgIsCSemnYrkW4s=
6,-226,Aomp3cK/mHHRnQMWvA3gshY881c=,2C185ByR6aazkgIsCSemnYrkW4s=
5,-226,Aomp3cK/mHHRnQMWvA3gshY881c=,2C185ByR6aazkgIsCSemnYrkW4s=
4,-226,Aomp3cK/mHHRnQMWvA3gshY881c=,2C185ByR6aazkgIsCSemnYrkW4s=
5,-232,Aomp3cK/mHHRnQMWvA3gshY881c=,2C185ByR6aazkgIsCSemnYrkW4s=
4,-232,Aomp3cK/mHHRnQMWvA3gshY881c=,2C185ByR6aazkgIsCSemnYrkW4s=
3,-232,Aomp3cK/mHHRnQMWvA3gshY881c=,2C185ByR6aazkgIsCSemnYrkW4s=
2,-232,Aomp3cK/mHHRnQMWvA3gshY881c=,2C185ByR6aazkgIsCSemnYrkW4s=
1,-232,Aomp3cK/mHHRnQMWvA3gshY881c=,2C185ByR6aazkgIsCSemnYrkW4s=
3,-226,Aomp3cK/mHHRnQMWvA3gshY881c=,2C185ByR6aazkgIsCSemnYrkW4s=
6,-233,Aomp3cK/mHHRnQMWvA3gshY881c=,+EMlhtIgUU4sSiQ4Qj79V6Bkhoc=
7,-233,Aomp3cK/mHHRnQMWvA3gshY881c=,+EMlhtIgUU4sSiQ4Qj79V6Bkhoc=
5,-233,Aomp3cK/mHHRnQMWvA3gshY881c=,+EMlhtIgUU4sSiQ4Qj79V6Bkhoc=
4,-233,Aomp3cK/mHHRnQMWvA3gshY881c=,+EMlhtIgUU4sSiQ4Qj79V6Bkhoc=
3,-233,Aomp3cK/mHHRnQMWvA3gshY881c=,+EMlhtIgUU4sSiQ4Qj79V6Bkhoc=
2,-233,Aomp3cK/mHHRnQMWvA3gshY881c=,+EMlhtIgUU4sSiQ4Qj79V6Bkhoc=
2,-226,Aomp3cK/mHHRnQMWvA3gshY881c=,2C185ByR6aazkgIsCSemnYrkW4s=
1,-226,Aomp3cK/mHHRnQMWvA3gshY881c=,2C185ByR6aazkgIsCSemnYrkW4s=
1,-233,Aomp3cK/mHHRnQMWvA3gshY881c=,+EMlhtIgUU4sSiQ4Qj79V6Bkhoc=
0,-229,Aomp3cK/mHHRnQMWvA3gshY881c=,2C185ByR6aazkgIsCSemnYrkW4s=
0,-230,Aomp3cK/mHHRnQMWvA3gshY881c=,2C185ByR6aazkgIsCSemnYrkW4s=
7,-227,Aomp3cK/mHHRnQMWvA3gshY881c=,2C185ByR6aazkgIsCSemnYrkW4s=
6,-227,Aomp3cK/mHHRnQMWvA3gshY881c=,2C185ByR6aazkgIsCSemnYrkW4s=
5,-227,Aomp3cK/mHHRnQMWvA3gshY881c=,2C185ByR6aazkgIsCSemnYrkW4s=
4,-227,Aomp3cK/mHHRnQMWvA3gshY881c=,2C185ByR6aazkgIsCSemnYrkW4s=
0,-231,Aomp3cK/mHHRnQMWvA3gshY881c=,2C185ByR6aazkgIsCSemnYrkW4s=
3,-227,Aomp3cK/mHHRnQMWvA3gshY881c=,2C185ByR6aazkgIsCSemnYrkW4s=
2,-227,Aomp3cK/mHHRnQMWvA3gshY881c=,2C185ByR6aazkgIsCSemnYrkW4s=
1,-227,Aomp3cK/mHHRnQMWvA3gshY881c=,2C185ByR6aazkgIsCSemnYrkW4s=
6,-228,Aomp3cK/mHHRnQMWvA3gshY881c=,2C185ByR6aazkgIsCSemnYrkW4s=
7,-228,Aomp3cK/mHHRnQMWvA3gshY881c=,2C185ByR6aazkgIsCSemnYrkW4s=
5,-228,Aomp3cK/mHHRnQMWvA3gshY881c=,2C185ByR6aazkgIsCSemnYrkW4s=
4,-228,Aomp3cK/mHHRnQMWvA3gshY881c=,2C185ByR6aazkgIsCSemnYrkW4s=
3,-228,Aomp3cK/mHHRnQMWvA3gshY881c=,2C185ByR6aazkgIsCSemnYrkW4s=
2,-228,Aomp3cK/mHHRnQMWvA3gshY881c=,2C185ByR6aazkgIsCSemnYrkW4s=
1,-228,Aomp3cK/mHHRnQMWvA3gshY881c=,2C185ByR6aazkgIsCSemnYrkW4s=
0,-225,Aomp3cK/mHHRnQMWvA3gshY881c=,2C185ByR6aazkgIsCSemnYrkW4s=
0,-233,Aomp3cK/mHHRnQMWvA3gshY881c=,+EMlhtIgUU4sSiQ4Qj79V6Bkhoc=
0,-226,Aomp3cK/mHHRnQMWvA3gshY881c=,2C185ByR6aazkgIsCSemnYrkW4s=
0,-228,Aomp3cK/mHHRnQMWvA3gshY881c=,2C185ByR6aazkgIsCSemnYrkW4s=
0,-232,Aomp3cK/mHHRnQMWvA3gshY881c=,2C185ByR6aazkgIsCSemnYrkW4s=
0,-227,Aomp3cK/mHHRnQMWvA3gshY881c=,2C185ByR6aazkgIsCSemnYrkW4s=
