33,9,0wLt7nPAAO8aLuA0l9wGKKR9ZvE=,AvkrD54jnw6WYYKH+1kc5dgFNog=
34,9,0wLt7nPAAO8aLuA0l9wGKKR9ZvE=,AvkrD54jnw6WYYKH+1kc5dgFNog=
35,9,0wLt7nPAAO8aLuA0l9wGKKR9ZvE=,AvkrD54jnw6WYYKH+1kc5dgFNog=
36,9,0wLt7nPAAO8aLuA0l9wGKKR9ZvE=,AvkrD54jnw6WYYKH+1kc5dgFNog=
37,9,0wLt7nPAAO8aLuA0l9wGKKR9ZvE=,AvkrD54jnw6WYYKH+1kc5dgFNog=
38,9,0wLt7nPAAO8aLuA0l9wGKKR9ZvE=,AvkrD54jnw6WYYKH+1kc5dgFNog=
33,10,0wLt7nPAAO8aLuA0l9wGKKR9ZvE=,AvkrD54jnw6WYYKH+1kc5dgFNog=
34,10,0wLt7nPAAO8aLuA0l9wGKKR9ZvE=,AvkrD54jnw6WYYKH+1kc5dgFNog=
35,10,0wLt7nPAAO8aLuA0l9wGKKR9ZvE=,AvkrD54jnw6WYYKH+1kc5dgFNog=
44,13,0wLt7nPAAO8aLuA0l9wGKKR9ZvE=,QEd4RU+l3rfYp9TCwrIni91QVJE=
45,13,0wLt7nPAAO8aLuA0l9wGKKR9ZvE=,QEd4RU+l3rfYp9TCwrIni91QVJE=
36,10,0wLt7nPAAO8aLuA0l9wGKKR9ZvE=,AvkrD54jnw6WYYKH+1kc5dgFNog=
46,13,0wLt7nPAAO8aLuA0l9wGKKR9ZvE=,QEd4RU+l3rfYp9TCwrIni91QVJE=
37,10,0wLt7nPAAO8aLuA0l9wGKKR9ZvE=,AvkrD54jnw6WYYKH+1kc5dgFNog=
40,9,0wLt7nPAAO8aLuA0l9wGKKR9ZvE=,QEd4RU+l3rfYp9TCwrIni91QVJE=
38,10,0wLt7nPAAO8aLuA0l9wGKKR9ZvE=,AvkrD54jnw6WYYKH+1kc5dgFNog=
33,11,0wLt7nPAAO8aLuA0l9wGKKR9ZvE=,AvkrD54jnw6WYYKH+1kc5dgFNog=
34,11,0wLt7nPAAO8aLuA0l9wGKKR9ZvE=,AvkrD54jnw6WYYKH+1kc5dgFNog=
41,9,0wLt7nPAAO8aLuA0l9wGKKR9ZvE=,QEd4RU+l3rfYp9TCwrIni91QVJE=
35,11,0wLt7nPAAO8aLuA0l9wGKKR9ZvE=,AvkrD54jnw6WYYKH+1kc5dgFNog=
42,9,0wLt7nPAAO8aLuA0l9wGKKR9ZvE=,QEd4RU+l3rfYp9TCwrIni91QVJE=
43,13,0wLt7nPAAO8aLuA0l9wGKKR9ZvE=,QEd4RU+l3rfYp9TCwrIni91QVJE=
40,14,0wLt7nPAAO8aLuA0l9wGKKR9ZvE=,QEd4RU+l3rfYp9TCwrIni91QVJE=
36,7,0wLt7nPAAO8aLuA0l9wGKKR9ZvE=,R1+/VJgC4039puKdedwaC/zqwMg=
41,14,0wLt7nPAAO8aLuA0l9wGKKR9ZvE=,QEd4RU+l3rfYp9TCwrIni91QVJE=
33,4,0wLt7nPAAO8aLuA0l9wGKKR9ZvE=,R1+/VJgC4039puKdedwaC/zqwMg=
37,6,0wLt7nPAAO8aLuA0l9wGKKR9ZvE=,R1+/VJgC4039puKdedwaC/zqwMg=
42,14,0wLt7nPAAO8aLuA0l9wGKKR9ZvE=,QEd4RU+l3rfYp9TCwrIni91QVJE=
42,13,0wLt7nPAAO8aLuA0l9wGKKR9ZvE=,QEd4RU+l3rfYp9TCwrIni91QVJE=
35,7,0wLt7nPAAO8aLuA0l9wGKKR9ZvE=,R1+/VJgC4039puKdedwaC/zqwMg=
37,7,0wLt7nPAAO8aLuA0l9wGKKR9ZvE=,R1+/VJgC4039puKdedwaC/zqwMg=
43,14,0wLt7nPAAO8aLuA0l9wGKKR9ZvE=,QEd4RU+l3rfYp9TCwrIni91QVJE=
38,7,0wLt7nPAAO8aLuA0l9wGKKR9ZvE=,R1+/VJgC4039puKdedwaC/zqwMg=
43,9,0wLt7nPAAO8aLuA0l9wGKKR9ZvE=,QEd4RU+l3rfYp9TCwrIni91QVJE=
34,2,0wLt7nPAAO8aLuA0l9wGKKR9ZvE=,R1+/VJgC4039puKdedwaC/zqwMg=
44,9,0wLt7nPAAO8aLuA0l9wGKKR9ZvE=,QEd4RU+l3rfYp9TCwrIni91QVJE=
33,3,0wLt7nPAAO8aLuA0l9wGKKR9ZvE=,R1+/VJgC4039puKdedwaC/zqwMg=
33,8,0wLt7nPAAO8aLuA0l9wGKKR9ZvE=,AvkrD54jnw6WYYKH+1kc5dgFNog=
45,9,0wLt7nPAAO8aLuA0l9wGKKR9ZvE=,QEd4RU+l3rfYp9TCwrIni91QVJE=
38,4,0wLt7nPAAO8aLuA0l9wGKKR9ZvE=,R1+/VJgC4039puKdedwaC/zqwMg=
36,6,0wLt7nPAAO8aLuA0l9wGKKR9ZvE=,R1+/VJgC4039puKdedwaC/zqwMg=
33,2,0wLt7nPAAO8aLuA0l9wGKKR9ZvE=,R1+/VJgC4039puKdedwaC/zqwMg=
37,4,0wLt7nPAAO8aLuA0l9wGKKR9ZvE=,R1+/VJgC4039puKdedwaC/zqwMg=
44,3,0wLt7nPAAO8aLuA0l9wGKKR9ZvE=,zVT0gXMlR6FmNM2nLF75g5OLzn8=
44,14,0wLt7nPAAO8aLuA0l9wGKKR9ZvE=,QEd4RU+l3rfYp9TCwrIni91QVJE=
34,4,0wLt7nPAAO8aLuA0l9wGKKR9ZvE=,R1+/VJgC4039puKdedwaC/zqwMg=
34,7,0wLt7nPAAO8aLuA0l9wGKKR9ZvE=,R1+/VJgC4039puKdedwaC/zqwMg=
35,6,0wLt7nPAAO8aLuA0l9wGKKR9ZvE=,R1+/VJgC4039puKdedwaC/zqwMg=
33,7,0wLt7nPAAO8aLuA0l9wGKKR9ZvE=,R1+/VJgC4039puKdedwaC/zqwMg=
45,3,0wLt7nPAAO8aLuA0l9wGKKR9ZvE=,zVT0gXMlR6FmNM2nLF75g5OLzn8=
38,3,0wLt7nPAAO8aLuA0l9wGKKR9ZvE=,R1+/VJgC4039puKdedwaC/zqwMg=
46,9,0wLt7nPAAO8aLuA0l9wGKKR9ZvE=,QEd4RU+l3rfYp9TCwrIni91QVJE=
34,6,0wLt7nPAAO8aLuA0l9wGKKR9ZvE=,R1+/VJgC4039puKdedwaC/zqwMg=
35,2,0wLt7nPAAO8aLuA0l9wGKKR9ZvE=,R1+/VJgC4039puKdedwaC/zqwMg=
37,3,0wLt7nPAAO8aLuA0l9wGKKR9ZvE=,R1+/VJgC4039puKdedwaC/zqwMg=
38,2,0wLt7nPAAO8aLuA0l9wGKKR9ZvE=,R1+/VJgC4039puKdedwaC/zqwMg=
46,3,0wLt7nPAAO8aLuA0l9wGKKR9ZvE=,zVT0gXMlR6FmNM2nLF75g5OLzn8=
45,14,0wLt7nPAAO8aLuA0l9wGKKR9ZvE=,QEd4RU+l3rfYp9TCwrIni91QVJE=
35,1,0wLt7nPAAO8aLuA0l9wGKKR9ZvE=,R1+/VJgC4039puKdedwaC/zqwMg=
34,8,0wLt7nPAAO8aLuA0l9wGKKR9ZvE=,AvkrD54jnw6WYYKH+1kc5dgFNog=
36,3,0wLt7nPAAO8aLuA0l9wGKKR9ZvE=,R1+/VJgC4039puKdedwaC/zqwMg=
33,1,0wLt7nPAAO8aLuA0l9wGKKR9ZvE=,R1+/VJgC4039puKdedwaC/zqwMg=
34,1,0wLt7nPAAO8aLuA0l9wGKKR9ZvE=,R1+/VJgC4039puKdedwaC/zqwMg=
39,7,0wLt7nPAAO8aLuA0l9wGKKR9ZvE=,R1+/VJgC4039puKdedwaC/zqwMg=
40,10,0wLt7nPAAO8aLuA0l9wGKKR9ZvE=,QEd4RU+l3rfYp9TCwrIni91QVJE=
37,2,0wLt7nPAAO8aLuA0l9wGKKR9ZvE=,R1+/VJgC4039puKdedwaC/zqwMg=
35,8,0wLt7nPAAO8aLuA0l9wGKKR9ZvE=,AvkrD54jnw6WYYKH+1kc5dgFNog=
41,13,0wLt7nPAAO8aLuA0l9wGKKR9ZvE=,QEd4RU+l3rfYp9TCwrIni91QVJE=
43,3,0wLt7nPAAO8aLuA0l9wGKKR9ZvE=,zVT0gXMlR6FmNM2nLF75g5OLzn8=
40,4,0wLt7nPAAO8aLuA0l9wGKKR9ZvE=,zVT0gXMlR6FmNM2nLF75g5OLzn8=
46,14,0wLt7nPAAO8aLuA0l9wGKKR9ZvE=,QEd4RU+l3rfYp9TCwrIni91QVJE=
35,3,0wLt7nPAAO8aLuA0l9wGKKR9ZvE=,R1+/VJgC4039puKdedwaC/zqwMg=
38,1,0wLt7nPAAO8aLuA0l9wGKKR9ZvE=,R1+/VJgC4039puKdedwaC/zqwMg=
37,5,0wLt7nPAAO8aLuA0l9wGKKR9ZvE=,R1+/VJgC4039puKdedwaC/zqwMg=
36,8,0wLt7nPAAO8aLuA0l9wGKKR9ZvE=,AvkrD54jnw6WYYKH+1kc5dgFNog=
41,4,0wLt7nPAAO8aLuA0l9wGKKR9ZvE=,zVT0gXMlR6FmNM2nLF75g5OLzn8=
33,6,0wLt7nPAAO8aLuA0l9wGKKR9ZvE=,R1+/VJgC4039puKdedwaC/zqwMg=
36,5,0wLt7nPAAO8aLuA0l9wGKKR9ZvE=,R1+/VJgC4039puKdedwaC/zqwMg=
39,9,0wLt7nPAAO8aLuA0l9wGKKR9ZvE=,AvkrD54jnw6WYYKH+1kc5dgFNog=
35,5,0wLt7nPAAO8aLuA0l9wGKKR9ZvE=,R1+/VJgC4039puKdedwaC/zqwMg=
38,5,0wLt7nPAAO8aLuA0l9wGKKR9ZvE=,R1+/VJgC4039puKdedwaC/zqwMg=
38,14,0wLt7nPAAO8aLuA0l9wGKKR9ZvE=,AvkrD54jnw6WYYKH+1kc5dgFNog=
34,5,0wLt7nPAAO8aLuA0l9wGKKR9ZvE=,R1+/VJgC4039puKdedwaC/zqwMg=
42,4,0wLt7nPAAO8aLuA0l9wGKKR9ZvE=,zVT0gXMlR6FmNM2nLF75g5OLzn8=
41,10,0wLt7nPAAO8aLuA0l9wGKKR9ZvE=,QEd4RU+l3rfYp9TCwrIni91QVJE=
36,2,0wLt7nPAAO8aLuA0l9wGKKR9ZvE=,R1+/VJgC4039puKdedwaC/zqwMg=
33,5,0wLt7nPAAO8aLuA0l9wGKKR9ZvE=,R1+/VJgC4039puKdedwaC/zqwMg=
35,4,0wLt7nPAAO8aLuA0l9wGKKR9ZvE=,R1+/VJgC4039puKdedwaC/zqwMg=
37,14,0wLt7nPAAO8aLuA0l9wGKKR9ZvE=,AvkrD54jnw6WYYKH+1kc5dgFNog=
43,4,0wLt7nPAAO8aLuA0l9wGKKR9ZvE=,zVT0gXMlR6FmNM2nLF75g5OLzn8=
42,10,0wLt7nPAAO8aLuA0l9wGKKR9ZvE=,QEd4RU+l3rfYp9TCwrIni91QVJE=
34,3,0wLt7nPAAO8aLuA0l9wGKKR9ZvE=,R1+/VJgC4039puKdedwaC/zqwMg=
36,14,0wLt7nPAAO8aLuA0l9wGKKR9ZvE=,AvkrD54jnw6WYYKH+1kc5dgFNog=
37,8,0wLt7nPAAO8aLuA0l9wGKKR9ZvE=,AvkrD54jnw6WYYKH+1kc5dgFNog=
36,4,0wLt7nPAAO8aLuA0l9wGKKR9ZvE=,R1+/VJgC4039puKdedwaC/zqwMg=
37,1,0wLt7nPAAO8aLuA0l9wGKKR9ZvE=,R1+/VJgC4039puKdedwaC/zqwMg=
44,4,0wLt7nPAAO8aLuA0l9wGKKR9ZvE=,zVT0gXMlR6FmNM2nLF75g5OLzn8=
38,8,0wLt7nPAAO8aLuA0l9wGKKR9ZvE=,AvkrD54jnw6WYYKH+1kc5dgFNog=
39,10,0wLt7nPAAO8aLuA0l9wGKKR9ZvE=,AvkrD54jnw6WYYKH+1kc5dgFNog=
42,3,0wLt7nPAAO8aLuA0l9wGKKR9ZvE=,zVT0gXMlR6FmNM2nLF75g5OLzn8=
38,6,0wLt7nPAAO8aLuA0l9wGKKR9ZvE=,R1+/VJgC4039puKdedwaC/zqwMg=
40,13,0wLt7nPAAO8aLuA0l9wGKKR9ZvE=,QEd4RU+l3rfYp9TCwrIni91QVJE=
36,1,0wLt7nPAAO8aLuA0l9wGKKR9ZvE=,R1+/VJgC4039puKdedwaC/zqwMg=
40,8,0wLt7nPAAO8aLuA0l9wGKKR9ZvE=,QEd4RU+l3rfYp9TCwrIni91QVJE=
46,12,0wLt7nPAAO8aLuA0l9wGKKR9ZvE=,QEd4RU+l3rfYp9TCwrIni91QVJE=
45,12,0wLt7nPAAO8aLuA0l9wGKKR9ZvE=,QEd4RU+l3rfYp9TCwrIni91QVJE=
43,10,0wLt7nPAAO8aLuA0l9wGKKR9ZvE=,QEd4RU+l3rfYp9TCwrIni91QVJE=
44,12,0wLt7nPAAO8aLuA0l9wGKKR9ZvE=,QEd4RU+l3rfYp9TCwrIni91QVJE=
43,12,0wLt7nPAAO8aLuA0l9wGKKR9ZvE=,QEd4RU+l3rfYp9TCwrIni91QVJE=
42,12,0wLt7nPAAO8aLuA0l9wGKKR9ZvE=,QEd4RU+l3rfYp9TCwrIni91QVJE=
41,8,0wLt7nPAAO8aLuA0l9wGKKR9ZvE=,QEd4RU+l3rfYp9TCwrIni91QVJE=
41,3,0wLt7nPAAO8aLuA0l9wGKKR9ZvE=,zVT0gXMlR6FmNM2nLF75g5OLzn8=
41,12,0wLt7nPAAO8aLuA0l9wGKKR9ZvE=,QEd4RU+l3rfYp9TCwrIni91QVJE=
44,10,0wLt7nPAAO8aLuA0l9wGKKR9ZvE=,QEd4RU+l3rfYp9TCwrIni91QVJE=
40,12,0wLt7nPAAO8aLuA0l9wGKKR9ZvE=,QEd4RU+l3rfYp9TCwrIni91QVJE=
46,11,0wLt7nPAAO8aLuA0l9wGKKR9ZvE=,QEd4RU+l3rfYp9TCwrIni91QVJE=
45,11,0wLt7nPAAO8aLuA0l9wGKKR9ZvE=,QEd4RU+l3rfYp9TCwrIni91QVJE=
42,8,0wLt7nPAAO8aLuA0l9wGKKR9ZvE=,QEd4RU+l3rfYp9TCwrIni91QVJE=
39,14,0wLt7nPAAO8aLuA0l9wGKKR9ZvE=,AvkrD54jnw6WYYKH+1kc5dgFNog=
44,11,0wLt7nPAAO8aLuA0l9wGKKR9ZvE=,QEd4RU+l3rfYp9TCwrIni91QVJE=
40,3,0wLt7nPAAO8aLuA0l9wGKKR9ZvE=,zVT0gXMlR6FmNM2nLF75g5OLzn8=
45,10,0wLt7nPAAO8aLuA0l9wGKKR9ZvE=,QEd4RU+l3rfYp9TCwrIni91QVJE=
43,11,0wLt7nPAAO8aLuA0l9wGKKR9ZvE=,QEd4RU+l3rfYp9TCwrIni91QVJE=
42,11,0wLt7nPAAO8aLuA0l9wGKKR9ZvE=,QEd4RU+l3rfYp9TCwrIni91QVJE=
39,8,0wLt7nPAAO8aLuA0l9wGKKR9ZvE=,AvkrD54jnw6WYYKH+1kc5dgFNog=
41,11,0wLt7nPAAO8aLuA0l9wGKKR9ZvE=,QEd4RU+l3rfYp9TCwrIni91QVJE=
39,13,0wLt7nPAAO8aLuA0l9wGKKR9ZvE=,AvkrD54jnw6WYYKH+1kc5dgFNog=
40,11,0wLt7nPAAO8aLuA0l9wGKKR9ZvE=,QEd4RU+l3rfYp9TCwrIni91QVJE=
39,12,0wLt7nPAAO8aLuA0l9wGKKR9ZvE=,AvkrD54jnw6WYYKH+1kc5dgFNog=
39,11,0wLt7nPAAO8aLuA0l9wGKKR9ZvE=,AvkrD54jnw6WYYKH+1kc5dgFNog=
46,10,0wLt7nPAAO8aLuA0l9wGKKR9ZvE=,QEd4RU+l3rfYp9TCwrIni91QVJE=
43,8,0wLt7nPAAO8aLuA0l9wGKKR9ZvE=,QEd4RU+l3rfYp9TCwrIni91QVJE=
34,14,0wLt7nPAAO8aLuA0l9wGKKR9ZvE=,AvkrD54jnw6WYYKH+1kc5dgFNog=
35,14,0wLt7nPAAO8aLuA0l9wGKKR9ZvE=,AvkrD54jnw6WYYKH+1kc5dgFNog=
33,14,0wLt7nPAAO8aLuA0l9wGKKR9ZvE=,AvkrD54jnw6WYYKH+1kc5dgFNog=
38,13,0wLt7nPAAO8aLuA0l9wGKKR9ZvE=,AvkrD54jnw6WYYKH+1kc5dgFNog=
37,13,0wLt7nPAAO8aLuA0l9wGKKR9ZvE=,AvkrD54jnw6WYYKH+1kc5dgFNog=
36,13,0wLt7nPAAO8aLuA0l9wGKKR9ZvE=,AvkrD54jnw6WYYKH+1kc5dgFNog=
44,8,0wLt7nPAAO8aLuA0l9wGKKR9ZvE=,QEd4RU+l3rfYp9TCwrIni91QVJE=
35,13,0wLt7nPAAO8aLuA0l9wGKKR9ZvE=,AvkrD54jnw6WYYKH+1kc5dgFNog=
34,13,0wLt7nPAAO8aLuA0l9wGKKR9ZvE=,AvkrD54jnw6WYYKH+1kc5dgFNog=
33,13,0wLt7nPAAO8aLuA0l9wGKKR9ZvE=,AvkrD54jnw6WYYKH+1kc5dgFNog=
38,12,0wLt7nPAAO8aLuA0l9wGKKR9ZvE=,AvkrD54jnw6WYYKH+1kc5dgFNog=
37,12,0wLt7nPAAO8aLuA0l9wGKKR9ZvE=,AvkrD54jnw6WYYKH+1kc5dgFNog=
36,12,0wLt7nPAAO8aLuA0l9wGKKR9ZvE=,AvkrD54jnw6WYYKH+1kc5dgFNog=
45,4,0wLt7nPAAO8aLuA0l9wGKKR9ZvE=,zVT0gXMlR6FmNM2nLF75g5OLzn8=
34,12,0wLt7nPAAO8aLuA0l9wGKKR9ZvE=,AvkrD54jnw6WYYKH+1kc5dgFNog=
33,12,0wLt7nPAAO8aLuA0l9wGKKR9ZvE=,AvkrD54jnw6WYYKH+1kc5dgFNog=
35,12,0wLt7nPAAO8aLuA0l9wGKKR9ZvE=,AvkrD54jnw6WYYKH+1kc5dgFNog=
38,11,0wLt7nPAAO8aLuA0l9wGKKR9ZvE=,AvkrD54jnw6WYYKH+1kc5dgFNog=
37,11,0wLt7nPAAO8aLuA0l9wGKKR9ZvE=,AvkrD54jnw6WYYKH+1kc5dgFNog=
36,11,0wLt7nPAAO8aLuA0l9wGKKR9ZvE=,AvkrD54jnw6WYYKH+1kc5dgFNog=
45,8,0wLt7nPAAO8aLuA0l9wGKKR9ZvE=,QEd4RU+l3rfYp9TCwrIni91QVJE=
46,7,0wLt7nPAAO8aLuA0l9wGKKR9ZvE=,zVT0gXMlR6FmNM2nLF75g5OLzn8=
46,2,0wLt7nPAAO8aLuA0l9wGKKR9ZvE=,zVT0gXMlR6FmNM2nLF75g5OLzn8=
39,4,0wLt7nPAAO8aLuA0l9wGKKR9ZvE=,R1+/VJgC4039puKdedwaC/zqwMg=
45,2,0wLt7nPAAO8aLuA0l9wGKKR9ZvE=,zVT0gXMlR6FmNM2nLF75g5OLzn8=
44,2,0wLt7nPAAO8aLuA0l9wGKKR9ZvE=,zVT0gXMlR6FmNM2nLF75g5OLzn8=
43,2,0wLt7nPAAO8aLuA0l9wGKKR9ZvE=,zVT0gXMlR6FmNM2nLF75g5OLzn8=
45,7,0wLt7nPAAO8aLuA0l9wGKKR9ZvE=,zVT0gXMlR6FmNM2nLF75g5OLzn8=
42,2,0wLt7nPAAO8aLuA0l9wGKKR9ZvE=,zVT0gXMlR6FmNM2nLF75g5OLzn8=
46,8,0wLt7nPAAO8aLuA0l9wGKKR9ZvE=,QEd4RU+l3rfYp9TCwrIni91QVJE=
39,3,0wLt7nPAAO8aLuA0l9wGKKR9ZvE=,R1+/VJgC4039puKdedwaC/zqwMg=
41,2,0wLt7nPAAO8aLuA0l9wGKKR9ZvE=,zVT0gXMlR6FmNM2nLF75g5OLzn8=
44,7,0wLt7nPAAO8aLuA0l9wGKKR9ZvE=,zVT0gXMlR6FmNM2nLF75g5OLzn8=
40,2,0wLt7nPAAO8aLuA0l9wGKKR9ZvE=,zVT0gXMlR6FmNM2nLF75g5OLzn8=
46,1,0wLt7nPAAO8aLuA0l9wGKKR9ZvE=,zVT0gXMlR6FmNM2nLF75g5OLzn8=
45,1,0wLt7nPAAO8aLuA0l9wGKKR9ZvE=,zVT0gXMlR6FmNM2nLF75g5OLzn8=
44,1,0wLt7nPAAO8aLuA0l9wGKKR9ZvE=,zVT0gXMlR6FmNM2nLF75g5OLzn8=
39,5,0wLt7nPAAO8aLuA0l9wGKKR9ZvE=,R1+/VJgC4039puKdedwaC/zqwMg=
43,1,0wLt7nPAAO8aLuA0l9wGKKR9ZvE=,zVT0gXMlR6FmNM2nLF75g5OLzn8=
42,1,0wLt7nPAAO8aLuA0l9wGKKR9ZvE=,zVT0gXMlR6FmNM2nLF75g5OLzn8=
43,7,0wLt7nPAAO8aLuA0l9wGKKR9ZvE=,zVT0gXMlR6FmNM2nLF75g5OLzn8=
40,1,0wLt7nPAAO8aLuA0l9wGKKR9ZvE=,zVT0gXMlR6FmNM2nLF75g5OLzn8=
41,1,0wLt7nPAAO8aLuA0l9wGKKR9ZvE=,zVT0gXMlR6FmNM2nLF75g5OLzn8=
46,4,0wLt7nPAAO8aLuA0l9wGKKR9ZvE=,zVT0gXMlR6FmNM2nLF75g5OLzn8=
41,7,0wLt7nPAAO8aLuA0l9wGKKR9ZvE=,zVT0gXMlR6FmNM2nLF75g5OLzn8=
42,7,0wLt7nPAAO8aLuA0l9wGKKR9ZvE=,zVT0gXMlR6FmNM2nLF75g5OLzn8=
40,7,0wLt7nPAAO8aLuA0l9wGKKR9ZvE=,zVT0gXMlR6FmNM2nLF75g5OLzn8=
46,6,0wLt7nPAAO8aLuA0l9wGKKR9ZvE=,zVT0gXMlR6FmNM2nLF75g5OLzn8=
45,6,0wLt7nPAAO8aLuA0l9wGKKR9ZvE=,zVT0gXMlR6FmNM2nLF75g5OLzn8=
44,6,0wLt7nPAAO8aLuA0l9wGKKR9ZvE=,zVT0gXMlR6FmNM2nLF75g5OLzn8=
39,2,0wLt7nPAAO8aLuA0l9wGKKR9ZvE=,R1+/VJgC4039puKdedwaC/zqwMg=
40,5,0wLt7nPAAO8aLuA0l9wGKKR9ZvE=,zVT0gXMlR6FmNM2nLF75g5OLzn8=
39,1,0wLt7nPAAO8aLuA0l9wGKKR9ZvE=,R1+/VJgC4039puKdedwaC/zqwMg=
42,6,0wLt7nPAAO8aLuA0l9wGKKR9ZvE=,zVT0gXMlR6FmNM2nLF75g5OLzn8=
43,6,0wLt7nPAAO8aLuA0l9wGKKR9ZvE=,zVT0gXMlR6FmNM2nLF75g5OLzn8=
41,6,0wLt7nPAAO8aLuA0l9wGKKR9ZvE=,zVT0gXMlR6FmNM2nLF75g5OLzn8=
46,5,0wLt7nPAAO8aLuA0l9wGKKR9ZvE=,zVT0gXMlR6FmNM2nLF75g5OLzn8=
41,5,0wLt7nPAAO8aLuA0l9wGKKR9ZvE=,zVT0gXMlR6FmNM2nLF75g5OLzn8=
40,6,0wLt7nPAAO8aLuA0l9wGKKR9ZvE=,zVT0gXMlR6FmNM2nLF75g5OLzn8=
45,5,0wLt7nPAAO8aLuA0l9wGKKR9ZvE=,zVT0gXMlR6FmNM2nLF75g5OLzn8=
39,6,0wLt7nPAAO8aLuA0l9wGKKR9ZvE=,R1+/VJgC4039puKdedwaC/zqwMg=
43,5,0wLt7nPAAO8aLuA0l9wGKKR9ZvE=,zVT0gXMlR6FmNM2nLF75g5OLzn8=
42,5,0wLt7nPAAO8aLuA0l9wGKKR9ZvE=,zVT0gXMlR6FmNM2nLF75g5OLzn8=
44,5,0wLt7nPAAO8aLuA0l9wGKKR9ZvE=,zVT0gXMlR6FmNM2nLF75g5OLzn8=
46,0,0wLt7nPAAO8aLuA0l9wGKKR9ZvE=,zVT0gXMlR6FmNM2nLF75g5OLzn8=
41,0,0wLt7nPAAO8aLuA0l9wGKKR9ZvE=,zVT0gXMlR6FmNM2nLF75g5OLzn8=
33,0,0wLt7nPAAO8aLuA0l9wGKKR9ZvE=,R1+/VJgC4039puKdedwaC/zqwMg=
42,0,0wLt7nPAAO8aLuA0l9wGKKR9ZvE=,zVT0gXMlR6FmNM2nLF75g5OLzn8=
36,0,0wLt7nPAAO8aLuA0l9wGKKR9ZvE=,R1+/VJgC4039puKdedwaC/zqwMg=
43,0,0wLt7nPAAO8aLuA0l9wGKKR9ZvE=,zVT0gXMlR6FmNM2nLF75g5OLzn8=
37,0,0wLt7nPAAO8aLuA0l9wGKKR9ZvE=,R1+/VJgC4039puKdedwaC/zqwMg=
44,0,0wLt7nPAAO8aLuA0l9wGKKR9ZvE=,zVT0gXMlR6FmNM2nLF75g5OLzn8=
45,0,0wLt7nPAAO8aLuA0l9wGKKR9ZvE=,zVT0gXMlR6FmNM2nLF75g5OLzn8=
38,0,0wLt7nPAAO8aLuA0l9wGKKR9ZvE=,R1+/VJgC4039puKdedwaC/zqwMg=
35,0,0wLt7nPAAO8aLuA0l9wGKKR9ZvE=,R1+/VJgC4039puKdedwaC/zqwMg=
39,0,0wLt7nPAAO8aLuA0l9wGKKR9ZvE=,R1+/VJgC4039puKdedwaC/zqwMg=
40,0,0wLt7nPAAO8aLuA0l9wGKKR9ZvE=,zVT0gXMlR6FmNM2nLF75g5OLzn8=
34,0,0wLt7nPAAO8aLuA0l9wGKKR9ZvE=,R1+/VJgC4039puKdedwaC/zqwMg=
32,13,0wLt7nPAAO8aLuA0l9wGKKR9ZvE=,AvkrD54jnw6WYYKH+1kc5dgFNog=
32,14,0wLt7nPAAO8aLuA0l9wGKKR9ZvE=,AvkrD54jnw6WYYKH+1kc5dgFNog=
32,9,0wLt7nPAAO8aLuA0l9wGKKR9ZvE=,AvkrD54jnw6WYYKH+1kc5dgFNog=
32,12,0wLt7nPAAO8aLuA0l9wGKKR9ZvE=,AvkrD54jnw6WYYKH+1kc5dgFNog=
32,10,0wLt7nPAAO8aLuA0l9wGKKR9ZvE=,AvkrD54jnw6WYYKH+1kc5dgFNog=
32,11,0wLt7nPAAO8aLuA0l9wGKKR9ZvE=,AvkrD54jnw6WYYKH+1kc5dgFNog=
32,3,0wLt7nPAAO8aLuA0l9wGKKR9ZvE=,R1+/VJgC4039puKdedwaC/zqwMg=
32,4,0wLt7nPAAO8aLuA0l9wGKKR9ZvE=,R1+/VJgC4039puKdedwaC/zqwMg=
32,6,0wLt7nPAAO8aLuA0l9wGKKR9ZvE=,R1+/VJgC4039puKdedwaC/zqwMg=
32,8,0wLt7nPAAO8aLuA0l9wGKKR9ZvE=,AvkrD54jnw6WYYKH+1kc5dgFNog=
32,5,0wLt7nPAAO8aLuA0l9wGKKR9ZvE=,R1+/VJgC4039puKdedwaC/zqwMg=
32,1,0wLt7nPAAO8aLuA0l9wGKKR9ZvE=,R1+/VJgC4039puKdedwaC/zqwMg=
32,7,0wLt7nPAAO8aLuA0l9wGKKR9ZvE=,R1+/VJgC4039puKdedwaC/zqwMg=
32,2,0wLt7nPAAO8aLuA0l9wGKKR9ZvE=,R1+/VJgC4039puKdedwaC/zqwMg=
47,12,0wLt7nPAAO8aLuA0l9wGKKR9ZvE=,QEd4RU+l3rfYp9TCwrIni91QVJE=
47,13,0wLt7nPAAO8aLuA0l9wGKKR9ZvE=,QEd4RU+l3rfYp9TCwrIni91QVJE=
47,9,0wLt7nPAAO8aLuA0l9wGKKR9ZvE=,QEd4RU+l3rfYp9TCwrIni91QVJE=
47,10,0wLt7nPAAO8aLuA0l9wGKKR9ZvE=,QEd4RU+l3rfYp9TCwrIni91QVJE=
47,14,0wLt7nPAAO8aLuA0l9wGKKR9ZvE=,QEd4RU+l3rfYp9TCwrIni91QVJE=
47,11,0wLt7nPAAO8aLuA0l9wGKKR9ZvE=,QEd4RU+l3rfYp9TCwrIni91QVJE=
47,7,0wLt7nPAAO8aLuA0l9wGKKR9ZvE=,zVT0gXMlR6FmNM2nLF75g5OLzn8=
47,2,0wLt7nPAAO8aLuA0l9wGKKR9ZvE=,zVT0gXMlR6FmNM2nLF75g5OLzn8=
47,1,0wLt7nPAAO8aLuA0l9wGKKR9ZvE=,zVT0gXMlR6FmNM2nLF75g5OLzn8=
47,0,0wLt7nPAAO8aLuA0l9wGKKR9ZvE=,zVT0gXMlR6FmNM2nLF75g5OLzn8=
47,3,0wLt7nPAAO8aLuA0l9wGKKR9ZvE=,zVT0gXMlR6FmNM2nLF75g5OLzn8=
47,6,0wLt7nPAAO8aLuA0l9wGKKR9ZvE=,zVT0gXMlR6FmNM2nLF75g5OLzn8=
47,4,0wLt7nPAAO8aLuA0l9wGKKR9ZvE=,zVT0gXMlR6FmNM2nLF75g5OLzn8=
47,8,0wLt7nPAAO8aLuA0l9wGKKR9ZvE=,QEd4RU+l3rfYp9TCwrIni91QVJE=
47,5,0wLt7nPAAO8aLuA0l9wGKKR9ZvE=,zVT0gXMlR6FmNM2nLF75g5OLzn8=
32,0,0wLt7nPAAO8aLuA0l9wGKKR9ZvE=,R1+/VJgC4039puKdedwaC/zqwMg=
36,15,0wLt7nPAAO8aLuA0l9wGKKR9ZvE=,AvkrD54jnw6WYYKH+1kc5dgFNog=
35,15,0wLt7nPAAO8aLuA0l9wGKKR9ZvE=,AvkrD54jnw6WYYKH+1kc5dgFNog=
34,15,0wLt7nPAAO8aLuA0l9wGKKR9ZvE=,AvkrD54jnw6WYYKH+1kc5dgFNog=
33,15,0wLt7nPAAO8aLuA0l9wGKKR9ZvE=,AvkrD54jnw6WYYKH+1kc5dgFNog=
32,15,0wLt7nPAAO8aLuA0l9wGKKR9ZvE=,AvkrD54jnw6WYYKH+1kc5dgFNog=
38,15,0wLt7nPAAO8aLuA0l9wGKKR9ZvE=,AvkrD54jnw6WYYKH+1kc5dgFNog=
37,15,0wLt7nPAAO8aLuA0l9wGKKR9ZvE=,AvkrD54jnw6WYYKH+1kc5dgFNog=
39,15,0wLt7nPAAO8aLuA0l9wGKKR9ZvE=,AvkrD54jnw6WYYKH+1kc5dgFNog=
41,15,0wLt7nPAAO8aLuA0l9wGKKR9ZvE=,QEd4RU+l3rfYp9TCwrIni91QVJE=
44,15,0wLt7nPAAO8aLuA0l9wGKKR9ZvE=,QEd4RU+l3rfYp9TCwrIni91QVJE=
42,15,0wLt7nPAAO8aLuA0l9wGKKR9ZvE=,QEd4RU+l3rfYp9TCwrIni91QVJE=
43,15,0wLt7nPAAO8aLuA0l9wGKKR9ZvE=,QEd4RU+l3rfYp9TCwrIni91QVJE=
45,15,0wLt7nPAAO8aLuA0l9wGKKR9ZvE=,QEd4RU+l3rfYp9TCwrIni91QVJE=
47,15,0wLt7nPAAO8aLuA0l9wGKKR9ZvE=,QEd4RU+l3rfYp9TCwrIni91QVJE=
46,15,0wLt7nPAAO8aLuA0l9wGKKR9ZvE=,QEd4RU+l3rfYp9TCwrIni91QVJE=
40,15,0wLt7nPAAO8aLuA0l9wGKKR9ZvE=,QEd4RU+l3rfYp9TCwrIni91QVJE=
34,19,1Bha7dmvFRpBp8MfJTdcI1625Es=,AvkrD54jnw6WYYKH+1kc5dgFNog=
36,17,1Bha7dmvFRpBp8MfJTdcI1625Es=,AvkrD54jnw6WYYKH+1kc5dgFNog=
38,22,1Bha7dmvFRpBp8MfJTdcI1625Es=,AvkrD54jnw6WYYKH+1kc5dgFNog=
37,17,1Bha7dmvFRpBp8MfJTdcI1625Es=,AvkrD54jnw6WYYKH+1kc5dgFNog=
38,17,1Bha7dmvFRpBp8MfJTdcI1625Es=,AvkrD54jnw6WYYKH+1kc5dgFNog=
34,18,1Bha7dmvFRpBp8MfJTdcI1625Es=,AvkrD54jnw6WYYKH+1kc5dgFNog=
38,21,1Bha7dmvFRpBp8MfJTdcI1625Es=,AvkrD54jnw6WYYKH+1kc5dgFNog=
35,19,1Bha7dmvFRpBp8MfJTdcI1625Es=,AvkrD54jnw6WYYKH+1kc5dgFNog=
35,18,1Bha7dmvFRpBp8MfJTdcI1625Es=,AvkrD54jnw6WYYKH+1kc5dgFNog=
36,19,1Bha7dmvFRpBp8MfJTdcI1625Es=,AvkrD54jnw6WYYKH+1kc5dgFNog=
33,20,1Bha7dmvFRpBp8MfJTdcI1625Es=,AvkrD54jnw6WYYKH+1kc5dgFNog=
33,22,1Bha7dmvFRpBp8MfJTdcI1625Es=,AvkrD54jnw6WYYKH+1kc5dgFNog=
36,18,1Bha7dmvFRpBp8MfJTdcI1625Es=,AvkrD54jnw6WYYKH+1kc5dgFNog=
34,20,1Bha7dmvFRpBp8MfJTdcI1625Es=,AvkrD54jnw6WYYKH+1kc5dgFNog=
35,20,1Bha7dmvFRpBp8MfJTdcI1625Es=,AvkrD54jnw6WYYKH+1kc5dgFNog=
36,20,1Bha7dmvFRpBp8MfJTdcI1625Es=,AvkrD54jnw6WYYKH+1kc5dgFNog=
37,19,1Bha7dmvFRpBp8MfJTdcI1625Es=,AvkrD54jnw6WYYKH+1kc5dgFNog=
37,18,1Bha7dmvFRpBp8MfJTdcI1625Es=,AvkrD54jnw6WYYKH+1kc5dgFNog=
37,20,1Bha7dmvFRpBp8MfJTdcI1625Es=,AvkrD54jnw6WYYKH+1kc5dgFNog=
33,17,1Bha7dmvFRpBp8MfJTdcI1625Es=,AvkrD54jnw6WYYKH+1kc5dgFNog=
34,17,1Bha7dmvFRpBp8MfJTdcI1625Es=,AvkrD54jnw6WYYKH+1kc5dgFNog=
35,17,1Bha7dmvFRpBp8MfJTdcI1625Es=,AvkrD54jnw6WYYKH+1kc5dgFNog=
38,18,1Bha7dmvFRpBp8MfJTdcI1625Es=,AvkrD54jnw6WYYKH+1kc5dgFNog=
38,20,1Bha7dmvFRpBp8MfJTdcI1625Es=,AvkrD54jnw6WYYKH+1kc5dgFNog=
33,21,1Bha7dmvFRpBp8MfJTdcI1625Es=,AvkrD54jnw6WYYKH+1kc5dgFNog=
34,21,1Bha7dmvFRpBp8MfJTdcI1625Es=,AvkrD54jnw6WYYKH+1kc5dgFNog=
35,21,1Bha7dmvFRpBp8MfJTdcI1625Es=,AvkrD54jnw6WYYKH+1kc5dgFNog=
36,21,1Bha7dmvFRpBp8MfJTdcI1625Es=,AvkrD54jnw6WYYKH+1kc5dgFNog=
37,21,1Bha7dmvFRpBp8MfJTdcI1625Es=,AvkrD54jnw6WYYKH+1kc5dgFNog=
34,22,1Bha7dmvFRpBp8MfJTdcI1625Es=,AvkrD54jnw6WYYKH+1kc5dgFNog=
38,19,1Bha7dmvFRpBp8MfJTdcI1625Es=,AvkrD54jnw6WYYKH+1kc5dgFNog=
33,19,1Bha7dmvFRpBp8MfJTdcI1625Es=,AvkrD54jnw6WYYKH+1kc5dgFNog=
44,19,1Bha7dmvFRpBp8MfJTdcI1625Es=,n7nP1yas0eUM6OZsdMvpXCI0Urs=
45,19,1Bha7dmvFRpBp8MfJTdcI1625Es=,n7nP1yas0eUM6OZsdMvpXCI0Urs=
46,19,1Bha7dmvFRpBp8MfJTdcI1625Es=,n7nP1yas0eUM6OZsdMvpXCI0Urs=
40,20,1Bha7dmvFRpBp8MfJTdcI1625Es=,n7nP1yas0eUM6OZsdMvpXCI0Urs=
35,22,1Bha7dmvFRpBp8MfJTdcI1625Es=,AvkrD54jnw6WYYKH+1kc5dgFNog=
33,18,1Bha7dmvFRpBp8MfJTdcI1625Es=,AvkrD54jnw6WYYKH+1kc5dgFNog=
36,22,1Bha7dmvFRpBp8MfJTdcI1625Es=,AvkrD54jnw6WYYKH+1kc5dgFNog=
37,22,1Bha7dmvFRpBp8MfJTdcI1625Es=,AvkrD54jnw6WYYKH+1kc5dgFNog=
41,20,1Bha7dmvFRpBp8MfJTdcI1625Es=,n7nP1yas0eUM6OZsdMvpXCI0Urs=
42,20,1Bha7dmvFRpBp8MfJTdcI1625Es=,n7nP1yas0eUM6OZsdMvpXCI0Urs=
43,20,1Bha7dmvFRpBp8MfJTdcI1625Es=,n7nP1yas0eUM6OZsdMvpXCI0Urs=
39,21,1Bha7dmvFRpBp8MfJTdcI1625Es=,AvkrD54jnw6WYYKH+1kc5dgFNog=
44,20,1Bha7dmvFRpBp8MfJTdcI1625Es=,n7nP1yas0eUM6OZsdMvpXCI0Urs=
39,22,1Bha7dmvFRpBp8MfJTdcI1625Es=,AvkrD54jnw6WYYKH+1kc5dgFNog=
45,20,1Bha7dmvFRpBp8MfJTdcI1625Es=,n7nP1yas0eUM6OZsdMvpXCI0Urs=
47,19,1Bha7dmvFRpBp8MfJTdcI1625Es=,n7nP1yas0eUM6OZsdMvpXCI0Urs=
47,17,1Bha7dmvFRpBp8MfJTdcI1625Es=,n7nP1yas0eUM6OZsdMvpXCI0Urs=
47,18,1Bha7dmvFRpBp8MfJTdcI1625Es=,n7nP1yas0eUM6OZsdMvpXCI0Urs=
47,20,1Bha7dmvFRpBp8MfJTdcI1625Es=,n7nP1yas0eUM6OZsdMvpXCI0Urs=
47,21,1Bha7dmvFRpBp8MfJTdcI1625Es=,n7nP1yas0eUM6OZsdMvpXCI0Urs=
47,22,1Bha7dmvFRpBp8MfJTdcI1625Es=,n7nP1yas0eUM6OZsdMvpXCI0Urs=
46,20,1Bha7dmvFRpBp8MfJTdcI1625Es=,n7nP1yas0eUM6OZsdMvpXCI0Urs=
40,21,1Bha7dmvFRpBp8MfJTdcI1625Es=,n7nP1yas0eUM6OZsdMvpXCI0Urs=
41,21,1Bha7dmvFRpBp8MfJTdcI1625Es=,n7nP1yas0eUM6OZsdMvpXCI0Urs=
42,21,1Bha7dmvFRpBp8MfJTdcI1625Es=,n7nP1yas0eUM6OZsdMvpXCI0Urs=
43,21,1Bha7dmvFRpBp8MfJTdcI1625Es=,n7nP1yas0eUM6OZsdMvpXCI0Urs=
44,21,1Bha7dmvFRpBp8MfJTdcI1625Es=,n7nP1yas0eUM6OZsdMvpXCI0Urs=
45,21,1Bha7dmvFRpBp8MfJTdcI1625Es=,n7nP1yas0eUM6OZsdMvpXCI0Urs=
46,21,1Bha7dmvFRpBp8MfJTdcI1625Es=,n7nP1yas0eUM6OZsdMvpXCI0Urs=
39,18,1Bha7dmvFRpBp8MfJTdcI1625Es=,AvkrD54jnw6WYYKH+1kc5dgFNog=
40,22,1Bha7dmvFRpBp8MfJTdcI1625Es=,n7nP1yas0eUM6OZsdMvpXCI0Urs=
40,17,1Bha7dmvFRpBp8MfJTdcI1625Es=,n7nP1yas0eUM6OZsdMvpXCI0Urs=
43,19,1Bha7dmvFRpBp8MfJTdcI1625Es=,n7nP1yas0eUM6OZsdMvpXCI0Urs=
41,17,1Bha7dmvFRpBp8MfJTdcI1625Es=,n7nP1yas0eUM6OZsdMvpXCI0Urs=
41,22,1Bha7dmvFRpBp8MfJTdcI1625Es=,n7nP1yas0eUM6OZsdMvpXCI0Urs=
42,19,1Bha7dmvFRpBp8MfJTdcI1625Es=,n7nP1yas0eUM6OZsdMvpXCI0Urs=
41,19,1Bha7dmvFRpBp8MfJTdcI1625Es=,n7nP1yas0eUM6OZsdMvpXCI0Urs=
40,19,1Bha7dmvFRpBp8MfJTdcI1625Es=,n7nP1yas0eUM6OZsdMvpXCI0Urs=
42,22,1Bha7dmvFRpBp8MfJTdcI1625Es=,n7nP1yas0eUM6OZsdMvpXCI0Urs=
44,29,1Bha7dmvFRpBp8MfJTdcI1625Es=,n7nP1yas0eUM6OZsdMvpXCI0Urs=
45,18,1Bha7dmvFRpBp8MfJTdcI1625Es=,n7nP1yas0eUM6OZsdMvpXCI0Urs=
46,18,1Bha7dmvFRpBp8MfJTdcI1625Es=,n7nP1yas0eUM6OZsdMvpXCI0Urs=
43,18,1Bha7dmvFRpBp8MfJTdcI1625Es=,n7nP1yas0eUM6OZsdMvpXCI0Urs=
39,20,1Bha7dmvFRpBp8MfJTdcI1625Es=,AvkrD54jnw6WYYKH+1kc5dgFNog=
44,18,1Bha7dmvFRpBp8MfJTdcI1625Es=,n7nP1yas0eUM6OZsdMvpXCI0Urs=
43,22,1Bha7dmvFRpBp8MfJTdcI1625Es=,n7nP1yas0eUM6OZsdMvpXCI0Urs=
45,29,1Bha7dmvFRpBp8MfJTdcI1625Es=,n7nP1yas0eUM6OZsdMvpXCI0Urs=
42,18,1Bha7dmvFRpBp8MfJTdcI1625Es=,n7nP1yas0eUM6OZsdMvpXCI0Urs=
41,18,1Bha7dmvFRpBp8MfJTdcI1625Es=,n7nP1yas0eUM6OZsdMvpXCI0Urs=
44,22,1Bha7dmvFRpBp8MfJTdcI1625Es=,n7nP1yas0eUM6OZsdMvpXCI0Urs=
39,17,1Bha7dmvFRpBp8MfJTdcI1625Es=,AvkrD54jnw6WYYKH+1kc5dgFNog=
46,29,1Bha7dmvFRpBp8MfJTdcI1625Es=,n7nP1yas0eUM6OZsdMvpXCI0Urs=
40,18,1Bha7dmvFRpBp8MfJTdcI1625Es=,n7nP1yas0eUM6OZsdMvpXCI0Urs=
36,23,1Bha7dmvFRpBp8MfJTdcI1625Es=,AvkrD54jnw6WYYKH+1kc5dgFNog=
46,17,1Bha7dmvFRpBp8MfJTdcI1625Es=,n7nP1yas0eUM6OZsdMvpXCI0Urs=
39,19,1Bha7dmvFRpBp8MfJTdcI1625Es=,AvkrD54jnw6WYYKH+1kc5dgFNog=
45,22,1Bha7dmvFRpBp8MfJTdcI1625Es=,n7nP1yas0eUM6OZsdMvpXCI0Urs=
41,24,1Bha7dmvFRpBp8MfJTdcI1625Es=,n7nP1yas0eUM6OZsdMvpXCI0Urs=
36,31,1Bha7dmvFRpBp8MfJTdcI1625Es=,1b+x44tShdmO3uOTO4bdfhsjjhs=
46,22,1Bha7dmvFRpBp8MfJTdcI1625Es=,n7nP1yas0eUM6OZsdMvpXCI0Urs=
42,24,1Bha7dmvFRpBp8MfJTdcI1625Es=,n7nP1yas0eUM6OZsdMvpXCI0Urs=
44,17,1Bha7dmvFRpBp8MfJTdcI1625Es=,n7nP1yas0eUM6OZsdMvpXCI0Urs=
37,23,1Bha7dmvFRpBp8MfJTdcI1625Es=,AvkrD54jnw6WYYKH+1kc5dgFNog=
45,17,1Bha7dmvFRpBp8MfJTdcI1625Es=,n7nP1yas0eUM6OZsdMvpXCI0Urs=
35,31,1Bha7dmvFRpBp8MfJTdcI1625Es=,1b+x44tShdmO3uOTO4bdfhsjjhs=
42,17,1Bha7dmvFRpBp8MfJTdcI1625Es=,n7nP1yas0eUM6OZsdMvpXCI0Urs=
43,24,1Bha7dmvFRpBp8MfJTdcI1625Es=,n7nP1yas0eUM6OZsdMvpXCI0Urs=
34,31,1Bha7dmvFRpBp8MfJTdcI1625Es=,1b+x44tShdmO3uOTO4bdfhsjjhs=
32,25,1Bha7dmvFRpBp8MfJTdcI1625Es=,1b+x44tShdmO3uOTO4bdfhsjjhs=
38,23,1Bha7dmvFRpBp8MfJTdcI1625Es=,AvkrD54jnw6WYYKH+1kc5dgFNog=
43,17,1Bha7dmvFRpBp8MfJTdcI1625Es=,n7nP1yas0eUM6OZsdMvpXCI0Urs=
40,29,1Bha7dmvFRpBp8MfJTdcI1625Es=,n7nP1yas0eUM6OZsdMvpXCI0Urs=
32,30,1Bha7dmvFRpBp8MfJTdcI1625Es=,1b+x44tShdmO3uOTO4bdfhsjjhs=
44,24,1Bha7dmvFRpBp8MfJTdcI1625Es=,n7nP1yas0eUM6OZsdMvpXCI0Urs=
32,26,1Bha7dmvFRpBp8MfJTdcI1625Es=,1b+x44tShdmO3uOTO4bdfhsjjhs=
39,23,1Bha7dmvFRpBp8MfJTdcI1625Es=,AvkrD54jnw6WYYKH+1kc5dgFNog=
43,29,1Bha7dmvFRpBp8MfJTdcI1625Es=,n7nP1yas0eUM6OZsdMvpXCI0Urs=
35,23,1Bha7dmvFRpBp8MfJTdcI1625Es=,AvkrD54jnw6WYYKH+1kc5dgFNog=
33,31,1Bha7dmvFRpBp8MfJTdcI1625Es=,1b+x44tShdmO3uOTO4bdfhsjjhs=
47,23,1Bha7dmvFRpBp8MfJTdcI1625Es=,n7nP1yas0eUM6OZsdMvpXCI0Urs=
47,29,1Bha7dmvFRpBp8MfJTdcI1625Es=,n7nP1yas0eUM6OZsdMvpXCI0Urs=
32,27,1Bha7dmvFRpBp8MfJTdcI1625Es=,1b+x44tShdmO3uOTO4bdfhsjjhs=
32,29,1Bha7dmvFRpBp8MfJTdcI1625Es=,1b+x44tShdmO3uOTO4bdfhsjjhs=
37,31,1Bha7dmvFRpBp8MfJTdcI1625Es=,1b+x44tShdmO3uOTO4bdfhsjjhs=
39,30,1Bha7dmvFRpBp8MfJTdcI1625Es=,1b+x44tShdmO3uOTO4bdfhsjjhs=
32,28,1Bha7dmvFRpBp8MfJTdcI1625Es=,1b+x44tShdmO3uOTO4bdfhsjjhs=
46,23,1Bha7dmvFRpBp8MfJTdcI1625Es=,n7nP1yas0eUM6OZsdMvpXCI0Urs=
41,30,1Bha7dmvFRpBp8MfJTdcI1625Es=,n7nP1yas0eUM6OZsdMvpXCI0Urs=
42,29,1Bha7dmvFRpBp8MfJTdcI1625Es=,n7nP1yas0eUM6OZsdMvpXCI0Urs=
45,23,1Bha7dmvFRpBp8MfJTdcI1625Es=,n7nP1yas0eUM6OZsdMvpXCI0Urs=
38,31,1Bha7dmvFRpBp8MfJTdcI1625Es=,1b+x44tShdmO3uOTO4bdfhsjjhs=
38,30,1Bha7dmvFRpBp8MfJTdcI1625Es=,1b+x44tShdmO3uOTO4bdfhsjjhs=
36,30,1Bha7dmvFRpBp8MfJTdcI1625Es=,1b+x44tShdmO3uOTO4bdfhsjjhs=
37,30,1Bha7dmvFRpBp8MfJTdcI1625Es=,1b+x44tShdmO3uOTO4bdfhsjjhs=
42,30,1Bha7dmvFRpBp8MfJTdcI1625Es=,n7nP1yas0eUM6OZsdMvpXCI0Urs=
41,29,1Bha7dmvFRpBp8MfJTdcI1625Es=,n7nP1yas0eUM6OZsdMvpXCI0Urs=
47,28,1Bha7dmvFRpBp8MfJTdcI1625Es=,n7nP1yas0eUM6OZsdMvpXCI0Urs=
40,24,1Bha7dmvFRpBp8MfJTdcI1625Es=,n7nP1yas0eUM6OZsdMvpXCI0Urs=
46,28,1Bha7dmvFRpBp8MfJTdcI1625Es=,n7nP1yas0eUM6OZsdMvpXCI0Urs=
45,28,1Bha7dmvFRpBp8MfJTdcI1625Es=,n7nP1yas0eUM6OZsdMvpXCI0Urs=
44,23,1Bha7dmvFRpBp8MfJTdcI1625Es=,n7nP1yas0eUM6OZsdMvpXCI0Urs=
43,30,1Bha7dmvFRpBp8MfJTdcI1625Es=,n7nP1yas0eUM6OZsdMvpXCI0Urs=
43,23,1Bha7dmvFRpBp8MfJTdcI1625Es=,n7nP1yas0eUM6OZsdMvpXCI0Urs=
35,30,1Bha7dmvFRpBp8MfJTdcI1625Es=,1b+x44tShdmO3uOTO4bdfhsjjhs=
33,24,1Bha7dmvFRpBp8MfJTdcI1625Es=,1b+x44tShdmO3uOTO4bdfhsjjhs=
34,30,1Bha7dmvFRpBp8MfJTdcI1625Es=,1b+x44tShdmO3uOTO4bdfhsjjhs=
42,23,1Bha7dmvFRpBp8MfJTdcI1625Es=,n7nP1yas0eUM6OZsdMvpXCI0Urs=
33,30,1Bha7dmvFRpBp8MfJTdcI1625Es=,1b+x44tShdmO3uOTO4bdfhsjjhs=
44,30,1Bha7dmvFRpBp8MfJTdcI1625Es=,n7nP1yas0eUM6OZsdMvpXCI0Urs=
41,23,1Bha7dmvFRpBp8MfJTdcI1625Es=,n7nP1yas0eUM6OZsdMvpXCI0Urs=
44,28,1Bha7dmvFRpBp8MfJTdcI1625Es=,n7nP1yas0eUM6OZsdMvpXCI0Urs=
34,24,1Bha7dmvFRpBp8MfJTdcI1625Es=,1b+x44tShdmO3uOTO4bdfhsjjhs=
43,28,1Bha7dmvFRpBp8MfJTdcI1625Es=,n7nP1yas0eUM6OZsdMvpXCI0Urs=
42,28,1Bha7dmvFRpBp8MfJTdcI1625Es=,n7nP1yas0eUM6OZsdMvpXCI0Urs=
40,23,1Bha7dmvFRpBp8MfJTdcI1625Es=,n7nP1yas0eUM6OZsdMvpXCI0Urs=
45,30,1Bha7dmvFRpBp8MfJTdcI1625Es=,n7nP1yas0eUM6OZsdMvpXCI0Urs=
34,23,1Bha7dmvFRpBp8MfJTdcI1625Es=,AvkrD54jnw6WYYKH+1kc5dgFNog=
39,29,1Bha7dmvFRpBp8MfJTdcI1625Es=,1b+x44tShdmO3uOTO4bdfhsjjhs=
35,24,1Bha7dmvFRpBp8MfJTdcI1625Es=,1b+x44tShdmO3uOTO4bdfhsjjhs=
41,28,1Bha7dmvFRpBp8MfJTdcI1625Es=,n7nP1yas0eUM6OZsdMvpXCI0Urs=
38,29,1Bha7dmvFRpBp8MfJTdcI1625Es=,1b+x44tShdmO3uOTO4bdfhsjjhs=
47,27,1Bha7dmvFRpBp8MfJTdcI1625Es=,n7nP1yas0eUM6OZsdMvpXCI0Urs=
45,24,1Bha7dmvFRpBp8MfJTdcI1625Es=,n7nP1yas0eUM6OZsdMvpXCI0Urs=
46,27,1Bha7dmvFRpBp8MfJTdcI1625Es=,n7nP1yas0eUM6OZsdMvpXCI0Urs=
37,29,1Bha7dmvFRpBp8MfJTdcI1625Es=,1b+x44tShdmO3uOTO4bdfhsjjhs=
36,24,1Bha7dmvFRpBp8MfJTdcI1625Es=,1b+x44tShdmO3uOTO4bdfhsjjhs=
44,27,1Bha7dmvFRpBp8MfJTdcI1625Es=,n7nP1yas0eUM6OZsdMvpXCI0Urs=
45,27,1Bha7dmvFRpBp8MfJTdcI1625Es=,n7nP1yas0eUM6OZsdMvpXCI0Urs=
46,30,1Bha7dmvFRpBp8MfJTdcI1625Es=,n7nP1yas0eUM6OZsdMvpXCI0Urs=
36,29,1Bha7dmvFRpBp8MfJTdcI1625Es=,1b+x44tShdmO3uOTO4bdfhsjjhs=
43,27,1Bha7dmvFRpBp8MfJTdcI1625Es=,n7nP1yas0eUM6OZsdMvpXCI0Urs=
37,24,1Bha7dmvFRpBp8MfJTdcI1625Es=,1b+x44tShdmO3uOTO4bdfhsjjhs=
42,27,1Bha7dmvFRpBp8MfJTdcI1625Es=,n7nP1yas0eUM6OZsdMvpXCI0Urs=
41,27,1Bha7dmvFRpBp8MfJTdcI1625Es=,n7nP1yas0eUM6OZsdMvpXCI0Urs=
47,30,1Bha7dmvFRpBp8MfJTdcI1625Es=,n7nP1yas0eUM6OZsdMvpXCI0Urs=
35,29,1Bha7dmvFRpBp8MfJTdcI1625Es=,1b+x44tShdmO3uOTO4bdfhsjjhs=
47,26,1Bha7dmvFRpBp8MfJTdcI1625Es=,n7nP1yas0eUM6OZsdMvpXCI0Urs=
38,24,1Bha7dmvFRpBp8MfJTdcI1625Es=,1b+x44tShdmO3uOTO4bdfhsjjhs=
33,29,1Bha7dmvFRpBp8MfJTdcI1625Es=,1b+x44tShdmO3uOTO4bdfhsjjhs=
34,29,1Bha7dmvFRpBp8MfJTdcI1625Es=,1b+x44tShdmO3uOTO4bdfhsjjhs=
46,24,1Bha7dmvFRpBp8MfJTdcI1625Es=,n7nP1yas0eUM6OZsdMvpXCI0Urs=
46,26,1Bha7dmvFRpBp8MfJTdcI1625Es=,n7nP1yas0eUM6OZsdMvpXCI0Urs=
40,28,1Bha7dmvFRpBp8MfJTdcI1625Es=,n7nP1yas0eUM6OZsdMvpXCI0Urs=
45,26,1Bha7dmvFRpBp8MfJTdcI1625Es=,n7nP1yas0eUM6OZsdMvpXCI0Urs=
44,26,1Bha7dmvFRpBp8MfJTdcI1625Es=,n7nP1yas0eUM6OZsdMvpXCI0Urs=
40,30,1Bha7dmvFRpBp8MfJTdcI1625Es=,n7nP1yas0eUM6OZsdMvpXCI0Urs=
39,28,1Bha7dmvFRpBp8MfJTdcI1625Es=,1b+x44tShdmO3uOTO4bdfhsjjhs=
47,24,1Bha7dmvFRpBp8MfJTdcI1625Es=,n7nP1yas0eUM6OZsdMvpXCI0Urs=
43,26,1Bha7dmvFRpBp8MfJTdcI1625Es=,n7nP1yas0eUM6OZsdMvpXCI0Urs=
47,25,1Bha7dmvFRpBp8MfJTdcI1625Es=,n7nP1yas0eUM6OZsdMvpXCI0Urs=
42,26,1Bha7dmvFRpBp8MfJTdcI1625Es=,n7nP1yas0eUM6OZsdMvpXCI0Urs=
41,26,1Bha7dmvFRpBp8MfJTdcI1625Es=,n7nP1yas0eUM6OZsdMvpXCI0Urs=
39,24,1Bha7dmvFRpBp8MfJTdcI1625Es=,1b+x44tShdmO3uOTO4bdfhsjjhs=
46,25,1Bha7dmvFRpBp8MfJTdcI1625Es=,n7nP1yas0eUM6OZsdMvpXCI0Urs=
41,25,1Bha7dmvFRpBp8MfJTdcI1625Es=,n7nP1yas0eUM6OZsdMvpXCI0Urs=
38,28,1Bha7dmvFRpBp8MfJTdcI1625Es=,1b+x44tShdmO3uOTO4bdfhsjjhs=
45,25,1Bha7dmvFRpBp8MfJTdcI1625Es=,n7nP1yas0eUM6OZsdMvpXCI0Urs=
33,23,1Bha7dmvFRpBp8MfJTdcI1625Es=,AvkrD54jnw6WYYKH+1kc5dgFNog=
37,28,1Bha7dmvFRpBp8MfJTdcI1625Es=,1b+x44tShdmO3uOTO4bdfhsjjhs=
33,25,1Bha7dmvFRpBp8MfJTdcI1625Es=,1b+x44tShdmO3uOTO4bdfhsjjhs=
36,28,1Bha7dmvFRpBp8MfJTdcI1625Es=,1b+x44tShdmO3uOTO4bdfhsjjhs=
42,25,1Bha7dmvFRpBp8MfJTdcI1625Es=,n7nP1yas0eUM6OZsdMvpXCI0Urs=
35,28,1Bha7dmvFRpBp8MfJTdcI1625Es=,1b+x44tShdmO3uOTO4bdfhsjjhs=
34,28,1Bha7dmvFRpBp8MfJTdcI1625Es=,1b+x44tShdmO3uOTO4bdfhsjjhs=
44,25,1Bha7dmvFRpBp8MfJTdcI1625Es=,n7nP1yas0eUM6OZsdMvpXCI0Urs=
43,25,1Bha7dmvFRpBp8MfJTdcI1625Es=,n7nP1yas0eUM6OZsdMvpXCI0Urs=
34,25,1Bha7dmvFRpBp8MfJTdcI1625Es=,1b+x44tShdmO3uOTO4bdfhsjjhs=
33,28,1Bha7dmvFRpBp8MfJTdcI1625Es=,1b+x44tShdmO3uOTO4bdfhsjjhs=
39,27,1Bha7dmvFRpBp8MfJTdcI1625Es=,1b+x44tShdmO3uOTO4bdfhsjjhs=
37,27,1Bha7dmvFRpBp8MfJTdcI1625Es=,1b+x44tShdmO3uOTO4bdfhsjjhs=
38,27,1Bha7dmvFRpBp8MfJTdcI1625Es=,1b+x44tShdmO3uOTO4bdfhsjjhs=
36,27,1Bha7dmvFRpBp8MfJTdcI1625Es=,1b+x44tShdmO3uOTO4bdfhsjjhs=
35,27,1Bha7dmvFRpBp8MfJTdcI1625Es=,1b+x44tShdmO3uOTO4bdfhsjjhs=
40,25,1Bha7dmvFRpBp8MfJTdcI1625Es=,n7nP1yas0eUM6OZsdMvpXCI0Urs=
34,27,1Bha7dmvFRpBp8MfJTdcI1625Es=,1b+x44tShdmO3uOTO4bdfhsjjhs=
33,27,1Bha7dmvFRpBp8MfJTdcI1625Es=,1b+x44tShdmO3uOTO4bdfhsjjhs=
39,26,1Bha7dmvFRpBp8MfJTdcI1625Es=,1b+x44tShdmO3uOTO4bdfhsjjhs=
40,27,1Bha7dmvFRpBp8MfJTdcI1625Es=,n7nP1yas0eUM6OZsdMvpXCI0Urs=
38,26,1Bha7dmvFRpBp8MfJTdcI1625Es=,1b+x44tShdmO3uOTO4bdfhsjjhs=
35,25,1Bha7dmvFRpBp8MfJTdcI1625Es=,1b+x44tShdmO3uOTO4bdfhsjjhs=
36,26,1Bha7dmvFRpBp8MfJTdcI1625Es=,1b+x44tShdmO3uOTO4bdfhsjjhs=
37,26,1Bha7dmvFRpBp8MfJTdcI1625Es=,1b+x44tShdmO3uOTO4bdfhsjjhs=
35,26,1Bha7dmvFRpBp8MfJTdcI1625Es=,1b+x44tShdmO3uOTO4bdfhsjjhs=
34,26,1Bha7dmvFRpBp8MfJTdcI1625Es=,1b+x44tShdmO3uOTO4bdfhsjjhs=
33,26,1Bha7dmvFRpBp8MfJTdcI1625Es=,1b+x44tShdmO3uOTO4bdfhsjjhs=
39,25,1Bha7dmvFRpBp8MfJTdcI1625Es=,1b+x44tShdmO3uOTO4bdfhsjjhs=
36,25,1Bha7dmvFRpBp8MfJTdcI1625Es=,1b+x44tShdmO3uOTO4bdfhsjjhs=
38,25,1Bha7dmvFRpBp8MfJTdcI1625Es=,1b+x44tShdmO3uOTO4bdfhsjjhs=
40,26,1Bha7dmvFRpBp8MfJTdcI1625Es=,n7nP1yas0eUM6OZsdMvpXCI0Urs=
37,25,1Bha7dmvFRpBp8MfJTdcI1625Es=,1b+x44tShdmO3uOTO4bdfhsjjhs=
32,31,1Bha7dmvFRpBp8MfJTdcI1625Es=,1b+x44tShdmO3uOTO4bdfhsjjhs=
36,16,1Bha7dmvFRpBp8MfJTdcI1625Es=,AvkrD54jnw6WYYKH+1kc5dgFNog=
32,16,1Bha7dmvFRpBp8MfJTdcI1625Es=,AvkrD54jnw6WYYKH+1kc5dgFNog=
33,16,1Bha7dmvFRpBp8MfJTdcI1625Es=,AvkrD54jnw6WYYKH+1kc5dgFNog=
35,16,1Bha7dmvFRpBp8MfJTdcI1625Es=,AvkrD54jnw6WYYKH+1kc5dgFNog=
40,16,1Bha7dmvFRpBp8MfJTdcI1625Es=,n7nP1yas0eUM6OZsdMvpXCI0Urs=
38,16,1Bha7dmvFRpBp8MfJTdcI1625Es=,AvkrD54jnw6WYYKH+1kc5dgFNog=
34,16,1Bha7dmvFRpBp8MfJTdcI1625Es=,AvkrD54jnw6WYYKH+1kc5dgFNog=
32,24,1Bha7dmvFRpBp8MfJTdcI1625Es=,1b+x44tShdmO3uOTO4bdfhsjjhs=
37,16,1Bha7dmvFRpBp8MfJTdcI1625Es=,AvkrD54jnw6WYYKH+1kc5dgFNog=
47,16,1Bha7dmvFRpBp8MfJTdcI1625Es=,n7nP1yas0eUM6OZsdMvpXCI0Urs=
46,16,1Bha7dmvFRpBp8MfJTdcI1625Es=,n7nP1yas0eUM6OZsdMvpXCI0Urs=
41,16,1Bha7dmvFRpBp8MfJTdcI1625Es=,n7nP1yas0eUM6OZsdMvpXCI0Urs=
45,16,1Bha7dmvFRpBp8MfJTdcI1625Es=,n7nP1yas0eUM6OZsdMvpXCI0Urs=
44,16,1Bha7dmvFRpBp8MfJTdcI1625Es=,n7nP1yas0eUM6OZsdMvpXCI0Urs=
39,16,1Bha7dmvFRpBp8MfJTdcI1625Es=,AvkrD54jnw6WYYKH+1kc5dgFNog=
32,18,1Bha7dmvFRpBp8MfJTdcI1625Es=,AvkrD54jnw6WYYKH+1kc5dgFNog=
43,16,1Bha7dmvFRpBp8MfJTdcI1625Es=,n7nP1yas0eUM6OZsdMvpXCI0Urs=
42,16,1Bha7dmvFRpBp8MfJTdcI1625Es=,n7nP1yas0eUM6OZsdMvpXCI0Urs=
32,22,1Bha7dmvFRpBp8MfJTdcI1625Es=,AvkrD54jnw6WYYKH+1kc5dgFNog=
32,21,1Bha7dmvFRpBp8MfJTdcI1625Es=,AvkrD54jnw6WYYKH+1kc5dgFNog=
32,19,1Bha7dmvFRpBp8MfJTdcI1625Es=,AvkrD54jnw6WYYKH+1kc5dgFNog=
32,20,1Bha7dmvFRpBp8MfJTdcI1625Es=,AvkrD54jnw6WYYKH+1kc5dgFNog=
32,17,1Bha7dmvFRpBp8MfJTdcI1625Es=,AvkrD54jnw6WYYKH+1kc5dgFNog=
32,23,1Bha7dmvFRpBp8MfJTdcI1625Es=,AvkrD54jnw6WYYKH+1kc5dgFNog=
39,31,1Bha7dmvFRpBp8MfJTdcI1625Es=,1b+x44tShdmO3uOTO4bdfhsjjhs=
43,31,1Bha7dmvFRpBp8MfJTdcI1625Es=,n7nP1yas0eUM6OZsdMvpXCI0Urs=
42,31,1Bha7dmvFRpBp8MfJTdcI1625Es=,n7nP1yas0eUM6OZsdMvpXCI0Urs=
41,31,1Bha7dmvFRpBp8MfJTdcI1625Es=,n7nP1yas0eUM6OZsdMvpXCI0Urs=
44,31,1Bha7dmvFRpBp8MfJTdcI1625Es=,n7nP1yas0eUM6OZsdMvpXCI0Urs=
45,31,1Bha7dmvFRpBp8MfJTdcI1625Es=,n7nP1yas0eUM6OZsdMvpXCI0Urs=
40,31,1Bha7dmvFRpBp8MfJTdcI1625Es=,n7nP1yas0eUM6OZsdMvpXCI0Urs=
46,31,1Bha7dmvFRpBp8MfJTdcI1625Es=,n7nP1yas0eUM6OZsdMvpXCI0Urs=
47,31,1Bha7dmvFRpBp8MfJTdcI1625Es=,n7nP1yas0eUM6OZsdMvpXCI0Urs=
52,27,DdnMWCZGnpGCDQwxkMDK8iBcYY8=,OZbZv4QA1T+G99J2Ltk79uUZtl0=
53,27,DdnMWCZGnpGCDQwxkMDK8iBcYY8=,OZbZv4QA1T+G99J2Ltk79uUZtl0=
54,27,DdnMWCZGnpGCDQwxkMDK8iBcYY8=,OZbZv4QA1T+G99J2Ltk79uUZtl0=
49,28,DdnMWCZGnpGCDQwxkMDK8iBcYY8=,OZbZv4QA1T+G99J2Ltk79uUZtl0=
50,28,DdnMWCZGnpGCDQwxkMDK8iBcYY8=,OZbZv4QA1T+G99J2Ltk79uUZtl0=
51,28,DdnMWCZGnpGCDQwxkMDK8iBcYY8=,OZbZv4QA1T+G99J2Ltk79uUZtl0=
52,28,DdnMWCZGnpGCDQwxkMDK8iBcYY8=,OZbZv4QA1T+G99J2Ltk79uUZtl0=
53,28,DdnMWCZGnpGCDQwxkMDK8iBcYY8=,OZbZv4QA1T+G99J2Ltk79uUZtl0=
54,28,DdnMWCZGnpGCDQwxkMDK8iBcYY8=,OZbZv4QA1T+G99J2Ltk79uUZtl0=
49,29,DdnMWCZGnpGCDQwxkMDK8iBcYY8=,OZbZv4QA1T+G99J2Ltk79uUZtl0=
50,29,DdnMWCZGnpGCDQwxkMDK8iBcYY8=,OZbZv4QA1T+G99J2Ltk79uUZtl0=
60,29,DdnMWCZGnpGCDQwxkMDK8iBcYY8=,ZFQ7YKem1oTcG/VpR6VhvUw7Y8M=
61,29,DdnMWCZGnpGCDQwxkMDK8iBcYY8=,ZFQ7YKem1oTcG/VpR6VhvUw7Y8M=
62,29,DdnMWCZGnpGCDQwxkMDK8iBcYY8=,ZFQ7YKem1oTcG/VpR6VhvUw7Y8M=
55,27,DdnMWCZGnpGCDQwxkMDK8iBcYY8=,OZbZv4QA1T+G99J2Ltk79uUZtl0=
56,30,DdnMWCZGnpGCDQwxkMDK8iBcYY8=,ZFQ7YKem1oTcG/VpR6VhvUw7Y8M=
57,30,DdnMWCZGnpGCDQwxkMDK8iBcYY8=,ZFQ7YKem1oTcG/VpR6VhvUw7Y8M=
58,30,DdnMWCZGnpGCDQwxkMDK8iBcYY8=,ZFQ7YKem1oTcG/VpR6VhvUw7Y8M=
51,29,DdnMWCZGnpGCDQwxkMDK8iBcYY8=,OZbZv4QA1T+G99J2Ltk79uUZtl0=
59,30,DdnMWCZGnpGCDQwxkMDK8iBcYY8=,ZFQ7YKem1oTcG/VpR6VhvUw7Y8M=
52,29,DdnMWCZGnpGCDQwxkMDK8iBcYY8=,OZbZv4QA1T+G99J2Ltk79uUZtl0=
60,30,DdnMWCZGnpGCDQwxkMDK8iBcYY8=,ZFQ7YKem1oTcG/VpR6VhvUw7Y8M=
53,29,DdnMWCZGnpGCDQwxkMDK8iBcYY8=,OZbZv4QA1T+G99J2Ltk79uUZtl0=
54,29,DdnMWCZGnpGCDQwxkMDK8iBcYY8=,OZbZv4QA1T+G99J2Ltk79uUZtl0=
49,25,DdnMWCZGnpGCDQwxkMDK8iBcYY8=,OZbZv4QA1T+G99J2Ltk79uUZtl0=
50,25,DdnMWCZGnpGCDQwxkMDK8iBcYY8=,OZbZv4QA1T+G99J2Ltk79uUZtl0=
51,25,DdnMWCZGnpGCDQwxkMDK8iBcYY8=,OZbZv4QA1T+G99J2Ltk79uUZtl0=
52,25,DdnMWCZGnpGCDQwxkMDK8iBcYY8=,OZbZv4QA1T+G99J2Ltk79uUZtl0=
49,30,DdnMWCZGnpGCDQwxkMDK8iBcYY8=,OZbZv4QA1T+G99J2Ltk79uUZtl0=
50,30,DdnMWCZGnpGCDQwxkMDK8iBcYY8=,OZbZv4QA1T+G99J2Ltk79uUZtl0=
53,25,DdnMWCZGnpGCDQwxkMDK8iBcYY8=,OZbZv4QA1T+G99J2Ltk79uUZtl0=
54,25,DdnMWCZGnpGCDQwxkMDK8iBcYY8=,OZbZv4QA1T+G99J2Ltk79uUZtl0=
49,26,DdnMWCZGnpGCDQwxkMDK8iBcYY8=,OZbZv4QA1T+G99J2Ltk79uUZtl0=
50,26,DdnMWCZGnpGCDQwxkMDK8iBcYY8=,OZbZv4QA1T+G99J2Ltk79uUZtl0=
51,30,DdnMWCZGnpGCDQwxkMDK8iBcYY8=,OZbZv4QA1T+G99J2Ltk79uUZtl0=
51,26,DdnMWCZGnpGCDQwxkMDK8iBcYY8=,OZbZv4QA1T+G99J2Ltk79uUZtl0=
61,30,DdnMWCZGnpGCDQwxkMDK8iBcYY8=,ZFQ7YKem1oTcG/VpR6VhvUw7Y8M=
52,30,DdnMWCZGnpGCDQwxkMDK8iBcYY8=,OZbZv4QA1T+G99J2Ltk79uUZtl0=
54,20,DdnMWCZGnpGCDQwxkMDK8iBcYY8=,+xMzJ4Wvt4Kntq44QyKZEvPrXlQ=
62,30,DdnMWCZGnpGCDQwxkMDK8iBcYY8=,ZFQ7YKem1oTcG/VpR6VhvUw7Y8M=
54,19,DdnMWCZGnpGCDQwxkMDK8iBcYY8=,+xMzJ4Wvt4Kntq44QyKZEvPrXlQ=
55,28,DdnMWCZGnpGCDQwxkMDK8iBcYY8=,OZbZv4QA1T+G99J2Ltk79uUZtl0=
52,21,DdnMWCZGnpGCDQwxkMDK8iBcYY8=,+xMzJ4Wvt4Kntq44QyKZEvPrXlQ=
49,20,DdnMWCZGnpGCDQwxkMDK8iBcYY8=,+xMzJ4Wvt4Kntq44QyKZEvPrXlQ=
56,25,DdnMWCZGnpGCDQwxkMDK8iBcYY8=,ZFQ7YKem1oTcG/VpR6VhvUw7Y8M=
51,27,DdnMWCZGnpGCDQwxkMDK8iBcYY8=,OZbZv4QA1T+G99J2Ltk79uUZtl0=
57,25,DdnMWCZGnpGCDQwxkMDK8iBcYY8=,ZFQ7YKem1oTcG/VpR6VhvUw7Y8M=
49,18,DdnMWCZGnpGCDQwxkMDK8iBcYY8=,+xMzJ4Wvt4Kntq44QyKZEvPrXlQ=
58,25,DdnMWCZGnpGCDQwxkMDK8iBcYY8=,ZFQ7YKem1oTcG/VpR6VhvUw7Y8M=
50,18,DdnMWCZGnpGCDQwxkMDK8iBcYY8=,+xMzJ4Wvt4Kntq44QyKZEvPrXlQ=
59,29,DdnMWCZGnpGCDQwxkMDK8iBcYY8=,ZFQ7YKem1oTcG/VpR6VhvUw7Y8M=
59,25,DdnMWCZGnpGCDQwxkMDK8iBcYY8=,ZFQ7YKem1oTcG/VpR6VhvUw7Y8M=
51,18,DdnMWCZGnpGCDQwxkMDK8iBcYY8=,+xMzJ4Wvt4Kntq44QyKZEvPrXlQ=
50,27,DdnMWCZGnpGCDQwxkMDK8iBcYY8=,OZbZv4QA1T+G99J2Ltk79uUZtl0=
60,25,DdnMWCZGnpGCDQwxkMDK8iBcYY8=,ZFQ7YKem1oTcG/VpR6VhvUw7Y8M=
58,29,DdnMWCZGnpGCDQwxkMDK8iBcYY8=,ZFQ7YKem1oTcG/VpR6VhvUw7Y8M=
54,30,DdnMWCZGnpGCDQwxkMDK8iBcYY8=,OZbZv4QA1T+G99J2Ltk79uUZtl0=
53,30,DdnMWCZGnpGCDQwxkMDK8iBcYY8=,OZbZv4QA1T+G99J2Ltk79uUZtl0=
52,18,DdnMWCZGnpGCDQwxkMDK8iBcYY8=,+xMzJ4Wvt4Kntq44QyKZEvPrXlQ=
61,25,DdnMWCZGnpGCDQwxkMDK8iBcYY8=,ZFQ7YKem1oTcG/VpR6VhvUw7Y8M=
55,20,DdnMWCZGnpGCDQwxkMDK8iBcYY8=,+xMzJ4Wvt4Kntq44QyKZEvPrXlQ=
49,27,DdnMWCZGnpGCDQwxkMDK8iBcYY8=,OZbZv4QA1T+G99J2Ltk79uUZtl0=
54,26,DdnMWCZGnpGCDQwxkMDK8iBcYY8=,OZbZv4QA1T+G99J2Ltk79uUZtl0=
53,26,DdnMWCZGnpGCDQwxkMDK8iBcYY8=,OZbZv4QA1T+G99J2Ltk79uUZtl0=
57,29,DdnMWCZGnpGCDQwxkMDK8iBcYY8=,ZFQ7YKem1oTcG/VpR6VhvUw7Y8M=
53,18,DdnMWCZGnpGCDQwxkMDK8iBcYY8=,+xMzJ4Wvt4Kntq44QyKZEvPrXlQ=
62,25,DdnMWCZGnpGCDQwxkMDK8iBcYY8=,ZFQ7YKem1oTcG/VpR6VhvUw7Y8M=
60,19,DdnMWCZGnpGCDQwxkMDK8iBcYY8=,ZFQ7YKem1oTcG/VpR6VhvUw7Y8M=
52,26,DdnMWCZGnpGCDQwxkMDK8iBcYY8=,OZbZv4QA1T+G99J2Ltk79uUZtl0=
59,19,DdnMWCZGnpGCDQwxkMDK8iBcYY8=,ZFQ7YKem1oTcG/VpR6VhvUw7Y8M=
58,19,DdnMWCZGnpGCDQwxkMDK8iBcYY8=,ZFQ7YKem1oTcG/VpR6VhvUw7Y8M=
62,23,DdnMWCZGnpGCDQwxkMDK8iBcYY8=,ZFQ7YKem1oTcG/VpR6VhvUw7Y8M=
49,19,DdnMWCZGnpGCDQwxkMDK8iBcYY8=,+xMzJ4Wvt4Kntq44QyKZEvPrXlQ=
56,26,DdnMWCZGnpGCDQwxkMDK8iBcYY8=,ZFQ7YKem1oTcG/VpR6VhvUw7Y8M=
55,19,DdnMWCZGnpGCDQwxkMDK8iBcYY8=,+xMzJ4Wvt4Kntq44QyKZEvPrXlQ=
57,19,DdnMWCZGnpGCDQwxkMDK8iBcYY8=,ZFQ7YKem1oTcG/VpR6VhvUw7Y8M=
61,23,DdnMWCZGnpGCDQwxkMDK8iBcYY8=,ZFQ7YKem1oTcG/VpR6VhvUw7Y8M=
60,23,DdnMWCZGnpGCDQwxkMDK8iBcYY8=,ZFQ7YKem1oTcG/VpR6VhvUw7Y8M=
57,26,DdnMWCZGnpGCDQwxkMDK8iBcYY8=,ZFQ7YKem1oTcG/VpR6VhvUw7Y8M=
56,19,DdnMWCZGnpGCDQwxkMDK8iBcYY8=,ZFQ7YKem1oTcG/VpR6VhvUw7Y8M=
54,18,DdnMWCZGnpGCDQwxkMDK8iBcYY8=,+xMzJ4Wvt4Kntq44QyKZEvPrXlQ=
51,21,DdnMWCZGnpGCDQwxkMDK8iBcYY8=,+xMzJ4Wvt4Kntq44QyKZEvPrXlQ=
61,19,DdnMWCZGnpGCDQwxkMDK8iBcYY8=,ZFQ7YKem1oTcG/VpR6VhvUw7Y8M=
59,23,DdnMWCZGnpGCDQwxkMDK8iBcYY8=,ZFQ7YKem1oTcG/VpR6VhvUw7Y8M=
58,23,DdnMWCZGnpGCDQwxkMDK8iBcYY8=,ZFQ7YKem1oTcG/VpR6VhvUw7Y8M=
58,26,DdnMWCZGnpGCDQwxkMDK8iBcYY8=,ZFQ7YKem1oTcG/VpR6VhvUw7Y8M=
55,17,DdnMWCZGnpGCDQwxkMDK8iBcYY8=,+xMzJ4Wvt4Kntq44QyKZEvPrXlQ=
50,19,DdnMWCZGnpGCDQwxkMDK8iBcYY8=,+xMzJ4Wvt4Kntq44QyKZEvPrXlQ=
57,23,DdnMWCZGnpGCDQwxkMDK8iBcYY8=,ZFQ7YKem1oTcG/VpR6VhvUw7Y8M=
62,19,DdnMWCZGnpGCDQwxkMDK8iBcYY8=,ZFQ7YKem1oTcG/VpR6VhvUw7Y8M=
56,23,DdnMWCZGnpGCDQwxkMDK8iBcYY8=,ZFQ7YKem1oTcG/VpR6VhvUw7Y8M=
62,18,DdnMWCZGnpGCDQwxkMDK8iBcYY8=,ZFQ7YKem1oTcG/VpR6VhvUw7Y8M=
61,18,DdnMWCZGnpGCDQwxkMDK8iBcYY8=,ZFQ7YKem1oTcG/VpR6VhvUw7Y8M=
59,26,DdnMWCZGnpGCDQwxkMDK8iBcYY8=,ZFQ7YKem1oTcG/VpR6VhvUw7Y8M=
53,21,DdnMWCZGnpGCDQwxkMDK8iBcYY8=,+xMzJ4Wvt4Kntq44QyKZEvPrXlQ=
56,24,DdnMWCZGnpGCDQwxkMDK8iBcYY8=,ZFQ7YKem1oTcG/VpR6VhvUw7Y8M=
60,18,DdnMWCZGnpGCDQwxkMDK8iBcYY8=,ZFQ7YKem1oTcG/VpR6VhvUw7Y8M=
62,22,DdnMWCZGnpGCDQwxkMDK8iBcYY8=,ZFQ7YKem1oTcG/VpR6VhvUw7Y8M=
59,18,DdnMWCZGnpGCDQwxkMDK8iBcYY8=,ZFQ7YKem1oTcG/VpR6VhvUw7Y8M=
58,18,DdnMWCZGnpGCDQwxkMDK8iBcYY8=,ZFQ7YKem1oTcG/VpR6VhvUw7Y8M=
60,26,DdnMWCZGnpGCDQwxkMDK8iBcYY8=,ZFQ7YKem1oTcG/VpR6VhvUw7Y8M=
51,19,DdnMWCZGnpGCDQwxkMDK8iBcYY8=,+xMzJ4Wvt4Kntq44QyKZEvPrXlQ=
56,20,DdnMWCZGnpGCDQwxkMDK8iBcYY8=,ZFQ7YKem1oTcG/VpR6VhvUw7Y8M=
61,22,DdnMWCZGnpGCDQwxkMDK8iBcYY8=,ZFQ7YKem1oTcG/VpR6VhvUw7Y8M=
57,18,DdnMWCZGnpGCDQwxkMDK8iBcYY8=,ZFQ7YKem1oTcG/VpR6VhvUw7Y8M=
56,18,DdnMWCZGnpGCDQwxkMDK8iBcYY8=,ZFQ7YKem1oTcG/VpR6VhvUw7Y8M=
60,22,DdnMWCZGnpGCDQwxkMDK8iBcYY8=,ZFQ7YKem1oTcG/VpR6VhvUw7Y8M=
54,21,DdnMWCZGnpGCDQwxkMDK8iBcYY8=,+xMzJ4Wvt4Kntq44QyKZEvPrXlQ=
61,26,DdnMWCZGnpGCDQwxkMDK8iBcYY8=,ZFQ7YKem1oTcG/VpR6VhvUw7Y8M=
57,20,DdnMWCZGnpGCDQwxkMDK8iBcYY8=,ZFQ7YKem1oTcG/VpR6VhvUw7Y8M=
62,17,DdnMWCZGnpGCDQwxkMDK8iBcYY8=,ZFQ7YKem1oTcG/VpR6VhvUw7Y8M=
61,17,DdnMWCZGnpGCDQwxkMDK8iBcYY8=,ZFQ7YKem1oTcG/VpR6VhvUw7Y8M=
60,17,DdnMWCZGnpGCDQwxkMDK8iBcYY8=,ZFQ7YKem1oTcG/VpR6VhvUw7Y8M=
55,30,DdnMWCZGnpGCDQwxkMDK8iBcYY8=,OZbZv4QA1T+G99J2Ltk79uUZtl0=
49,22,DdnMWCZGnpGCDQwxkMDK8iBcYY8=,+xMzJ4Wvt4Kntq44QyKZEvPrXlQ=
62,26,DdnMWCZGnpGCDQwxkMDK8iBcYY8=,ZFQ7YKem1oTcG/VpR6VhvUw7Y8M=
57,24,DdnMWCZGnpGCDQwxkMDK8iBcYY8=,ZFQ7YKem1oTcG/VpR6VhvUw7Y8M=
59,22,DdnMWCZGnpGCDQwxkMDK8iBcYY8=,ZFQ7YKem1oTcG/VpR6VhvUw7Y8M=
59,17,DdnMWCZGnpGCDQwxkMDK8iBcYY8=,ZFQ7YKem1oTcG/VpR6VhvUw7Y8M=
58,17,DdnMWCZGnpGCDQwxkMDK8iBcYY8=,ZFQ7YKem1oTcG/VpR6VhvUw7Y8M=
50,22,DdnMWCZGnpGCDQwxkMDK8iBcYY8=,+xMzJ4Wvt4Kntq44QyKZEvPrXlQ=
57,17,DdnMWCZGnpGCDQwxkMDK8iBcYY8=,ZFQ7YKem1oTcG/VpR6VhvUw7Y8M=
58,24,DdnMWCZGnpGCDQwxkMDK8iBcYY8=,ZFQ7YKem1oTcG/VpR6VhvUw7Y8M=
56,27,DdnMWCZGnpGCDQwxkMDK8iBcYY8=,ZFQ7YKem1oTcG/VpR6VhvUw7Y8M=
56,17,DdnMWCZGnpGCDQwxkMDK8iBcYY8=,ZFQ7YKem1oTcG/VpR6VhvUw7Y8M=
58,22,DdnMWCZGnpGCDQwxkMDK8iBcYY8=,ZFQ7YKem1oTcG/VpR6VhvUw7Y8M=
55,24,DdnMWCZGnpGCDQwxkMDK8iBcYY8=,OZbZv4QA1T+G99J2Ltk79uUZtl0=
57,22,DdnMWCZGnpGCDQwxkMDK8iBcYY8=,ZFQ7YKem1oTcG/VpR6VhvUw7Y8M=
51,22,DdnMWCZGnpGCDQwxkMDK8iBcYY8=,+xMzJ4Wvt4Kntq44QyKZEvPrXlQ=
57,27,DdnMWCZGnpGCDQwxkMDK8iBcYY8=,ZFQ7YKem1oTcG/VpR6VhvUw7Y8M=
56,22,DdnMWCZGnpGCDQwxkMDK8iBcYY8=,ZFQ7YKem1oTcG/VpR6VhvUw7Y8M=
62,21,DdnMWCZGnpGCDQwxkMDK8iBcYY8=,ZFQ7YKem1oTcG/VpR6VhvUw7Y8M=
59,24,DdnMWCZGnpGCDQwxkMDK8iBcYY8=,ZFQ7YKem1oTcG/VpR6VhvUw7Y8M=
55,23,DdnMWCZGnpGCDQwxkMDK8iBcYY8=,+xMzJ4Wvt4Kntq44QyKZEvPrXlQ=
61,21,DdnMWCZGnpGCDQwxkMDK8iBcYY8=,ZFQ7YKem1oTcG/VpR6VhvUw7Y8M=
52,22,DdnMWCZGnpGCDQwxkMDK8iBcYY8=,+xMzJ4Wvt4Kntq44QyKZEvPrXlQ=
55,26,DdnMWCZGnpGCDQwxkMDK8iBcYY8=,OZbZv4QA1T+G99J2Ltk79uUZtl0=
58,27,DdnMWCZGnpGCDQwxkMDK8iBcYY8=,ZFQ7YKem1oTcG/VpR6VhvUw7Y8M=
60,21,DdnMWCZGnpGCDQwxkMDK8iBcYY8=,ZFQ7YKem1oTcG/VpR6VhvUw7Y8M=
58,20,DdnMWCZGnpGCDQwxkMDK8iBcYY8=,ZFQ7YKem1oTcG/VpR6VhvUw7Y8M=
55,18,DdnMWCZGnpGCDQwxkMDK8iBcYY8=,+xMzJ4Wvt4Kntq44QyKZEvPrXlQ=
59,21,DdnMWCZGnpGCDQwxkMDK8iBcYY8=,ZFQ7YKem1oTcG/VpR6VhvUw7Y8M=
50,17,DdnMWCZGnpGCDQwxkMDK8iBcYY8=,+xMzJ4Wvt4Kntq44QyKZEvPrXlQ=
55,22,DdnMWCZGnpGCDQwxkMDK8iBcYY8=,+xMzJ4Wvt4Kntq44QyKZEvPrXlQ=
59,27,DdnMWCZGnpGCDQwxkMDK8iBcYY8=,ZFQ7YKem1oTcG/VpR6VhvUw7Y8M=
58,21,DdnMWCZGnpGCDQwxkMDK8iBcYY8=,ZFQ7YKem1oTcG/VpR6VhvUw7Y8M=
57,21,DdnMWCZGnpGCDQwxkMDK8iBcYY8=,ZFQ7YKem1oTcG/VpR6VhvUw7Y8M=
56,21,DdnMWCZGnpGCDQwxkMDK8iBcYY8=,ZFQ7YKem1oTcG/VpR6VhvUw7Y8M=
60,24,DdnMWCZGnpGCDQwxkMDK8iBcYY8=,ZFQ7YKem1oTcG/VpR6VhvUw7Y8M=
52,19,DdnMWCZGnpGCDQwxkMDK8iBcYY8=,+xMzJ4Wvt4Kntq44QyKZEvPrXlQ=
62,20,DdnMWCZGnpGCDQwxkMDK8iBcYY8=,ZFQ7YKem1oTcG/VpR6VhvUw7Y8M=
55,29,DdnMWCZGnpGCDQwxkMDK8iBcYY8=,OZbZv4QA1T+G99J2Ltk79uUZtl0=
55,21,DdnMWCZGnpGCDQwxkMDK8iBcYY8=,+xMzJ4Wvt4Kntq44QyKZEvPrXlQ=
60,20,DdnMWCZGnpGCDQwxkMDK8iBcYY8=,ZFQ7YKem1oTcG/VpR6VhvUw7Y8M=
61,20,DdnMWCZGnpGCDQwxkMDK8iBcYY8=,ZFQ7YKem1oTcG/VpR6VhvUw7Y8M=
53,22,DdnMWCZGnpGCDQwxkMDK8iBcYY8=,+xMzJ4Wvt4Kntq44QyKZEvPrXlQ=
59,20,DdnMWCZGnpGCDQwxkMDK8iBcYY8=,ZFQ7YKem1oTcG/VpR6VhvUw7Y8M=
62,24,DdnMWCZGnpGCDQwxkMDK8iBcYY8=,ZFQ7YKem1oTcG/VpR6VhvUw7Y8M=
53,20,DdnMWCZGnpGCDQwxkMDK8iBcYY8=,+xMzJ4Wvt4Kntq44QyKZEvPrXlQ=
60,27,DdnMWCZGnpGCDQwxkMDK8iBcYY8=,ZFQ7YKem1oTcG/VpR6VhvUw7Y8M=
62,28,DdnMWCZGnpGCDQwxkMDK8iBcYY8=,ZFQ7YKem1oTcG/VpR6VhvUw7Y8M=
56,29,DdnMWCZGnpGCDQwxkMDK8iBcYY8=,ZFQ7YKem1oTcG/VpR6VhvUw7Y8M=
54,22,DdnMWCZGnpGCDQwxkMDK8iBcYY8=,+xMzJ4Wvt4Kntq44QyKZEvPrXlQ=
61,24,DdnMWCZGnpGCDQwxkMDK8iBcYY8=,ZFQ7YKem1oTcG/VpR6VhvUw7Y8M=
61,28,DdnMWCZGnpGCDQwxkMDK8iBcYY8=,ZFQ7YKem1oTcG/VpR6VhvUw7Y8M=
55,25,DdnMWCZGnpGCDQwxkMDK8iBcYY8=,OZbZv4QA1T+G99J2Ltk79uUZtl0=
59,28,DdnMWCZGnpGCDQwxkMDK8iBcYY8=,ZFQ7YKem1oTcG/VpR6VhvUw7Y8M=
61,27,DdnMWCZGnpGCDQwxkMDK8iBcYY8=,ZFQ7YKem1oTcG/VpR6VhvUw7Y8M=
58,28,DdnMWCZGnpGCDQwxkMDK8iBcYY8=,ZFQ7YKem1oTcG/VpR6VhvUw7Y8M=
60,28,DdnMWCZGnpGCDQwxkMDK8iBcYY8=,ZFQ7YKem1oTcG/VpR6VhvUw7Y8M=
49,23,DdnMWCZGnpGCDQwxkMDK8iBcYY8=,+xMzJ4Wvt4Kntq44QyKZEvPrXlQ=
57,28,DdnMWCZGnpGCDQwxkMDK8iBcYY8=,ZFQ7YKem1oTcG/VpR6VhvUw7Y8M=
56,28,DdnMWCZGnpGCDQwxkMDK8iBcYY8=,ZFQ7YKem1oTcG/VpR6VhvUw7Y8M=
62,27,DdnMWCZGnpGCDQwxkMDK8iBcYY8=,ZFQ7YKem1oTcG/VpR6VhvUw7Y8M=
52,20,DdnMWCZGnpGCDQwxkMDK8iBcYY8=,+xMzJ4Wvt4Kntq44QyKZEvPrXlQ=
51,20,DdnMWCZGnpGCDQwxkMDK8iBcYY8=,+xMzJ4Wvt4Kntq44QyKZEvPrXlQ=
50,21,DdnMWCZGnpGCDQwxkMDK8iBcYY8=,+xMzJ4Wvt4Kntq44QyKZEvPrXlQ=
50,23,DdnMWCZGnpGCDQwxkMDK8iBcYY8=,+xMzJ4Wvt4Kntq44QyKZEvPrXlQ=
50,20,DdnMWCZGnpGCDQwxkMDK8iBcYY8=,+xMzJ4Wvt4Kntq44QyKZEvPrXlQ=
53,19,DdnMWCZGnpGCDQwxkMDK8iBcYY8=,+xMzJ4Wvt4Kntq44QyKZEvPrXlQ=
49,21,DdnMWCZGnpGCDQwxkMDK8iBcYY8=,+xMzJ4Wvt4Kntq44QyKZEvPrXlQ=
53,17,DdnMWCZGnpGCDQwxkMDK8iBcYY8=,+xMzJ4Wvt4Kntq44QyKZEvPrXlQ=
54,17,DdnMWCZGnpGCDQwxkMDK8iBcYY8=,+xMzJ4Wvt4Kntq44QyKZEvPrXlQ=
49,17,DdnMWCZGnpGCDQwxkMDK8iBcYY8=,+xMzJ4Wvt4Kntq44QyKZEvPrXlQ=
51,23,DdnMWCZGnpGCDQwxkMDK8iBcYY8=,+xMzJ4Wvt4Kntq44QyKZEvPrXlQ=
54,24,DdnMWCZGnpGCDQwxkMDK8iBcYY8=,OZbZv4QA1T+G99J2Ltk79uUZtl0=
53,24,DdnMWCZGnpGCDQwxkMDK8iBcYY8=,OZbZv4QA1T+G99J2Ltk79uUZtl0=
52,24,DdnMWCZGnpGCDQwxkMDK8iBcYY8=,OZbZv4QA1T+G99J2Ltk79uUZtl0=
51,24,DdnMWCZGnpGCDQwxkMDK8iBcYY8=,OZbZv4QA1T+G99J2Ltk79uUZtl0=
52,17,DdnMWCZGnpGCDQwxkMDK8iBcYY8=,+xMzJ4Wvt4Kntq44QyKZEvPrXlQ=
50,24,DdnMWCZGnpGCDQwxkMDK8iBcYY8=,OZbZv4QA1T+G99J2Ltk79uUZtl0=
52,23,DdnMWCZGnpGCDQwxkMDK8iBcYY8=,+xMzJ4Wvt4Kntq44QyKZEvPrXlQ=
49,24,DdnMWCZGnpGCDQwxkMDK8iBcYY8=,OZbZv4QA1T+G99J2Ltk79uUZtl0=
54,23,DdnMWCZGnpGCDQwxkMDK8iBcYY8=,+xMzJ4Wvt4Kntq44QyKZEvPrXlQ=
51,17,DdnMWCZGnpGCDQwxkMDK8iBcYY8=,+xMzJ4Wvt4Kntq44QyKZEvPrXlQ=
53,23,DdnMWCZGnpGCDQwxkMDK8iBcYY8=,+xMzJ4Wvt4Kntq44QyKZEvPrXlQ=
57,31,DdnMWCZGnpGCDQwxkMDK8iBcYY8=,ZFQ7YKem1oTcG/VpR6VhvUw7Y8M=
56,31,DdnMWCZGnpGCDQwxkMDK8iBcYY8=,ZFQ7YKem1oTcG/VpR6VhvUw7Y8M=
55,31,DdnMWCZGnpGCDQwxkMDK8iBcYY8=,OZbZv4QA1T+G99J2Ltk79uUZtl0=
49,31,DdnMWCZGnpGCDQwxkMDK8iBcYY8=,OZbZv4QA1T+G99J2Ltk79uUZtl0=
62,31,DdnMWCZGnpGCDQwxkMDK8iBcYY8=,ZFQ7YKem1oTcG/VpR6VhvUw7Y8M=
54,31,DdnMWCZGnpGCDQwxkMDK8iBcYY8=,OZbZv4QA1T+G99J2Ltk79uUZtl0=
50,31,DdnMWCZGnpGCDQwxkMDK8iBcYY8=,OZbZv4QA1T+G99J2Ltk79uUZtl0=
61,31,DdnMWCZGnpGCDQwxkMDK8iBcYY8=,ZFQ7YKem1oTcG/VpR6VhvUw7Y8M=
51,31,DdnMWCZGnpGCDQwxkMDK8iBcYY8=,OZbZv4QA1T+G99J2Ltk79uUZtl0=
60,31,DdnMWCZGnpGCDQwxkMDK8iBcYY8=,ZFQ7YKem1oTcG/VpR6VhvUw7Y8M=
59,31,DdnMWCZGnpGCDQwxkMDK8iBcYY8=,ZFQ7YKem1oTcG/VpR6VhvUw7Y8M=
52,31,DdnMWCZGnpGCDQwxkMDK8iBcYY8=,OZbZv4QA1T+G99J2Ltk79uUZtl0=
58,31,DdnMWCZGnpGCDQwxkMDK8iBcYY8=,ZFQ7YKem1oTcG/VpR6VhvUw7Y8M=
53,31,DdnMWCZGnpGCDQwxkMDK8iBcYY8=,OZbZv4QA1T+G99J2Ltk79uUZtl0=
48,28,DdnMWCZGnpGCDQwxkMDK8iBcYY8=,OZbZv4QA1T+G99J2Ltk79uUZtl0=
48,21,DdnMWCZGnpGCDQwxkMDK8iBcYY8=,+xMzJ4Wvt4Kntq44QyKZEvPrXlQ=
48,29,DdnMWCZGnpGCDQwxkMDK8iBcYY8=,OZbZv4QA1T+G99J2Ltk79uUZtl0=
48,30,DdnMWCZGnpGCDQwxkMDK8iBcYY8=,OZbZv4QA1T+G99J2Ltk79uUZtl0=
48,25,DdnMWCZGnpGCDQwxkMDK8iBcYY8=,OZbZv4QA1T+G99J2Ltk79uUZtl0=
48,20,DdnMWCZGnpGCDQwxkMDK8iBcYY8=,+xMzJ4Wvt4Kntq44QyKZEvPrXlQ=
48,26,DdnMWCZGnpGCDQwxkMDK8iBcYY8=,OZbZv4QA1T+G99J2Ltk79uUZtl0=
48,27,DdnMWCZGnpGCDQwxkMDK8iBcYY8=,OZbZv4QA1T+G99J2Ltk79uUZtl0=
48,18,DdnMWCZGnpGCDQwxkMDK8iBcYY8=,+xMzJ4Wvt4Kntq44QyKZEvPrXlQ=
48,19,DdnMWCZGnpGCDQwxkMDK8iBcYY8=,+xMzJ4Wvt4Kntq44QyKZEvPrXlQ=
48,22,DdnMWCZGnpGCDQwxkMDK8iBcYY8=,+xMzJ4Wvt4Kntq44QyKZEvPrXlQ=
48,23,DdnMWCZGnpGCDQwxkMDK8iBcYY8=,+xMzJ4Wvt4Kntq44QyKZEvPrXlQ=
48,24,DdnMWCZGnpGCDQwxkMDK8iBcYY8=,OZbZv4QA1T+G99J2Ltk79uUZtl0=
48,17,DdnMWCZGnpGCDQwxkMDK8iBcYY8=,+xMzJ4Wvt4Kntq44QyKZEvPrXlQ=
63,19,DdnMWCZGnpGCDQwxkMDK8iBcYY8=,ZFQ7YKem1oTcG/VpR6VhvUw7Y8M=
63,18,DdnMWCZGnpGCDQwxkMDK8iBcYY8=,ZFQ7YKem1oTcG/VpR6VhvUw7Y8M=
63,22,DdnMWCZGnpGCDQwxkMDK8iBcYY8=,ZFQ7YKem1oTcG/VpR6VhvUw7Y8M=
63,20,DdnMWCZGnpGCDQwxkMDK8iBcYY8=,ZFQ7YKem1oTcG/VpR6VhvUw7Y8M=
63,21,DdnMWCZGnpGCDQwxkMDK8iBcYY8=,ZFQ7YKem1oTcG/VpR6VhvUw7Y8M=
63,17,DdnMWCZGnpGCDQwxkMDK8iBcYY8=,ZFQ7YKem1oTcG/VpR6VhvUw7Y8M=
63,29,DdnMWCZGnpGCDQwxkMDK8iBcYY8=,ZFQ7YKem1oTcG/VpR6VhvUw7Y8M=
63,28,DdnMWCZGnpGCDQwxkMDK8iBcYY8=,ZFQ7YKem1oTcG/VpR6VhvUw7Y8M=
63,27,DdnMWCZGnpGCDQwxkMDK8iBcYY8=,ZFQ7YKem1oTcG/VpR6VhvUw7Y8M=
63,23,DdnMWCZGnpGCDQwxkMDK8iBcYY8=,ZFQ7YKem1oTcG/VpR6VhvUw7Y8M=
63,30,DdnMWCZGnpGCDQwxkMDK8iBcYY8=,ZFQ7YKem1oTcG/VpR6VhvUw7Y8M=
63,24,DdnMWCZGnpGCDQwxkMDK8iBcYY8=,ZFQ7YKem1oTcG/VpR6VhvUw7Y8M=
63,26,DdnMWCZGnpGCDQwxkMDK8iBcYY8=,ZFQ7YKem1oTcG/VpR6VhvUw7Y8M=
63,25,DdnMWCZGnpGCDQwxkMDK8iBcYY8=,ZFQ7YKem1oTcG/VpR6VhvUw7Y8M=
63,31,DdnMWCZGnpGCDQwxkMDK8iBcYY8=,ZFQ7YKem1oTcG/VpR6VhvUw7Y8M=
48,31,DdnMWCZGnpGCDQwxkMDK8iBcYY8=,OZbZv4QA1T+G99J2Ltk79uUZtl0=
52,16,DdnMWCZGnpGCDQwxkMDK8iBcYY8=,+xMzJ4Wvt4Kntq44QyKZEvPrXlQ=
51,16,DdnMWCZGnpGCDQwxkMDK8iBcYY8=,+xMzJ4Wvt4Kntq44QyKZEvPrXlQ=
53,16,DdnMWCZGnpGCDQwxkMDK8iBcYY8=,+xMzJ4Wvt4Kntq44QyKZEvPrXlQ=
48,16,DdnMWCZGnpGCDQwxkMDK8iBcYY8=,+xMzJ4Wvt4Kntq44QyKZEvPrXlQ=
50,16,DdnMWCZGnpGCDQwxkMDK8iBcYY8=,+xMzJ4Wvt4Kntq44QyKZEvPrXlQ=
49,16,DdnMWCZGnpGCDQwxkMDK8iBcYY8=,+xMzJ4Wvt4Kntq44QyKZEvPrXlQ=
54,16,DdnMWCZGnpGCDQwxkMDK8iBcYY8=,+xMzJ4Wvt4Kntq44QyKZEvPrXlQ=
62,16,DdnMWCZGnpGCDQwxkMDK8iBcYY8=,ZFQ7YKem1oTcG/VpR6VhvUw7Y8M=
61,16,DdnMWCZGnpGCDQwxkMDK8iBcYY8=,ZFQ7YKem1oTcG/VpR6VhvUw7Y8M=
63,16,DdnMWCZGnpGCDQwxkMDK8iBcYY8=,ZFQ7YKem1oTcG/VpR6VhvUw7Y8M=
59,16,DdnMWCZGnpGCDQwxkMDK8iBcYY8=,ZFQ7YKem1oTcG/VpR6VhvUw7Y8M=
60,16,DdnMWCZGnpGCDQwxkMDK8iBcYY8=,ZFQ7YKem1oTcG/VpR6VhvUw7Y8M=
55,16,DdnMWCZGnpGCDQwxkMDK8iBcYY8=,+xMzJ4Wvt4Kntq44QyKZEvPrXlQ=
57,16,DdnMWCZGnpGCDQwxkMDK8iBcYY8=,ZFQ7YKem1oTcG/VpR6VhvUw7Y8M=
58,16,DdnMWCZGnpGCDQwxkMDK8iBcYY8=,ZFQ7YKem1oTcG/VpR6VhvUw7Y8M=
56,16,DdnMWCZGnpGCDQwxkMDK8iBcYY8=,ZFQ7YKem1oTcG/VpR6VhvUw7Y8M=
52,1,uwxMgrFVtoBmgyNFyZa9sa78sKQ=,i/mwdn5n9PaRG+S/g5a94sUEPq8=
53,6,uwxMgrFVtoBmgyNFyZa9sa78sKQ=,i/mwdn5n9PaRG+S/g5a94sUEPq8=
54,4,uwxMgrFVtoBmgyNFyZa9sa78sKQ=,i/mwdn5n9PaRG+S/g5a94sUEPq8=
53,4,uwxMgrFVtoBmgyNFyZa9sa78sKQ=,i/mwdn5n9PaRG+S/g5a94sUEPq8=
52,4,uwxMgrFVtoBmgyNFyZa9sa78sKQ=,i/mwdn5n9PaRG+S/g5a94sUEPq8=
51,4,uwxMgrFVtoBmgyNFyZa9sa78sKQ=,i/mwdn5n9PaRG+S/g5a94sUEPq8=
49,4,uwxMgrFVtoBmgyNFyZa9sa78sKQ=,i/mwdn5n9PaRG+S/g5a94sUEPq8=
49,2,uwxMgrFVtoBmgyNFyZa9sa78sKQ=,i/mwdn5n9PaRG+S/g5a94sUEPq8=
50,4,uwxMgrFVtoBmgyNFyZa9sa78sKQ=,i/mwdn5n9PaRG+S/g5a94sUEPq8=
52,6,uwxMgrFVtoBmgyNFyZa9sa78sKQ=,i/mwdn5n9PaRG+S/g5a94sUEPq8=
54,3,uwxMgrFVtoBmgyNFyZa9sa78sKQ=,i/mwdn5n9PaRG+S/g5a94sUEPq8=
50,1,uwxMgrFVtoBmgyNFyZa9sa78sKQ=,i/mwdn5n9PaRG+S/g5a94sUEPq8=
51,1,uwxMgrFVtoBmgyNFyZa9sa78sKQ=,i/mwdn5n9PaRG+S/g5a94sUEPq8=
49,1,uwxMgrFVtoBmgyNFyZa9sa78sKQ=,i/mwdn5n9PaRG+S/g5a94sUEPq8=
53,3,uwxMgrFVtoBmgyNFyZa9sa78sKQ=,i/mwdn5n9PaRG+S/g5a94sUEPq8=
49,3,uwxMgrFVtoBmgyNFyZa9sa78sKQ=,i/mwdn5n9PaRG+S/g5a94sUEPq8=
51,6,uwxMgrFVtoBmgyNFyZa9sa78sKQ=,i/mwdn5n9PaRG+S/g5a94sUEPq8=
52,3,uwxMgrFVtoBmgyNFyZa9sa78sKQ=,i/mwdn5n9PaRG+S/g5a94sUEPq8=
53,5,uwxMgrFVtoBmgyNFyZa9sa78sKQ=,i/mwdn5n9PaRG+S/g5a94sUEPq8=
52,5,uwxMgrFVtoBmgyNFyZa9sa78sKQ=,i/mwdn5n9PaRG+S/g5a94sUEPq8=
51,5,uwxMgrFVtoBmgyNFyZa9sa78sKQ=,i/mwdn5n9PaRG+S/g5a94sUEPq8=
50,6,uwxMgrFVtoBmgyNFyZa9sa78sKQ=,i/mwdn5n9PaRG+S/g5a94sUEPq8=
50,5,uwxMgrFVtoBmgyNFyZa9sa78sKQ=,i/mwdn5n9PaRG+S/g5a94sUEPq8=
49,6,uwxMgrFVtoBmgyNFyZa9sa78sKQ=,i/mwdn5n9PaRG+S/g5a94sUEPq8=
49,5,uwxMgrFVtoBmgyNFyZa9sa78sKQ=,i/mwdn5n9PaRG+S/g5a94sUEPq8=
60,13,uwxMgrFVtoBmgyNFyZa9sa78sKQ=,mhoGU8IqRazpJMXVxa3V7WmK8is=
59,13,uwxMgrFVtoBmgyNFyZa9sa78sKQ=,mhoGU8IqRazpJMXVxa3V7WmK8is=
61,13,uwxMgrFVtoBmgyNFyZa9sa78sKQ=,mhoGU8IqRazpJMXVxa3V7WmK8is=
58,13,uwxMgrFVtoBmgyNFyZa9sa78sKQ=,mhoGU8IqRazpJMXVxa3V7WmK8is=
57,13,uwxMgrFVtoBmgyNFyZa9sa78sKQ=,mhoGU8IqRazpJMXVxa3V7WmK8is=
62,12,uwxMgrFVtoBmgyNFyZa9sa78sKQ=,mhoGU8IqRazpJMXVxa3V7WmK8is=
60,12,uwxMgrFVtoBmgyNFyZa9sa78sKQ=,mhoGU8IqRazpJMXVxa3V7WmK8is=
59,12,uwxMgrFVtoBmgyNFyZa9sa78sKQ=,mhoGU8IqRazpJMXVxa3V7WmK8is=
61,12,uwxMgrFVtoBmgyNFyZa9sa78sKQ=,mhoGU8IqRazpJMXVxa3V7WmK8is=
57,12,uwxMgrFVtoBmgyNFyZa9sa78sKQ=,mhoGU8IqRazpJMXVxa3V7WmK8is=
58,12,uwxMgrFVtoBmgyNFyZa9sa78sKQ=,mhoGU8IqRazpJMXVxa3V7WmK8is=
62,11,uwxMgrFVtoBmgyNFyZa9sa78sKQ=,mhoGU8IqRazpJMXVxa3V7WmK8is=
61,11,uwxMgrFVtoBmgyNFyZa9sa78sKQ=,mhoGU8IqRazpJMXVxa3V7WmK8is=
59,11,B308XwXL4FWXjMNdMySUMafwXtw=,mhoGU8IqRazpJMXVxa3V7WmK8is=
62,13,B308XwXL4FWXjMNdMySUMafwXtw=,mhoGU8IqRazpJMXVxa3V7WmK8is=
58,11,B308XwXL4FWXjMNdMySUMafwXtw=,mhoGU8IqRazpJMXVxa3V7WmK8is=
57,11,B308XwXL4FWXjMNdMySUMafwXtw=,mhoGU8IqRazpJMXVxa3V7WmK8is=
62,10,B308XwXL4FWXjMNdMySUMafwXtw=,mhoGU8IqRazpJMXVxa3V7WmK8is=
61,10,B308XwXL4FWXjMNdMySUMafwXtw=,mhoGU8IqRazpJMXVxa3V7WmK8is=
60,10,B308XwXL4FWXjMNdMySUMafwXtw=,mhoGU8IqRazpJMXVxa3V7WmK8is=
57,14,B308XwXL4FWXjMNdMySUMafwXtw=,mhoGU8IqRazpJMXVxa3V7WmK8is=
58,10,B308XwXL4FWXjMNdMySUMafwXtw=,mhoGU8IqRazpJMXVxa3V7WmK8is=
59,10,B308XwXL4FWXjMNdMySUMafwXtw=,mhoGU8IqRazpJMXVxa3V7WmK8is=
62,9,B308XwXL4FWXjMNdMySUMafwXtw=,mhoGU8IqRazpJMXVxa3V7WmK8is=
57,10,B308XwXL4FWXjMNdMySUMafwXtw=,mhoGU8IqRazpJMXVxa3V7WmK8is=
61,9,B308XwXL4FWXjMNdMySUMafwXtw=,mhoGU8IqRazpJMXVxa3V7WmK8is=
58,14,B308XwXL4FWXjMNdMySUMafwXtw=,mhoGU8IqRazpJMXVxa3V7WmK8is=
60,11,B308XwXL4FWXjMNdMySUMafwXtw=,mhoGU8IqRazpJMXVxa3V7WmK8is=
54,2,B308XwXL4FWXjMNdMySUMafwXtw=,i/mwdn5n9PaRG+S/g5a94sUEPq8=
60,9,B308XwXL4FWXjMNdMySUMafwXtw=,mhoGU8IqRazpJMXVxa3V7WmK8is=
59,9,B308XwXL4FWXjMNdMySUMafwXtw=,mhoGU8IqRazpJMXVxa3V7WmK8is=
58,9,B308XwXL4FWXjMNdMySUMafwXtw=,mhoGU8IqRazpJMXVxa3V7WmK8is=
51,3,B308XwXL4FWXjMNdMySUMafwXtw=,i/mwdn5n9PaRG+S/g5a94sUEPq8=
54,6,B308XwXL4FWXjMNdMySUMafwXtw=,i/mwdn5n9PaRG+S/g5a94sUEPq8=
57,9,B308XwXL4FWXjMNdMySUMafwXtw=,mhoGU8IqRazpJMXVxa3V7WmK8is=
50,3,B308XwXL4FWXjMNdMySUMafwXtw=,i/mwdn5n9PaRG+S/g5a94sUEPq8=
62,14,B308XwXL4FWXjMNdMySUMafwXtw=,mhoGU8IqRazpJMXVxa3V7WmK8is=
61,14,B308XwXL4FWXjMNdMySUMafwXtw=,mhoGU8IqRazpJMXVxa3V7WmK8is=
60,14,B308XwXL4FWXjMNdMySUMafwXtw=,mhoGU8IqRazpJMXVxa3V7WmK8is=
53,2,B308XwXL4FWXjMNdMySUMafwXtw=,i/mwdn5n9PaRG+S/g5a94sUEPq8=
54,1,B308XwXL4FWXjMNdMySUMafwXtw=,i/mwdn5n9PaRG+S/g5a94sUEPq8=
54,5,B308XwXL4FWXjMNdMySUMafwXtw=,i/mwdn5n9PaRG+S/g5a94sUEPq8=
52,2,B308XwXL4FWXjMNdMySUMafwXtw=,i/mwdn5n9PaRG+S/g5a94sUEPq8=
50,2,B308XwXL4FWXjMNdMySUMafwXtw=,i/mwdn5n9PaRG+S/g5a94sUEPq8=
59,14,B308XwXL4FWXjMNdMySUMafwXtw=,mhoGU8IqRazpJMXVxa3V7WmK8is=
51,2,B308XwXL4FWXjMNdMySUMafwXtw=,i/mwdn5n9PaRG+S/g5a94sUEPq8=
52,7,B308XwXL4FWXjMNdMySUMafwXtw=,i/mwdn5n9PaRG+S/g5a94sUEPq8=
53,1,B308XwXL4FWXjMNdMySUMafwXtw=,i/mwdn5n9PaRG+S/g5a94sUEPq8=
55,14,B308XwXL4FWXjMNdMySUMafwXtw=,PSzBQfdS7JtCW+/NOlAxuDTlDqI=
54,14,B308XwXL4FWXjMNdMySUMafwXtw=,PSzBQfdS7JtCW+/NOlAxuDTlDqI=
53,14,B308XwXL4FWXjMNdMySUMafwXtw=,PSzBQfdS7JtCW+/NOlAxuDTlDqI=
51,7,B308XwXL4FWXjMNdMySUMafwXtw=,i/mwdn5n9PaRG+S/g5a94sUEPq8=
52,14,B308XwXL4FWXjMNdMySUMafwXtw=,PSzBQfdS7JtCW+/NOlAxuDTlDqI=
51,14,B308XwXL4FWXjMNdMySUMafwXtw=,PSzBQfdS7JtCW+/NOlAxuDTlDqI=
60,3,B308XwXL4FWXjMNdMySUMafwXtw=,jiZz04cSmhr5C3CiCtmvB1b5n9Q=
53,7,B308XwXL4FWXjMNdMySUMafwXtw=,i/mwdn5n9PaRG+S/g5a94sUEPq8=
50,14,B308XwXL4FWXjMNdMySUMafwXtw=,PSzBQfdS7JtCW+/NOlAxuDTlDqI=
56,13,B308XwXL4FWXjMNdMySUMafwXtw=,mhoGU8IqRazpJMXVxa3V7WmK8is=
49,14,B308XwXL4FWXjMNdMySUMafwXtw=,PSzBQfdS7JtCW+/NOlAxuDTlDqI=
50,7,B308XwXL4FWXjMNdMySUMafwXtw=,i/mwdn5n9PaRG+S/g5a94sUEPq8=
54,7,B308XwXL4FWXjMNdMySUMafwXtw=,i/mwdn5n9PaRG+S/g5a94sUEPq8=
49,7,B308XwXL4FWXjMNdMySUMafwXtw=,i/mwdn5n9PaRG+S/g5a94sUEPq8=
59,3,B308XwXL4FWXjMNdMySUMafwXtw=,jiZz04cSmhr5C3CiCtmvB1b5n9Q=
55,7,B308XwXL4FWXjMNdMySUMafwXtw=,i/mwdn5n9PaRG+S/g5a94sUEPq8=
56,12,B308XwXL4FWXjMNdMySUMafwXtw=,mhoGU8IqRazpJMXVxa3V7WmK8is=
55,13,B308XwXL4FWXjMNdMySUMafwXtw=,PSzBQfdS7JtCW+/NOlAxuDTlDqI=
54,13,B308XwXL4FWXjMNdMySUMafwXtw=,PSzBQfdS7JtCW+/NOlAxuDTlDqI=
49,8,B308XwXL4FWXjMNdMySUMafwXtw=,PSzBQfdS7JtCW+/NOlAxuDTlDqI=
56,11,B308XwXL4FWXjMNdMySUMafwXtw=,mhoGU8IqRazpJMXVxa3V7WmK8is=
61,3,B308XwXL4FWXjMNdMySUMafwXtw=,jiZz04cSmhr5C3CiCtmvB1b5n9Q=
53,13,B308XwXL4FWXjMNdMySUMafwXtw=,PSzBQfdS7JtCW+/NOlAxuDTlDqI=
52,13,B308XwXL4FWXjMNdMySUMafwXtw=,PSzBQfdS7JtCW+/NOlAxuDTlDqI=
51,13,B308XwXL4FWXjMNdMySUMafwXtw=,PSzBQfdS7JtCW+/NOlAxuDTlDqI=
50,13,B308XwXL4FWXjMNdMySUMafwXtw=,PSzBQfdS7JtCW+/NOlAxuDTlDqI=
50,8,B308XwXL4FWXjMNdMySUMafwXtw=,PSzBQfdS7JtCW+/NOlAxuDTlDqI=
56,8,B308XwXL4FWXjMNdMySUMafwXtw=,mhoGU8IqRazpJMXVxa3V7WmK8is=
49,13,B308XwXL4FWXjMNdMySUMafwXtw=,PSzBQfdS7JtCW+/NOlAxuDTlDqI=
55,12,B308XwXL4FWXjMNdMySUMafwXtw=,PSzBQfdS7JtCW+/NOlAxuDTlDqI=
54,12,B308XwXL4FWXjMNdMySUMafwXtw=,PSzBQfdS7JtCW+/NOlAxuDTlDqI=
53,12,B308XwXL4FWXjMNdMySUMafwXtw=,PSzBQfdS7JtCW+/NOlAxuDTlDqI=
52,12,B308XwXL4FWXjMNdMySUMafwXtw=,PSzBQfdS7JtCW+/NOlAxuDTlDqI=
51,8,B308XwXL4FWXjMNdMySUMafwXtw=,PSzBQfdS7JtCW+/NOlAxuDTlDqI=
51,12,B308XwXL4FWXjMNdMySUMafwXtw=,PSzBQfdS7JtCW+/NOlAxuDTlDqI=
55,1,B308XwXL4FWXjMNdMySUMafwXtw=,i/mwdn5n9PaRG+S/g5a94sUEPq8=
55,4,B308XwXL4FWXjMNdMySUMafwXtw=,i/mwdn5n9PaRG+S/g5a94sUEPq8=
50,12,B308XwXL4FWXjMNdMySUMafwXtw=,PSzBQfdS7JtCW+/NOlAxuDTlDqI=
49,12,B308XwXL4FWXjMNdMySUMafwXtw=,PSzBQfdS7JtCW+/NOlAxuDTlDqI=
56,10,B308XwXL4FWXjMNdMySUMafwXtw=,mhoGU8IqRazpJMXVxa3V7WmK8is=
52,8,B308XwXL4FWXjMNdMySUMafwXtw=,PSzBQfdS7JtCW+/NOlAxuDTlDqI=
62,3,B308XwXL4FWXjMNdMySUMafwXtw=,jiZz04cSmhr5C3CiCtmvB1b5n9Q=
55,11,B308XwXL4FWXjMNdMySUMafwXtw=,PSzBQfdS7JtCW+/NOlAxuDTlDqI=
54,11,B308XwXL4FWXjMNdMySUMafwXtw=,PSzBQfdS7JtCW+/NOlAxuDTlDqI=
53,11,B308XwXL4FWXjMNdMySUMafwXtw=,PSzBQfdS7JtCW+/NOlAxuDTlDqI=
58,3,B308XwXL4FWXjMNdMySUMafwXtw=,jiZz04cSmhr5C3CiCtmvB1b5n9Q=
52,11,B308XwXL4FWXjMNdMySUMafwXtw=,PSzBQfdS7JtCW+/NOlAxuDTlDqI=
53,8,B308XwXL4FWXjMNdMySUMafwXtw=,PSzBQfdS7JtCW+/NOlAxuDTlDqI=
57,8,B308XwXL4FWXjMNdMySUMafwXtw=,mhoGU8IqRazpJMXVxa3V7WmK8is=
51,11,B308XwXL4FWXjMNdMySUMafwXtw=,PSzBQfdS7JtCW+/NOlAxuDTlDqI=
50,11,B308XwXL4FWXjMNdMySUMafwXtw=,PSzBQfdS7JtCW+/NOlAxuDTlDqI=
49,11,B308XwXL4FWXjMNdMySUMafwXtw=,PSzBQfdS7JtCW+/NOlAxuDTlDqI=
55,10,B308XwXL4FWXjMNdMySUMafwXtw=,PSzBQfdS7JtCW+/NOlAxuDTlDqI=
54,8,B308XwXL4FWXjMNdMySUMafwXtw=,PSzBQfdS7JtCW+/NOlAxuDTlDqI=
55,8,B308XwXL4FWXjMNdMySUMafwXtw=,PSzBQfdS7JtCW+/NOlAxuDTlDqI=
53,10,B308XwXL4FWXjMNdMySUMafwXtw=,PSzBQfdS7JtCW+/NOlAxuDTlDqI=
54,10,B308XwXL4FWXjMNdMySUMafwXtw=,PSzBQfdS7JtCW+/NOlAxuDTlDqI=
52,10,B308XwXL4FWXjMNdMySUMafwXtw=,PSzBQfdS7JtCW+/NOlAxuDTlDqI=
51,10,B308XwXL4FWXjMNdMySUMafwXtw=,PSzBQfdS7JtCW+/NOlAxuDTlDqI=
56,14,B308XwXL4FWXjMNdMySUMafwXtw=,mhoGU8IqRazpJMXVxa3V7WmK8is=
50,10,B308XwXL4FWXjMNdMySUMafwXtw=,PSzBQfdS7JtCW+/NOlAxuDTlDqI=
49,10,B308XwXL4FWXjMNdMySUMafwXtw=,PSzBQfdS7JtCW+/NOlAxuDTlDqI=
56,9,B308XwXL4FWXjMNdMySUMafwXtw=,mhoGU8IqRazpJMXVxa3V7WmK8is=
58,8,B308XwXL4FWXjMNdMySUMafwXtw=,mhoGU8IqRazpJMXVxa3V7WmK8is=
55,9,B308XwXL4FWXjMNdMySUMafwXtw=,PSzBQfdS7JtCW+/NOlAxuDTlDqI=
54,9,B308XwXL4FWXjMNdMySUMafwXtw=,PSzBQfdS7JtCW+/NOlAxuDTlDqI=
49,9,B308XwXL4FWXjMNdMySUMafwXtw=,PSzBQfdS7JtCW+/NOlAxuDTlDqI=
53,9,B308XwXL4FWXjMNdMySUMafwXtw=,PSzBQfdS7JtCW+/NOlAxuDTlDqI=
52,9,B308XwXL4FWXjMNdMySUMafwXtw=,PSzBQfdS7JtCW+/NOlAxuDTlDqI=
51,9,B308XwXL4FWXjMNdMySUMafwXtw=,PSzBQfdS7JtCW+/NOlAxuDTlDqI=
59,8,B308XwXL4FWXjMNdMySUMafwXtw=,mhoGU8IqRazpJMXVxa3V7WmK8is=
62,7,B308XwXL4FWXjMNdMySUMafwXtw=,jiZz04cSmhr5C3CiCtmvB1b5n9Q=
50,9,B308XwXL4FWXjMNdMySUMafwXtw=,PSzBQfdS7JtCW+/NOlAxuDTlDqI=
57,3,B308XwXL4FWXjMNdMySUMafwXtw=,jiZz04cSmhr5C3CiCtmvB1b5n9Q=
61,7,B308XwXL4FWXjMNdMySUMafwXtw=,jiZz04cSmhr5C3CiCtmvB1b5n9Q=
56,3,B308XwXL4FWXjMNdMySUMafwXtw=,jiZz04cSmhr5C3CiCtmvB1b5n9Q=
62,2,B308XwXL4FWXjMNdMySUMafwXtw=,jiZz04cSmhr5C3CiCtmvB1b5n9Q=
60,2,B308XwXL4FWXjMNdMySUMafwXtw=,jiZz04cSmhr5C3CiCtmvB1b5n9Q=
60,8,B308XwXL4FWXjMNdMySUMafwXtw=,mhoGU8IqRazpJMXVxa3V7WmK8is=
61,2,B308XwXL4FWXjMNdMySUMafwXtw=,jiZz04cSmhr5C3CiCtmvB1b5n9Q=
59,2,B308XwXL4FWXjMNdMySUMafwXtw=,jiZz04cSmhr5C3CiCtmvB1b5n9Q=
60,7,B308XwXL4FWXjMNdMySUMafwXtw=,jiZz04cSmhr5C3CiCtmvB1b5n9Q=
59,7,B308XwXL4FWXjMNdMySUMafwXtw=,jiZz04cSmhr5C3CiCtmvB1b5n9Q=
56,4,B308XwXL4FWXjMNdMySUMafwXtw=,jiZz04cSmhr5C3CiCtmvB1b5n9Q=
58,7,B308XwXL4FWXjMNdMySUMafwXtw=,jiZz04cSmhr5C3CiCtmvB1b5n9Q=
57,7,B308XwXL4FWXjMNdMySUMafwXtw=,jiZz04cSmhr5C3CiCtmvB1b5n9Q=
55,3,B308XwXL4FWXjMNdMySUMafwXtw=,i/mwdn5n9PaRG+S/g5a94sUEPq8=
56,7,B308XwXL4FWXjMNdMySUMafwXtw=,jiZz04cSmhr5C3CiCtmvB1b5n9Q=
62,6,B308XwXL4FWXjMNdMySUMafwXtw=,jiZz04cSmhr5C3CiCtmvB1b5n9Q=
61,6,B308XwXL4FWXjMNdMySUMafwXtw=,jiZz04cSmhr5C3CiCtmvB1b5n9Q=
61,8,B308XwXL4FWXjMNdMySUMafwXtw=,mhoGU8IqRazpJMXVxa3V7WmK8is=
60,6,B308XwXL4FWXjMNdMySUMafwXtw=,jiZz04cSmhr5C3CiCtmvB1b5n9Q=
59,6,B308XwXL4FWXjMNdMySUMafwXtw=,jiZz04cSmhr5C3CiCtmvB1b5n9Q=
58,6,B308XwXL4FWXjMNdMySUMafwXtw=,jiZz04cSmhr5C3CiCtmvB1b5n9Q=
57,6,B308XwXL4FWXjMNdMySUMafwXtw=,jiZz04cSmhr5C3CiCtmvB1b5n9Q=
56,6,B308XwXL4FWXjMNdMySUMafwXtw=,jiZz04cSmhr5C3CiCtmvB1b5n9Q=
62,5,B308XwXL4FWXjMNdMySUMafwXtw=,jiZz04cSmhr5C3CiCtmvB1b5n9Q=
58,2,B308XwXL4FWXjMNdMySUMafwXtw=,jiZz04cSmhr5C3CiCtmvB1b5n9Q=
62,8,B308XwXL4FWXjMNdMySUMafwXtw=,mhoGU8IqRazpJMXVxa3V7WmK8is=
61,5,B308XwXL4FWXjMNdMySUMafwXtw=,jiZz04cSmhr5C3CiCtmvB1b5n9Q=
57,2,B308XwXL4FWXjMNdMySUMafwXtw=,jiZz04cSmhr5C3CiCtmvB1b5n9Q=
59,5,B308XwXL4FWXjMNdMySUMafwXtw=,jiZz04cSmhr5C3CiCtmvB1b5n9Q=
60,5,B308XwXL4FWXjMNdMySUMafwXtw=,jiZz04cSmhr5C3CiCtmvB1b5n9Q=
56,2,B308XwXL4FWXjMNdMySUMafwXtw=,jiZz04cSmhr5C3CiCtmvB1b5n9Q=
62,1,B308XwXL4FWXjMNdMySUMafwXtw=,jiZz04cSmhr5C3CiCtmvB1b5n9Q=
61,1,B308XwXL4FWXjMNdMySUMafwXtw=,jiZz04cSmhr5C3CiCtmvB1b5n9Q=
57,4,B308XwXL4FWXjMNdMySUMafwXtw=,jiZz04cSmhr5C3CiCtmvB1b5n9Q=
60,1,B308XwXL4FWXjMNdMySUMafwXtw=,jiZz04cSmhr5C3CiCtmvB1b5n9Q=
59,1,B308XwXL4FWXjMNdMySUMafwXtw=,jiZz04cSmhr5C3CiCtmvB1b5n9Q=
58,1,B308XwXL4FWXjMNdMySUMafwXtw=,jiZz04cSmhr5C3CiCtmvB1b5n9Q=
58,5,B308XwXL4FWXjMNdMySUMafwXtw=,jiZz04cSmhr5C3CiCtmvB1b5n9Q=
57,1,B308XwXL4FWXjMNdMySUMafwXtw=,jiZz04cSmhr5C3CiCtmvB1b5n9Q=
56,1,B308XwXL4FWXjMNdMySUMafwXtw=,jiZz04cSmhr5C3CiCtmvB1b5n9Q=
57,5,B308XwXL4FWXjMNdMySUMafwXtw=,jiZz04cSmhr5C3CiCtmvB1b5n9Q=
58,4,B308XwXL4FWXjMNdMySUMafwXtw=,jiZz04cSmhr5C3CiCtmvB1b5n9Q=
56,5,B308XwXL4FWXjMNdMySUMafwXtw=,jiZz04cSmhr5C3CiCtmvB1b5n9Q=
55,2,B308XwXL4FWXjMNdMySUMafwXtw=,i/mwdn5n9PaRG+S/g5a94sUEPq8=
62,4,B308XwXL4FWXjMNdMySUMafwXtw=,jiZz04cSmhr5C3CiCtmvB1b5n9Q=
61,4,B308XwXL4FWXjMNdMySUMafwXtw=,jiZz04cSmhr5C3CiCtmvB1b5n9Q=
59,4,B308XwXL4FWXjMNdMySUMafwXtw=,jiZz04cSmhr5C3CiCtmvB1b5n9Q=
55,6,B308XwXL4FWXjMNdMySUMafwXtw=,i/mwdn5n9PaRG+S/g5a94sUEPq8=
60,4,B308XwXL4FWXjMNdMySUMafwXtw=,jiZz04cSmhr5C3CiCtmvB1b5n9Q=
55,5,B308XwXL4FWXjMNdMySUMafwXtw=,i/mwdn5n9PaRG+S/g5a94sUEPq8=
57,0,B308XwXL4FWXjMNdMySUMafwXtw=,jiZz04cSmhr5C3CiCtmvB1b5n9Q=
51,0,B308XwXL4FWXjMNdMySUMafwXtw=,i/mwdn5n9PaRG+S/g5a94sUEPq8=
61,0,B308XwXL4FWXjMNdMySUMafwXtw=,jiZz04cSmhr5C3CiCtmvB1b5n9Q=
62,0,B308XwXL4FWXjMNdMySUMafwXtw=,jiZz04cSmhr5C3CiCtmvB1b5n9Q=
49,0,B308XwXL4FWXjMNdMySUMafwXtw=,i/mwdn5n9PaRG+S/g5a94sUEPq8=
63,13,B308XwXL4FWXjMNdMySUMafwXtw=,mhoGU8IqRazpJMXVxa3V7WmK8is=
55,0,B308XwXL4FWXjMNdMySUMafwXtw=,i/mwdn5n9PaRG+S/g5a94sUEPq8=
53,0,B308XwXL4FWXjMNdMySUMafwXtw=,i/mwdn5n9PaRG+S/g5a94sUEPq8=
60,0,B308XwXL4FWXjMNdMySUMafwXtw=,jiZz04cSmhr5C3CiCtmvB1b5n9Q=
52,0,B308XwXL4FWXjMNdMySUMafwXtw=,i/mwdn5n9PaRG+S/g5a94sUEPq8=
54,0,B308XwXL4FWXjMNdMySUMafwXtw=,i/mwdn5n9PaRG+S/g5a94sUEPq8=
63,14,B308XwXL4FWXjMNdMySUMafwXtw=,mhoGU8IqRazpJMXVxa3V7WmK8is=
63,12,B308XwXL4FWXjMNdMySUMafwXtw=,mhoGU8IqRazpJMXVxa3V7WmK8is=
59,0,B308XwXL4FWXjMNdMySUMafwXtw=,jiZz04cSmhr5C3CiCtmvB1b5n9Q=
50,0,B308XwXL4FWXjMNdMySUMafwXtw=,i/mwdn5n9PaRG+S/g5a94sUEPq8=
56,0,B308XwXL4FWXjMNdMySUMafwXtw=,jiZz04cSmhr5C3CiCtmvB1b5n9Q=
58,0,B308XwXL4FWXjMNdMySUMafwXtw=,jiZz04cSmhr5C3CiCtmvB1b5n9Q=
63,11,B308XwXL4FWXjMNdMySUMafwXtw=,mhoGU8IqRazpJMXVxa3V7WmK8is=
63,9,B308XwXL4FWXjMNdMySUMafwXtw=,mhoGU8IqRazpJMXVxa3V7WmK8is=
63,1,B308XwXL4FWXjMNdMySUMafwXtw=,jiZz04cSmhr5C3CiCtmvB1b5n9Q=
63,7,B308XwXL4FWXjMNdMySUMafwXtw=,jiZz04cSmhr5C3CiCtmvB1b5n9Q=
63,10,B308XwXL4FWXjMNdMySUMafwXtw=,mhoGU8IqRazpJMXVxa3V7WmK8is=
63,5,B308XwXL4FWXjMNdMySUMafwXtw=,jiZz04cSmhr5C3CiCtmvB1b5n9Q=
63,4,B308XwXL4FWXjMNdMySUMafwXtw=,jiZz04cSmhr5C3CiCtmvB1b5n9Q=
63,6,B308XwXL4FWXjMNdMySUMafwXtw=,jiZz04cSmhr5C3CiCtmvB1b5n9Q=
63,2,B308XwXL4FWXjMNdMySUMafwXtw=,jiZz04cSmhr5C3CiCtmvB1b5n9Q=
63,3,B308XwXL4FWXjMNdMySUMafwXtw=,jiZz04cSmhr5C3CiCtmvB1b5n9Q=
63,8,B308XwXL4FWXjMNdMySUMafwXtw=,mhoGU8IqRazpJMXVxa3V7WmK8is=
48,2,B308XwXL4FWXjMNdMySUMafwXtw=,i/mwdn5n9PaRG+S/g5a94sUEPq8=
48,0,B308XwXL4FWXjMNdMySUMafwXtw=,i/mwdn5n9PaRG+S/g5a94sUEPq8=
48,3,B308XwXL4FWXjMNdMySUMafwXtw=,i/mwdn5n9PaRG+S/g5a94sUEPq8=
48,4,B308XwXL4FWXjMNdMySUMafwXtw=,i/mwdn5n9PaRG+S/g5a94sUEPq8=
48,1,B308XwXL4FWXjMNdMySUMafwXtw=,i/mwdn5n9PaRG+S/g5a94sUEPq8=
48,5,B308XwXL4FWXjMNdMySUMafwXtw=,i/mwdn5n9PaRG+S/g5a94sUEPq8=
48,6,B308XwXL4FWXjMNdMySUMafwXtw=,i/mwdn5n9PaRG+S/g5a94sUEPq8=
48,8,B308XwXL4FWXjMNdMySUMafwXtw=,PSzBQfdS7JtCW+/NOlAxuDTlDqI=
48,7,B308XwXL4FWXjMNdMySUMafwXtw=,i/mwdn5n9PaRG+S/g5a94sUEPq8=
48,12,B308XwXL4FWXjMNdMySUMafwXtw=,PSzBQfdS7JtCW+/NOlAxuDTlDqI=
48,14,B308XwXL4FWXjMNdMySUMafwXtw=,PSzBQfdS7JtCW+/NOlAxuDTlDqI=
57,15,B308XwXL4FWXjMNdMySUMafwXtw=,mhoGU8IqRazpJMXVxa3V7WmK8is=
52,15,B308XwXL4FWXjMNdMySUMafwXtw=,PSzBQfdS7JtCW+/NOlAxuDTlDqI=
48,13,B308XwXL4FWXjMNdMySUMafwXtw=,PSzBQfdS7JtCW+/NOlAxuDTlDqI=
48,9,B308XwXL4FWXjMNdMySUMafwXtw=,PSzBQfdS7JtCW+/NOlAxuDTlDqI=
48,11,B308XwXL4FWXjMNdMySUMafwXtw=,PSzBQfdS7JtCW+/NOlAxuDTlDqI=
58,15,B308XwXL4FWXjMNdMySUMafwXtw=,mhoGU8IqRazpJMXVxa3V7WmK8is=
51,15,B308XwXL4FWXjMNdMySUMafwXtw=,PSzBQfdS7JtCW+/NOlAxuDTlDqI=
48,10,B308XwXL4FWXjMNdMySUMafwXtw=,PSzBQfdS7JtCW+/NOlAxuDTlDqI=
50,15,B308XwXL4FWXjMNdMySUMafwXtw=,PSzBQfdS7JtCW+/NOlAxuDTlDqI=
53,15,B308XwXL4FWXjMNdMySUMafwXtw=,PSzBQfdS7JtCW+/NOlAxuDTlDqI=
56,15,B308XwXL4FWXjMNdMySUMafwXtw=,mhoGU8IqRazpJMXVxa3V7WmK8is=
49,15,B308XwXL4FWXjMNdMySUMafwXtw=,PSzBQfdS7JtCW+/NOlAxuDTlDqI=
59,15,B308XwXL4FWXjMNdMySUMafwXtw=,mhoGU8IqRazpJMXVxa3V7WmK8is=
55,15,B308XwXL4FWXjMNdMySUMafwXtw=,PSzBQfdS7JtCW+/NOlAxuDTlDqI=
61,15,B308XwXL4FWXjMNdMySUMafwXtw=,mhoGU8IqRazpJMXVxa3V7WmK8is=
54,15,B308XwXL4FWXjMNdMySUMafwXtw=,PSzBQfdS7JtCW+/NOlAxuDTlDqI=
60,15,B308XwXL4FWXjMNdMySUMafwXtw=,mhoGU8IqRazpJMXVxa3V7WmK8is=
62,15,B308XwXL4FWXjMNdMySUMafwXtw=,mhoGU8IqRazpJMXVxa3V7WmK8is=
63,0,B308XwXL4FWXjMNdMySUMafwXtw=,jiZz04cSmhr5C3CiCtmvB1b5n9Q=
63,15,B308XwXL4FWXjMNdMySUMafwXtw=,mhoGU8IqRazpJMXVxa3V7WmK8is=
48,15,B308XwXL4FWXjMNdMySUMafwXtw=,PSzBQfdS7JtCW+/NOlAxuDTlDqI=
