14,14,aQCfmIa/eJtwv20io0J1+zPAAx8=,l09u8IJctz8LuEU+7CqimIXVpUE=
13,14,aQCfmIa/eJtwv20io0J1+zPAAx8=,l09u8IJctz8LuEU+7CqimIXVpUE=
12,14,aQCfmIa/eJtwv20io0J1+zPAAx8=,l09u8IJctz8LuEU+7CqimIXVpUE=
11,14,aQCfmIa/eJtwv20io0J1+zPAAx8=,l09u8IJctz8LuEU+7CqimIXVpUE=
11,13,aQCfmIa/eJtwv20io0J1+zPAAx8=,l09u8IJctz8LuEU+7CqimIXVpUE=
10,12,aQCfmIa/eJtwv20io0J1+zPAAx8=,l09u8IJctz8LuEU+7CqimIXVpUE=
11,12,aQCfmIa/eJtwv20io0J1+zPAAx8=,l09u8IJctz8LuEU+7CqimIXVpUE=
11,9,aQCfmIa/eJtwv20io0J1+zPAAx8=,l09u8IJctz8LuEU+7CqimIXVpUE=
10,9,aQCfmIa/eJtwv20io0J1+zPAAx8=,l09u8IJctz8LuEU+7CqimIXVpUE=
9,12,aQCfmIa/eJtwv20io0J1+zPAAx8=,l09u8IJctz8LuEU+7CqimIXVpUE=
11,11,aQCfmIa/eJtwv20io0J1+zPAAx8=,l09u8IJctz8LuEU+7CqimIXVpUE=
10,11,aQCfmIa/eJtwv20io0J1+zPAAx8=,l09u8IJctz8LuEU+7CqimIXVpUE=
9,9,aQCfmIa/eJtwv20io0J1+zPAAx8=,l09u8IJctz8LuEU+7CqimIXVpUE=
11,10,aQCfmIa/eJtwv20io0J1+zPAAx8=,l09u8IJctz8LuEU+7CqimIXVpUE=
10,13,aQCfmIa/eJtwv20io0J1+zPAAx8=,l09u8IJctz8LuEU+7CqimIXVpUE=
9,11,aQCfmIa/eJtwv20io0J1+zPAAx8=,l09u8IJctz8LuEU+7CqimIXVpUE=
10,10,aQCfmIa/eJtwv20io0J1+zPAAx8=,l09u8IJctz8LuEU+7CqimIXVpUE=
14,11,aQCfmIa/eJtwv20io0J1+zPAAx8=,l09u8IJctz8LuEU+7CqimIXVpUE=
9,10,aQCfmIa/eJtwv20io0J1+zPAAx8=,l09u8IJctz8LuEU+7CqimIXVpUE=
9,13,aQCfmIa/eJtwv20io0J1+zPAAx8=,l09u8IJctz8LuEU+7CqimIXVpUE=
8,14,aQCfmIa/eJtwv20io0J1+zPAAx8=,l09u8IJctz8LuEU+7CqimIXVpUE=
3,11,aQCfmIa/eJtwv20io0J1+zPAAx8=,QdgMLcB2/sFANzt+sLkkGOlsKU8=
3,12,aQCfmIa/eJtwv20io0J1+zPAAx8=,QdgMLcB2/sFANzt+sLkkGOlsKU8=
2,11,aQCfmIa/eJtwv20io0J1+zPAAx8=,QdgMLcB2/sFANzt+sLkkGOlsKU8=
2,12,aQCfmIa/eJtwv20io0J1+zPAAx8=,QdgMLcB2/sFANzt+sLkkGOlsKU8=
5,11,aQCfmIa/eJtwv20io0J1+zPAAx8=,QdgMLcB2/sFANzt+sLkkGOlsKU8=
4,11,aQCfmIa/eJtwv20io0J1+zPAAx8=,QdgMLcB2/sFANzt+sLkkGOlsKU8=
14,7,BcTC+B6i4o1xCef2LeShif3Cm38=,PYAHdpPg0jYQUe/6ZArk0IltO/s=
4,12,aQCfmIa/eJtwv20io0J1+zPAAx8=,QdgMLcB2/sFANzt+sLkkGOlsKU8=
13,7,BcTC+B6i4o1xCef2LeShif3Cm38=,PYAHdpPg0jYQUe/6ZArk0IltO/s=
2,9,aQCfmIa/eJtwv20io0J1+zPAAx8=,QdgMLcB2/sFANzt+sLkkGOlsKU8=
12,7,aQCfmIa/eJtwv20io0J1+zPAAx8=,PYAHdpPg0jYQUe/6ZArk0IltO/s=
5,12,aQCfmIa/eJtwv20io0J1+zPAAx8=,QdgMLcB2/sFANzt+sLkkGOlsKU8=
14,9,aQCfmIa/eJtwv20io0J1+zPAAx8=,l09u8IJctz8LuEU+7CqimIXVpUE=
8,9,aQCfmIa/eJtwv20io0J1+zPAAx8=,l09u8IJctz8LuEU+7CqimIXVpUE=
1,9,aQCfmIa/eJtwv20io0J1+zPAAx8=,QdgMLcB2/sFANzt+sLkkGOlsKU8=
11,7,aQCfmIa/eJtwv20io0J1+zPAAx8=,PYAHdpPg0jYQUe/6ZArk0IltO/s=
6,12,aQCfmIa/eJtwv20io0J1+zPAAx8=,QdgMLcB2/sFANzt+sLkkGOlsKU8=
3,14,aQCfmIa/eJtwv20io0J1+zPAAx8=,QdgMLcB2/sFANzt+sLkkGOlsKU8=
1,12,aQCfmIa/eJtwv20io0J1+zPAAx8=,QdgMLcB2/sFANzt+sLkkGOlsKU8=
2,14,aQCfmIa/eJtwv20io0J1+zPAAx8=,QdgMLcB2/sFANzt+sLkkGOlsKU8=
10,7,aQCfmIa/eJtwv20io0J1+zPAAx8=,PYAHdpPg0jYQUe/6ZArk0IltO/s=
8,12,aQCfmIa/eJtwv20io0J1+zPAAx8=,l09u8IJctz8LuEU+7CqimIXVpUE=
4,9,aQCfmIa/eJtwv20io0J1+zPAAx8=,QdgMLcB2/sFANzt+sLkkGOlsKU8=
1,11,aQCfmIa/eJtwv20io0J1+zPAAx8=,QdgMLcB2/sFANzt+sLkkGOlsKU8=
1,14,aQCfmIa/eJtwv20io0J1+zPAAx8=,QdgMLcB2/sFANzt+sLkkGOlsKU8=
7,10,aQCfmIa/eJtwv20io0J1+zPAAx8=,QdgMLcB2/sFANzt+sLkkGOlsKU8=
9,7,aQCfmIa/eJtwv20io0J1+zPAAx8=,PYAHdpPg0jYQUe/6ZArk0IltO/s=
7,13,aQCfmIa/eJtwv20io0J1+zPAAx8=,QdgMLcB2/sFANzt+sLkkGOlsKU8=
8,11,aQCfmIa/eJtwv20io0J1+zPAAx8=,l09u8IJctz8LuEU+7CqimIXVpUE=
5,9,aQCfmIa/eJtwv20io0J1+zPAAx8=,QdgMLcB2/sFANzt+sLkkGOlsKU8=
8,10,aQCfmIa/eJtwv20io0J1+zPAAx8=,l09u8IJctz8LuEU+7CqimIXVpUE=
14,6,BcTC+B6i4o1xCef2LeShif3Cm38=,PYAHdpPg0jYQUe/6ZArk0IltO/s=
6,10,aQCfmIa/eJtwv20io0J1+zPAAx8=,QdgMLcB2/sFANzt+sLkkGOlsKU8=
6,13,aQCfmIa/eJtwv20io0J1+zPAAx8=,QdgMLcB2/sFANzt+sLkkGOlsKU8=
5,13,aQCfmIa/eJtwv20io0J1+zPAAx8=,QdgMLcB2/sFANzt+sLkkGOlsKU8=
7,12,aQCfmIa/eJtwv20io0J1+zPAAx8=,QdgMLcB2/sFANzt+sLkkGOlsKU8=
7,14,aQCfmIa/eJtwv20io0J1+zPAAx8=,QdgMLcB2/sFANzt+sLkkGOlsKU8=
5,10,aQCfmIa/eJtwv20io0J1+zPAAx8=,QdgMLcB2/sFANzt+sLkkGOlsKU8=
4,13,aQCfmIa/eJtwv20io0J1+zPAAx8=,QdgMLcB2/sFANzt+sLkkGOlsKU8=
6,9,aQCfmIa/eJtwv20io0J1+zPAAx8=,QdgMLcB2/sFANzt+sLkkGOlsKU8=
13,6,BcTC+B6i4o1xCef2LeShif3Cm38=,PYAHdpPg0jYQUe/6ZArk0IltO/s=
3,13,aQCfmIa/eJtwv20io0J1+zPAAx8=,QdgMLcB2/sFANzt+sLkkGOlsKU8=
4,10,aQCfmIa/eJtwv20io0J1+zPAAx8=,QdgMLcB2/sFANzt+sLkkGOlsKU8=
8,13,aQCfmIa/eJtwv20io0J1+zPAAx8=,l09u8IJctz8LuEU+7CqimIXVpUE=
12,6,BcTC+B6i4o1xCef2LeShif3Cm38=,PYAHdpPg0jYQUe/6ZArk0IltO/s=
3,10,aQCfmIa/eJtwv20io0J1+zPAAx8=,QdgMLcB2/sFANzt+sLkkGOlsKU8=
7,9,aQCfmIa/eJtwv20io0J1+zPAAx8=,QdgMLcB2/sFANzt+sLkkGOlsKU8=
6,14,aQCfmIa/eJtwv20io0J1+zPAAx8=,QdgMLcB2/sFANzt+sLkkGOlsKU8=
2,10,aQCfmIa/eJtwv20io0J1+zPAAx8=,QdgMLcB2/sFANzt+sLkkGOlsKU8=
7,11,aQCfmIa/eJtwv20io0J1+zPAAx8=,QdgMLcB2/sFANzt+sLkkGOlsKU8=
1,10,aQCfmIa/eJtwv20io0J1+zPAAx8=,QdgMLcB2/sFANzt+sLkkGOlsKU8=
4,14,aQCfmIa/eJtwv20io0J1+zPAAx8=,QdgMLcB2/sFANzt+sLkkGOlsKU8=
5,14,aQCfmIa/eJtwv20io0J1+zPAAx8=,QdgMLcB2/sFANzt+sLkkGOlsKU8=
11,6,BcTC+B6i4o1xCef2LeShif3Cm38=,PYAHdpPg0jYQUe/6ZArk0IltO/s=
6,11,aQCfmIa/eJtwv20io0J1+zPAAx8=,QdgMLcB2/sFANzt+sLkkGOlsKU8=
2,13,aQCfmIa/eJtwv20io0J1+zPAAx8=,QdgMLcB2/sFANzt+sLkkGOlsKU8=
13,9,aQCfmIa/eJtwv20io0J1+zPAAx8=,l09u8IJctz8LuEU+7CqimIXVpUE=
14,8,aQCfmIa/eJtwv20io0J1+zPAAx8=,l09u8IJctz8LuEU+7CqimIXVpUE=
1,13,aQCfmIa/eJtwv20io0J1+zPAAx8=,QdgMLcB2/sFANzt+sLkkGOlsKU8=
13,8,aQCfmIa/eJtwv20io0J1+zPAAx8=,l09u8IJctz8LuEU+7CqimIXVpUE=
12,8,aQCfmIa/eJtwv20io0J1+zPAAx8=,l09u8IJctz8LuEU+7CqimIXVpUE=
10,6,BcTC+B6i4o1xCef2LeShif3Cm38=,PYAHdpPg0jYQUe/6ZArk0IltO/s=
11,8,aQCfmIa/eJtwv20io0J1+zPAAx8=,l09u8IJctz8LuEU+7CqimIXVpUE=
10,8,aQCfmIa/eJtwv20io0J1+zPAAx8=,l09u8IJctz8LuEU+7CqimIXVpUE=
9,8,aQCfmIa/eJtwv20io0J1+zPAAx8=,l09u8IJctz8LuEU+7CqimIXVpUE=
9,1,aQCfmIa/eJtwv20io0J1+zPAAx8=,PYAHdpPg0jYQUe/6ZArk0IltO/s=
10,1,aQCfmIa/eJtwv20io0J1+zPAAx8=,PYAHdpPg0jYQUe/6ZArk0IltO/s=
11,1,BcTC+B6i4o1xCef2LeShif3Cm38=,PYAHdpPg0jYQUe/6ZArk0IltO/s=
13,1,aQCfmIa/eJtwv20io0J1+zPAAx8=,PYAHdpPg0jYQUe/6ZArk0IltO/s=
12,1,aQCfmIa/eJtwv20io0J1+zPAAx8=,PYAHdpPg0jYQUe/6ZArk0IltO/s=
9,6,aQCfmIa/eJtwv20io0J1+zPAAx8=,PYAHdpPg0jYQUe/6ZArk0IltO/s=
13,11,aQCfmIa/eJtwv20io0J1+zPAAx8=,l09u8IJctz8LuEU+7CqimIXVpUE=
14,1,aQCfmIa/eJtwv20io0J1+zPAAx8=,PYAHdpPg0jYQUe/6ZArk0IltO/s=
10,2,aQCfmIa/eJtwv20io0J1+zPAAx8=,PYAHdpPg0jYQUe/6ZArk0IltO/s=
9,2,aQCfmIa/eJtwv20io0J1+zPAAx8=,PYAHdpPg0jYQUe/6ZArk0IltO/s=
14,5,aQCfmIa/eJtwv20io0J1+zPAAx8=,PYAHdpPg0jYQUe/6ZArk0IltO/s=
13,2,aQCfmIa/eJtwv20io0J1+zPAAx8=,PYAHdpPg0jYQUe/6ZArk0IltO/s=
12,2,aQCfmIa/eJtwv20io0J1+zPAAx8=,PYAHdpPg0jYQUe/6ZArk0IltO/s=
14,2,aQCfmIa/eJtwv20io0J1+zPAAx8=,PYAHdpPg0jYQUe/6ZArk0IltO/s=
9,3,aQCfmIa/eJtwv20io0J1+zPAAx8=,PYAHdpPg0jYQUe/6ZArk0IltO/s=
11,3,BcTC+B6i4o1xCef2LeShif3Cm38=,PYAHdpPg0jYQUe/6ZArk0IltO/s=
10,3,BcTC+B6i4o1xCef2LeShif3Cm38=,PYAHdpPg0jYQUe/6ZArk0IltO/s=
13,5,aQCfmIa/eJtwv20io0J1+zPAAx8=,PYAHdpPg0jYQUe/6ZArk0IltO/s=
12,5,aQCfmIa/eJtwv20io0J1+zPAAx8=,PYAHdpPg0jYQUe/6ZArk0IltO/s=
11,5,BcTC+B6i4o1xCef2LeShif3Cm38=,PYAHdpPg0jYQUe/6ZArk0IltO/s=
10,5,aQCfmIa/eJtwv20io0J1+zPAAx8=,PYAHdpPg0jYQUe/6ZArk0IltO/s=
9,5,aQCfmIa/eJtwv20io0J1+zPAAx8=,PYAHdpPg0jYQUe/6ZArk0IltO/s=
14,4,aQCfmIa/eJtwv20io0J1+zPAAx8=,PYAHdpPg0jYQUe/6ZArk0IltO/s=
13,4,aQCfmIa/eJtwv20io0J1+zPAAx8=,PYAHdpPg0jYQUe/6ZArk0IltO/s=
12,4,aQCfmIa/eJtwv20io0J1+zPAAx8=,PYAHdpPg0jYQUe/6ZArk0IltO/s=
11,2,aQCfmIa/eJtwv20io0J1+zPAAx8=,PYAHdpPg0jYQUe/6ZArk0IltO/s=
9,4,aQCfmIa/eJtwv20io0J1+zPAAx8=,PYAHdpPg0jYQUe/6ZArk0IltO/s=
14,3,aQCfmIa/eJtwv20io0J1+zPAAx8=,PYAHdpPg0jYQUe/6ZArk0IltO/s=
13,3,aQCfmIa/eJtwv20io0J1+zPAAx8=,PYAHdpPg0jYQUe/6ZArk0IltO/s=
10,4,aQCfmIa/eJtwv20io0J1+zPAAx8=,PYAHdpPg0jYQUe/6ZArk0IltO/s=
12,3,aQCfmIa/eJtwv20io0J1+zPAAx8=,PYAHdpPg0jYQUe/6ZArk0IltO/s=
12,11,aQCfmIa/eJtwv20io0J1+zPAAx8=,l09u8IJctz8LuEU+7CqimIXVpUE=
14,10,aQCfmIa/eJtwv20io0J1+zPAAx8=,l09u8IJctz8LuEU+7CqimIXVpUE=
11,4,aQCfmIa/eJtwv20io0J1+zPAAx8=,PYAHdpPg0jYQUe/6ZArk0IltO/s=
13,13,aQCfmIa/eJtwv20io0J1+zPAAx8=,l09u8IJctz8LuEU+7CqimIXVpUE=
3,9,aQCfmIa/eJtwv20io0J1+zPAAx8=,QdgMLcB2/sFANzt+sLkkGOlsKU8=
12,9,aQCfmIa/eJtwv20io0J1+zPAAx8=,l09u8IJctz8LuEU+7CqimIXVpUE=
12,13,aQCfmIa/eJtwv20io0J1+zPAAx8=,l09u8IJctz8LuEU+7CqimIXVpUE=
13,10,aQCfmIa/eJtwv20io0J1+zPAAx8=,l09u8IJctz8LuEU+7CqimIXVpUE=
14,12,aQCfmIa/eJtwv20io0J1+zPAAx8=,l09u8IJctz8LuEU+7CqimIXVpUE=
12,10,aQCfmIa/eJtwv20io0J1+zPAAx8=,l09u8IJctz8LuEU+7CqimIXVpUE=
13,12,aQCfmIa/eJtwv20io0J1+zPAAx8=,l09u8IJctz8LuEU+7CqimIXVpUE=
8,7,aQCfmIa/eJtwv20io0J1+zPAAx8=,PYAHdpPg0jYQUe/6ZArk0IltO/s=
12,12,aQCfmIa/eJtwv20io0J1+zPAAx8=,l09u8IJctz8LuEU+7CqimIXVpUE=
9,14,aQCfmIa/eJtwv20io0J1+zPAAx8=,l09u8IJctz8LuEU+7CqimIXVpUE=
10,14,aQCfmIa/eJtwv20io0J1+zPAAx8=,l09u8IJctz8LuEU+7CqimIXVpUE=
8,6,aQCfmIa/eJtwv20io0J1+zPAAx8=,PYAHdpPg0jYQUe/6ZArk0IltO/s=
3,6,BcTC+B6i4o1xCef2LeShif3Cm38=,YCsoggNjOclBTDB2DwsO8IuMErw=
1,3,BcTC+B6i4o1xCef2LeShif3Cm38=,YCsoggNjOclBTDB2DwsO8IuMErw=
3,7,aQCfmIa/eJtwv20io0J1+zPAAx8=,YCsoggNjOclBTDB2DwsO8IuMErw=
3,5,BcTC+B6i4o1xCef2LeShif3Cm38=,YCsoggNjOclBTDB2DwsO8IuMErw=
1,1,BcTC+B6i4o1xCef2LeShif3Cm38=,YCsoggNjOclBTDB2DwsO8IuMErw=
2,7,aQCfmIa/eJtwv20io0J1+zPAAx8=,YCsoggNjOclBTDB2DwsO8IuMErw=
8,5,aQCfmIa/eJtwv20io0J1+zPAAx8=,PYAHdpPg0jYQUe/6ZArk0IltO/s=
5,2,BcTC+B6i4o1xCef2LeShif3Cm38=,YCsoggNjOclBTDB2DwsO8IuMErw=
2,6,BcTC+B6i4o1xCef2LeShif3Cm38=,YCsoggNjOclBTDB2DwsO8IuMErw=
1,2,BcTC+B6i4o1xCef2LeShif3Cm38=,YCsoggNjOclBTDB2DwsO8IuMErw=
3,2,BcTC+B6i4o1xCef2LeShif3Cm38=,YCsoggNjOclBTDB2DwsO8IuMErw=
5,1,BcTC+B6i4o1xCef2LeShif3Cm38=,YCsoggNjOclBTDB2DwsO8IuMErw=
8,4,aQCfmIa/eJtwv20io0J1+zPAAx8=,PYAHdpPg0jYQUe/6ZArk0IltO/s=
1,7,aQCfmIa/eJtwv20io0J1+zPAAx8=,YCsoggNjOclBTDB2DwsO8IuMErw=
7,8,aQCfmIa/eJtwv20io0J1+zPAAx8=,QdgMLcB2/sFANzt+sLkkGOlsKU8=
2,5,BcTC+B6i4o1xCef2LeShif3Cm38=,YCsoggNjOclBTDB2DwsO8IuMErw=
1,5,BcTC+B6i4o1xCef2LeShif3Cm38=,YCsoggNjOclBTDB2DwsO8IuMErw=
4,2,BcTC+B6i4o1xCef2LeShif3Cm38=,YCsoggNjOclBTDB2DwsO8IuMErw=
6,8,aQCfmIa/eJtwv20io0J1+zPAAx8=,QdgMLcB2/sFANzt+sLkkGOlsKU8=
7,4,aQCfmIa/eJtwv20io0J1+zPAAx8=,YCsoggNjOclBTDB2DwsO8IuMErw=
8,3,aQCfmIa/eJtwv20io0J1+zPAAx8=,PYAHdpPg0jYQUe/6ZArk0IltO/s=
7,7,aQCfmIa/eJtwv20io0J1+zPAAx8=,YCsoggNjOclBTDB2DwsO8IuMErw=
7,1,aQCfmIa/eJtwv20io0J1+zPAAx8=,YCsoggNjOclBTDB2DwsO8IuMErw=
6,7,aQCfmIa/eJtwv20io0J1+zPAAx8=,YCsoggNjOclBTDB2DwsO8IuMErw=
6,4,BcTC+B6i4o1xCef2LeShif3Cm38=,YCsoggNjOclBTDB2DwsO8IuMErw=
8,2,aQCfmIa/eJtwv20io0J1+zPAAx8=,PYAHdpPg0jYQUe/6ZArk0IltO/s=
8,8,aQCfmIa/eJtwv20io0J1+zPAAx8=,l09u8IJctz8LuEU+7CqimIXVpUE=
5,8,aQCfmIa/eJtwv20io0J1+zPAAx8=,QdgMLcB2/sFANzt+sLkkGOlsKU8=
4,8,aQCfmIa/eJtwv20io0J1+zPAAx8=,QdgMLcB2/sFANzt+sLkkGOlsKU8=
3,8,aQCfmIa/eJtwv20io0J1+zPAAx8=,QdgMLcB2/sFANzt+sLkkGOlsKU8=
4,4,BcTC+B6i4o1xCef2LeShif3Cm38=,YCsoggNjOclBTDB2DwsO8IuMErw=
5,7,aQCfmIa/eJtwv20io0J1+zPAAx8=,YCsoggNjOclBTDB2DwsO8IuMErw=
7,2,BcTC+B6i4o1xCef2LeShif3Cm38=,YCsoggNjOclBTDB2DwsO8IuMErw=
6,1,BcTC+B6i4o1xCef2LeShif3Cm38=,YCsoggNjOclBTDB2DwsO8IuMErw=
8,1,aQCfmIa/eJtwv20io0J1+zPAAx8=,PYAHdpPg0jYQUe/6ZArk0IltO/s=
1,6,BcTC+B6i4o1xCef2LeShif3Cm38=,YCsoggNjOclBTDB2DwsO8IuMErw=
2,8,aQCfmIa/eJtwv20io0J1+zPAAx8=,QdgMLcB2/sFANzt+sLkkGOlsKU8=
3,4,BcTC+B6i4o1xCef2LeShif3Cm38=,YCsoggNjOclBTDB2DwsO8IuMErw=
2,4,BcTC+B6i4o1xCef2LeShif3Cm38=,YCsoggNjOclBTDB2DwsO8IuMErw=
7,5,aQCfmIa/eJtwv20io0J1+zPAAx8=,YCsoggNjOclBTDB2DwsO8IuMErw=
2,3,BcTC+B6i4o1xCef2LeShif3Cm38=,YCsoggNjOclBTDB2DwsO8IuMErw=
1,8,aQCfmIa/eJtwv20io0J1+zPAAx8=,QdgMLcB2/sFANzt+sLkkGOlsKU8=
1,4,BcTC+B6i4o1xCef2LeShif3Cm38=,YCsoggNjOclBTDB2DwsO8IuMErw=
4,6,BcTC+B6i4o1xCef2LeShif3Cm38=,YCsoggNjOclBTDB2DwsO8IuMErw=
6,5,BcTC+B6i4o1xCef2LeShif3Cm38=,YCsoggNjOclBTDB2DwsO8IuMErw=
4,1,BcTC+B6i4o1xCef2LeShif3Cm38=,YCsoggNjOclBTDB2DwsO8IuMErw=
3,3,BcTC+B6i4o1xCef2LeShif3Cm38=,YCsoggNjOclBTDB2DwsO8IuMErw=
6,2,BcTC+B6i4o1xCef2LeShif3Cm38=,YCsoggNjOclBTDB2DwsO8IuMErw=
7,3,aQCfmIa/eJtwv20io0J1+zPAAx8=,YCsoggNjOclBTDB2DwsO8IuMErw=
5,5,BcTC+B6i4o1xCef2LeShif3Cm38=,YCsoggNjOclBTDB2DwsO8IuMErw=
7,6,aQCfmIa/eJtwv20io0J1+zPAAx8=,YCsoggNjOclBTDB2DwsO8IuMErw=
4,5,BcTC+B6i4o1xCef2LeShif3Cm38=,YCsoggNjOclBTDB2DwsO8IuMErw=
6,3,BcTC+B6i4o1xCef2LeShif3Cm38=,YCsoggNjOclBTDB2DwsO8IuMErw=
4,7,aQCfmIa/eJtwv20io0J1+zPAAx8=,YCsoggNjOclBTDB2DwsO8IuMErw=
5,3,BcTC+B6i4o1xCef2LeShif3Cm38=,YCsoggNjOclBTDB2DwsO8IuMErw=
14,13,aQCfmIa/eJtwv20io0J1+zPAAx8=,l09u8IJctz8LuEU+7CqimIXVpUE=
3,1,BcTC+B6i4o1xCef2LeShif3Cm38=,YCsoggNjOclBTDB2DwsO8IuMErw=
4,3,BcTC+B6i4o1xCef2LeShif3Cm38=,YCsoggNjOclBTDB2DwsO8IuMErw=
6,6,BcTC+B6i4o1xCef2LeShif3Cm38=,YCsoggNjOclBTDB2DwsO8IuMErw=
5,6,BcTC+B6i4o1xCef2LeShif3Cm38=,YCsoggNjOclBTDB2DwsO8IuMErw=
2,1,BcTC+B6i4o1xCef2LeShif3Cm38=,YCsoggNjOclBTDB2DwsO8IuMErw=
2,2,BcTC+B6i4o1xCef2LeShif3Cm38=,YCsoggNjOclBTDB2DwsO8IuMErw=
5,4,BcTC+B6i4o1xCef2LeShif3Cm38=,YCsoggNjOclBTDB2DwsO8IuMErw=
15,14,aQCfmIa/eJtwv20io0J1+zPAAx8=,l09u8IJctz8LuEU+7CqimIXVpUE=
15,11,aQCfmIa/eJtwv20io0J1+zPAAx8=,l09u8IJctz8LuEU+7CqimIXVpUE=
15,13,aQCfmIa/eJtwv20io0J1+zPAAx8=,l09u8IJctz8LuEU+7CqimIXVpUE=
15,10,aQCfmIa/eJtwv20io0J1+zPAAx8=,l09u8IJctz8LuEU+7CqimIXVpUE=
15,12,aQCfmIa/eJtwv20io0J1+zPAAx8=,l09u8IJctz8LuEU+7CqimIXVpUE=
15,9,aQCfmIa/eJtwv20io0J1+zPAAx8=,l09u8IJctz8LuEU+7CqimIXVpUE=
4,15,aQCfmIa/eJtwv20io0J1+zPAAx8=,QdgMLcB2/sFANzt+sLkkGOlsKU8=
3,15,aQCfmIa/eJtwv20io0J1+zPAAx8=,QdgMLcB2/sFANzt+sLkkGOlsKU8=
14,15,aQCfmIa/eJtwv20io0J1+zPAAx8=,l09u8IJctz8LuEU+7CqimIXVpUE=
2,15,aQCfmIa/eJtwv20io0J1+zPAAx8=,QdgMLcB2/sFANzt+sLkkGOlsKU8=
1,15,aQCfmIa/eJtwv20io0J1+zPAAx8=,QdgMLcB2/sFANzt+sLkkGOlsKU8=
6,15,aQCfmIa/eJtwv20io0J1+zPAAx8=,QdgMLcB2/sFANzt+sLkkGOlsKU8=
7,15,aQCfmIa/eJtwv20io0J1+zPAAx8=,QdgMLcB2/sFANzt+sLkkGOlsKU8=
5,15,aQCfmIa/eJtwv20io0J1+zPAAx8=,QdgMLcB2/sFANzt+sLkkGOlsKU8=
8,15,aQCfmIa/eJtwv20io0J1+zPAAx8=,l09u8IJctz8LuEU+7CqimIXVpUE=
13,15,aQCfmIa/eJtwv20io0J1+zPAAx8=,l09u8IJctz8LuEU+7CqimIXVpUE=
11,15,aQCfmIa/eJtwv20io0J1+zPAAx8=,l09u8IJctz8LuEU+7CqimIXVpUE=
9,15,aQCfmIa/eJtwv20io0J1+zPAAx8=,l09u8IJctz8LuEU+7CqimIXVpUE=
10,15,aQCfmIa/eJtwv20io0J1+zPAAx8=,l09u8IJctz8LuEU+7CqimIXVpUE=
15,3,aQCfmIa/eJtwv20io0J1+zPAAx8=,PYAHdpPg0jYQUe/6ZArk0IltO/s=
12,15,aQCfmIa/eJtwv20io0J1+zPAAx8=,l09u8IJctz8LuEU+7CqimIXVpUE=
15,7,aQCfmIa/eJtwv20io0J1+zPAAx8=,PYAHdpPg0jYQUe/6ZArk0IltO/s=
15,1,aQCfmIa/eJtwv20io0J1+zPAAx8=,PYAHdpPg0jYQUe/6ZArk0IltO/s=
15,2,aQCfmIa/eJtwv20io0J1+zPAAx8=,PYAHdpPg0jYQUe/6ZArk0IltO/s=
15,8,aQCfmIa/eJtwv20io0J1+zPAAx8=,l09u8IJctz8LuEU+7CqimIXVpUE=
15,5,aQCfmIa/eJtwv20io0J1+zPAAx8=,PYAHdpPg0jYQUe/6ZArk0IltO/s=
15,4,aQCfmIa/eJtwv20io0J1+zPAAx8=,PYAHdpPg0jYQUe/6ZArk0IltO/s=
15,6,aQCfmIa/eJtwv20io0J1+zPAAx8=,PYAHdpPg0jYQUe/6ZArk0IltO/s=
0,13,aQCfmIa/eJtwv20io0J1+zPAAx8=,QdgMLcB2/sFANzt+sLkkGOlsKU8=
0,10,aQCfmIa/eJtwv20io0J1+zPAAx8=,QdgMLcB2/sFANzt+sLkkGOlsKU8=
0,12,aQCfmIa/eJtwv20io0J1+zPAAx8=,QdgMLcB2/sFANzt+sLkkGOlsKU8=
0,14,aQCfmIa/eJtwv20io0J1+zPAAx8=,QdgMLcB2/sFANzt+sLkkGOlsKU8=
0,11,aQCfmIa/eJtwv20io0J1+zPAAx8=,QdgMLcB2/sFANzt+sLkkGOlsKU8=
0,9,aQCfmIa/eJtwv20io0J1+zPAAx8=,QdgMLcB2/sFANzt+sLkkGOlsKU8=
0,8,aQCfmIa/eJtwv20io0J1+zPAAx8=,QdgMLcB2/sFANzt+sLkkGOlsKU8=
0,1,aQCfmIa/eJtwv20io0J1+zPAAx8=,YCsoggNjOclBTDB2DwsO8IuMErw=
2,0,aQCfmIa/eJtwv20io0J1+zPAAx8=,YCsoggNjOclBTDB2DwsO8IuMErw=
0,5,aQCfmIa/eJtwv20io0J1+zPAAx8=,YCsoggNjOclBTDB2DwsO8IuMErw=
0,3,aQCfmIa/eJtwv20io0J1+zPAAx8=,YCsoggNjOclBTDB2DwsO8IuMErw=
0,2,aQCfmIa/eJtwv20io0J1+zPAAx8=,YCsoggNjOclBTDB2DwsO8IuMErw=
0,6,aQCfmIa/eJtwv20io0J1+zPAAx8=,YCsoggNjOclBTDB2DwsO8IuMErw=
6,0,aQCfmIa/eJtwv20io0J1+zPAAx8=,YCsoggNjOclBTDB2DwsO8IuMErw=
1,0,aQCfmIa/eJtwv20io0J1+zPAAx8=,YCsoggNjOclBTDB2DwsO8IuMErw=
0,7,aQCfmIa/eJtwv20io0J1+zPAAx8=,YCsoggNjOclBTDB2DwsO8IuMErw=
0,4,aQCfmIa/eJtwv20io0J1+zPAAx8=,YCsoggNjOclBTDB2DwsO8IuMErw=
4,0,aQCfmIa/eJtwv20io0J1+zPAAx8=,YCsoggNjOclBTDB2DwsO8IuMErw=
3,0,aQCfmIa/eJtwv20io0J1+zPAAx8=,YCsoggNjOclBTDB2DwsO8IuMErw=
5,0,aQCfmIa/eJtwv20io0J1+zPAAx8=,YCsoggNjOclBTDB2DwsO8IuMErw=
0,15,aQCfmIa/eJtwv20io0J1+zPAAx8=,QdgMLcB2/sFANzt+sLkkGOlsKU8=
15,0,aQCfmIa/eJtwv20io0J1+zPAAx8=,PYAHdpPg0jYQUe/6ZArk0IltO/s=
9,0,aQCfmIa/eJtwv20io0J1+zPAAx8=,PYAHdpPg0jYQUe/6ZArk0IltO/s=
10,0,aQCfmIa/eJtwv20io0J1+zPAAx8=,PYAHdpPg0jYQUe/6ZArk0IltO/s=
7,0,aQCfmIa/eJtwv20io0J1+zPAAx8=,YCsoggNjOclBTDB2DwsO8IuMErw=
8,0,aQCfmIa/eJtwv20io0J1+zPAAx8=,PYAHdpPg0jYQUe/6ZArk0IltO/s=
11,0,aQCfmIa/eJtwv20io0J1+zPAAx8=,PYAHdpPg0jYQUe/6ZArk0IltO/s=
14,0,aQCfmIa/eJtwv20io0J1+zPAAx8=,PYAHdpPg0jYQUe/6ZArk0IltO/s=
12,0,aQCfmIa/eJtwv20io0J1+zPAAx8=,PYAHdpPg0jYQUe/6ZArk0IltO/s=
13,0,aQCfmIa/eJtwv20io0J1+zPAAx8=,PYAHdpPg0jYQUe/6ZArk0IltO/s=
15,15,aQCfmIa/eJtwv20io0J1+zPAAx8=,l09u8IJctz8LuEU+7CqimIXVpUE=
0,0,aQCfmIa/eJtwv20io0J1+zPAAx8=,YCsoggNjOclBTDB2DwsO8IuMErw=
0,20,B0EqWj/8UCjGf+clJs82lv1pEpU=,zhnDHgTdc5UzPT+/fKBD0svu5KQ=
3,23,aQCfmIa/eJtwv20io0J1+zPAAx8=,zhnDHgTdc5UzPT+/fKBD0svu5KQ=
5,21,B0EqWj/8UCjGf+clJs82lv1pEpU=,zhnDHgTdc5UzPT+/fKBD0svu5KQ=
1,19,B0EqWj/8UCjGf+clJs82lv1pEpU=,zhnDHgTdc5UzPT+/fKBD0svu5KQ=
0,19,aQCfmIa/eJtwv20io0J1+zPAAx8=,zhnDHgTdc5UzPT+/fKBD0svu5KQ=
4,21,B0EqWj/8UCjGf+clJs82lv1pEpU=,zhnDHgTdc5UzPT+/fKBD0svu5KQ=
5,19,B0EqWj/8UCjGf+clJs82lv1pEpU=,zhnDHgTdc5UzPT+/fKBD0svu5KQ=
2,23,aQCfmIa/eJtwv20io0J1+zPAAx8=,zhnDHgTdc5UzPT+/fKBD0svu5KQ=
4,19,B0EqWj/8UCjGf+clJs82lv1pEpU=,zhnDHgTdc5UzPT+/fKBD0svu5KQ=
3,21,B0EqWj/8UCjGf+clJs82lv1pEpU=,zhnDHgTdc5UzPT+/fKBD0svu5KQ=
5,18,B0EqWj/8UCjGf+clJs82lv1pEpU=,zhnDHgTdc5UzPT+/fKBD0svu5KQ=
1,23,aQCfmIa/eJtwv20io0J1+zPAAx8=,zhnDHgTdc5UzPT+/fKBD0svu5KQ=
2,21,B0EqWj/8UCjGf+clJs82lv1pEpU=,zhnDHgTdc5UzPT+/fKBD0svu5KQ=
5,22,aQCfmIa/eJtwv20io0J1+zPAAx8=,zhnDHgTdc5UzPT+/fKBD0svu5KQ=
3,19,B0EqWj/8UCjGf+clJs82lv1pEpU=,zhnDHgTdc5UzPT+/fKBD0svu5KQ=
7,23,B0EqWj/8UCjGf+clJs82lv1pEpU=,zhnDHgTdc5UzPT+/fKBD0svu5KQ=
3,18,B0EqWj/8UCjGf+clJs82lv1pEpU=,zhnDHgTdc5UzPT+/fKBD0svu5KQ=
6,19,B0EqWj/8UCjGf+clJs82lv1pEpU=,zhnDHgTdc5UzPT+/fKBD0svu5KQ=
2,19,B0EqWj/8UCjGf+clJs82lv1pEpU=,zhnDHgTdc5UzPT+/fKBD0svu5KQ=
4,18,B0EqWj/8UCjGf+clJs82lv1pEpU=,zhnDHgTdc5UzPT+/fKBD0svu5KQ=
1,21,B0EqWj/8UCjGf+clJs82lv1pEpU=,zhnDHgTdc5UzPT+/fKBD0svu5KQ=
0,23,aQCfmIa/eJtwv20io0J1+zPAAx8=,zhnDHgTdc5UzPT+/fKBD0svu5KQ=
6,18,B0EqWj/8UCjGf+clJs82lv1pEpU=,zhnDHgTdc5UzPT+/fKBD0svu5KQ=
2,16,B0EqWj/8UCjGf+clJs82lv1pEpU=,zhnDHgTdc5UzPT+/fKBD0svu5KQ=
3,17,aQCfmIa/eJtwv20io0J1+zPAAx8=,zhnDHgTdc5UzPT+/fKBD0svu5KQ=
2,18,B0EqWj/8UCjGf+clJs82lv1pEpU=,zhnDHgTdc5UzPT+/fKBD0svu5KQ=
8,16,B0EqWj/8UCjGf+clJs82lv1pEpU=,R8cEPU0rTrWGUpBrPYzfNGy30fw=
0,18,aQCfmIa/eJtwv20io0J1+zPAAx8=,zhnDHgTdc5UzPT+/fKBD0svu5KQ=
11,23,B0EqWj/8UCjGf+clJs82lv1pEpU=,R8cEPU0rTrWGUpBrPYzfNGy30fw=
1,18,B0EqWj/8UCjGf+clJs82lv1pEpU=,zhnDHgTdc5UzPT+/fKBD0svu5KQ=
10,23,B0EqWj/8UCjGf+clJs82lv1pEpU=,R8cEPU0rTrWGUpBrPYzfNGy30fw=
9,23,B0EqWj/8UCjGf+clJs82lv1pEpU=,R8cEPU0rTrWGUpBrPYzfNGy30fw=
8,23,B0EqWj/8UCjGf+clJs82lv1pEpU=,R8cEPU0rTrWGUpBrPYzfNGy30fw=
7,19,B0EqWj/8UCjGf+clJs82lv1pEpU=,zhnDHgTdc5UzPT+/fKBD0svu5KQ=
15,22,B0EqWj/8UCjGf+clJs82lv1pEpU=,R8cEPU0rTrWGUpBrPYzfNGy30fw=
6,22,B0EqWj/8UCjGf+clJs82lv1pEpU=,zhnDHgTdc5UzPT+/fKBD0svu5KQ=
7,18,B0EqWj/8UCjGf+clJs82lv1pEpU=,zhnDHgTdc5UzPT+/fKBD0svu5KQ=
0,21,B0EqWj/8UCjGf+clJs82lv1pEpU=,zhnDHgTdc5UzPT+/fKBD0svu5KQ=
14,22,B0EqWj/8UCjGf+clJs82lv1pEpU=,R8cEPU0rTrWGUpBrPYzfNGy30fw=
13,22,B0EqWj/8UCjGf+clJs82lv1pEpU=,R8cEPU0rTrWGUpBrPYzfNGy30fw=
12,22,B0EqWj/8UCjGf+clJs82lv1pEpU=,R8cEPU0rTrWGUpBrPYzfNGy30fw=
4,22,B0EqWj/8UCjGf+clJs82lv1pEpU=,zhnDHgTdc5UzPT+/fKBD0svu5KQ=
7,20,B0EqWj/8UCjGf+clJs82lv1pEpU=,zhnDHgTdc5UzPT+/fKBD0svu5KQ=
3,22,B0EqWj/8UCjGf+clJs82lv1pEpU=,zhnDHgTdc5UzPT+/fKBD0svu5KQ=
2,22,B0EqWj/8UCjGf+clJs82lv1pEpU=,zhnDHgTdc5UzPT+/fKBD0svu5KQ=
6,17,B0EqWj/8UCjGf+clJs82lv1pEpU=,zhnDHgTdc5UzPT+/fKBD0svu5KQ=
1,22,B0EqWj/8UCjGf+clJs82lv1pEpU=,zhnDHgTdc5UzPT+/fKBD0svu5KQ=
0,22,B0EqWj/8UCjGf+clJs82lv1pEpU=,zhnDHgTdc5UzPT+/fKBD0svu5KQ=
11,22,B0EqWj/8UCjGf+clJs82lv1pEpU=,R8cEPU0rTrWGUpBrPYzfNGy30fw=
10,22,B0EqWj/8UCjGf+clJs82lv1pEpU=,R8cEPU0rTrWGUpBrPYzfNGy30fw=
9,22,B0EqWj/8UCjGf+clJs82lv1pEpU=,R8cEPU0rTrWGUpBrPYzfNGy30fw=
8,22,B0EqWj/8UCjGf+clJs82lv1pEpU=,R8cEPU0rTrWGUpBrPYzfNGy30fw=
6,21,B0EqWj/8UCjGf+clJs82lv1pEpU=,zhnDHgTdc5UzPT+/fKBD0svu5KQ=
5,17,B0EqWj/8UCjGf+clJs82lv1pEpU=,zhnDHgTdc5UzPT+/fKBD0svu5KQ=
9,16,B0EqWj/8UCjGf+clJs82lv1pEpU=,R8cEPU0rTrWGUpBrPYzfNGy30fw=
1,16,B0EqWj/8UCjGf+clJs82lv1pEpU=,zhnDHgTdc5UzPT+/fKBD0svu5KQ=
15,21,B0EqWj/8UCjGf+clJs82lv1pEpU=,R8cEPU0rTrWGUpBrPYzfNGy30fw=
4,17,B0EqWj/8UCjGf+clJs82lv1pEpU=,zhnDHgTdc5UzPT+/fKBD0svu5KQ=
14,21,B0EqWj/8UCjGf+clJs82lv1pEpU=,R8cEPU0rTrWGUpBrPYzfNGy30fw=
2,17,aQCfmIa/eJtwv20io0J1+zPAAx8=,zhnDHgTdc5UzPT+/fKBD0svu5KQ=
0,16,B0EqWj/8UCjGf+clJs82lv1pEpU=,zhnDHgTdc5UzPT+/fKBD0svu5KQ=
1,17,aQCfmIa/eJtwv20io0J1+zPAAx8=,zhnDHgTdc5UzPT+/fKBD0svu5KQ=
10,16,B0EqWj/8UCjGf+clJs82lv1pEpU=,R8cEPU0rTrWGUpBrPYzfNGy30fw=
0,17,aQCfmIa/eJtwv20io0J1+zPAAx8=,zhnDHgTdc5UzPT+/fKBD0svu5KQ=
6,16,B0EqWj/8UCjGf+clJs82lv1pEpU=,zhnDHgTdc5UzPT+/fKBD0svu5KQ=
13,21,B0EqWj/8UCjGf+clJs82lv1pEpU=,R8cEPU0rTrWGUpBrPYzfNGy30fw=
7,22,B0EqWj/8UCjGf+clJs82lv1pEpU=,zhnDHgTdc5UzPT+/fKBD0svu5KQ=
5,20,B0EqWj/8UCjGf+clJs82lv1pEpU=,zhnDHgTdc5UzPT+/fKBD0svu5KQ=
4,20,B0EqWj/8UCjGf+clJs82lv1pEpU=,zhnDHgTdc5UzPT+/fKBD0svu5KQ=
3,20,B0EqWj/8UCjGf+clJs82lv1pEpU=,zhnDHgTdc5UzPT+/fKBD0svu5KQ=
15,23,B0EqWj/8UCjGf+clJs82lv1pEpU=,R8cEPU0rTrWGUpBrPYzfNGy30fw=
2,20,B0EqWj/8UCjGf+clJs82lv1pEpU=,zhnDHgTdc5UzPT+/fKBD0svu5KQ=
1,20,B0EqWj/8UCjGf+clJs82lv1pEpU=,zhnDHgTdc5UzPT+/fKBD0svu5KQ=
6,23,B0EqWj/8UCjGf+clJs82lv1pEpU=,zhnDHgTdc5UzPT+/fKBD0svu5KQ=
5,23,B0EqWj/8UCjGf+clJs82lv1pEpU=,zhnDHgTdc5UzPT+/fKBD0svu5KQ=
14,23,B0EqWj/8UCjGf+clJs82lv1pEpU=,R8cEPU0rTrWGUpBrPYzfNGy30fw=
4,23,aQCfmIa/eJtwv20io0J1+zPAAx8=,zhnDHgTdc5UzPT+/fKBD0svu5KQ=
13,23,B0EqWj/8UCjGf+clJs82lv1pEpU=,R8cEPU0rTrWGUpBrPYzfNGy30fw=
5,16,B0EqWj/8UCjGf+clJs82lv1pEpU=,zhnDHgTdc5UzPT+/fKBD0svu5KQ=
12,23,B0EqWj/8UCjGf+clJs82lv1pEpU=,R8cEPU0rTrWGUpBrPYzfNGy30fw=
6,20,B0EqWj/8UCjGf+clJs82lv1pEpU=,zhnDHgTdc5UzPT+/fKBD0svu5KQ=
4,16,B0EqWj/8UCjGf+clJs82lv1pEpU=,zhnDHgTdc5UzPT+/fKBD0svu5KQ=
3,16,aQCfmIa/eJtwv20io0J1+zPAAx8=,zhnDHgTdc5UzPT+/fKBD0svu5KQ=
7,21,B0EqWj/8UCjGf+clJs82lv1pEpU=,zhnDHgTdc5UzPT+/fKBD0svu5KQ=
12,21,B0EqWj/8UCjGf+clJs82lv1pEpU=,R8cEPU0rTrWGUpBrPYzfNGy30fw=
11,21,B0EqWj/8UCjGf+clJs82lv1pEpU=,R8cEPU0rTrWGUpBrPYzfNGy30fw=
15,20,B0EqWj/8UCjGf+clJs82lv1pEpU=,R8cEPU0rTrWGUpBrPYzfNGy30fw=
7,17,B0EqWj/8UCjGf+clJs82lv1pEpU=,zhnDHgTdc5UzPT+/fKBD0svu5KQ=
14,20,B0EqWj/8UCjGf+clJs82lv1pEpU=,R8cEPU0rTrWGUpBrPYzfNGy30fw=
9,21,B0EqWj/8UCjGf+clJs82lv1pEpU=,R8cEPU0rTrWGUpBrPYzfNGy30fw=
10,21,B0EqWj/8UCjGf+clJs82lv1pEpU=,R8cEPU0rTrWGUpBrPYzfNGy30fw=
8,21,B0EqWj/8UCjGf+clJs82lv1pEpU=,R8cEPU0rTrWGUpBrPYzfNGy30fw=
11,16,B0EqWj/8UCjGf+clJs82lv1pEpU=,R8cEPU0rTrWGUpBrPYzfNGy30fw=
13,20,B0EqWj/8UCjGf+clJs82lv1pEpU=,R8cEPU0rTrWGUpBrPYzfNGy30fw=
9,20,B0EqWj/8UCjGf+clJs82lv1pEpU=,R8cEPU0rTrWGUpBrPYzfNGy30fw=
15,19,B0EqWj/8UCjGf+clJs82lv1pEpU=,R8cEPU0rTrWGUpBrPYzfNGy30fw=
14,19,B0EqWj/8UCjGf+clJs82lv1pEpU=,R8cEPU0rTrWGUpBrPYzfNGy30fw=
13,19,B0EqWj/8UCjGf+clJs82lv1pEpU=,R8cEPU0rTrWGUpBrPYzfNGy30fw=
12,20,B0EqWj/8UCjGf+clJs82lv1pEpU=,R8cEPU0rTrWGUpBrPYzfNGy30fw=
10,20,B0EqWj/8UCjGf+clJs82lv1pEpU=,R8cEPU0rTrWGUpBrPYzfNGy30fw=
11,20,B0EqWj/8UCjGf+clJs82lv1pEpU=,R8cEPU0rTrWGUpBrPYzfNGy30fw=
12,16,B0EqWj/8UCjGf+clJs82lv1pEpU=,R8cEPU0rTrWGUpBrPYzfNGy30fw=
7,16,B0EqWj/8UCjGf+clJs82lv1pEpU=,zhnDHgTdc5UzPT+/fKBD0svu5KQ=
8,20,B0EqWj/8UCjGf+clJs82lv1pEpU=,R8cEPU0rTrWGUpBrPYzfNGy30fw=
15,18,B0EqWj/8UCjGf+clJs82lv1pEpU=,R8cEPU0rTrWGUpBrPYzfNGy30fw=
14,18,B0EqWj/8UCjGf+clJs82lv1pEpU=,R8cEPU0rTrWGUpBrPYzfNGy30fw=
13,18,B0EqWj/8UCjGf+clJs82lv1pEpU=,R8cEPU0rTrWGUpBrPYzfNGy30fw=
12,19,B0EqWj/8UCjGf+clJs82lv1pEpU=,R8cEPU0rTrWGUpBrPYzfNGy30fw=
10,19,B0EqWj/8UCjGf+clJs82lv1pEpU=,R8cEPU0rTrWGUpBrPYzfNGy30fw=
11,19,B0EqWj/8UCjGf+clJs82lv1pEpU=,R8cEPU0rTrWGUpBrPYzfNGy30fw=
9,19,B0EqWj/8UCjGf+clJs82lv1pEpU=,R8cEPU0rTrWGUpBrPYzfNGy30fw=
13,16,B0EqWj/8UCjGf+clJs82lv1pEpU=,R8cEPU0rTrWGUpBrPYzfNGy30fw=
8,19,B0EqWj/8UCjGf+clJs82lv1pEpU=,R8cEPU0rTrWGUpBrPYzfNGy30fw=
15,17,B0EqWj/8UCjGf+clJs82lv1pEpU=,R8cEPU0rTrWGUpBrPYzfNGy30fw=
14,17,B0EqWj/8UCjGf+clJs82lv1pEpU=,R8cEPU0rTrWGUpBrPYzfNGy30fw=
14,16,B0EqWj/8UCjGf+clJs82lv1pEpU=,R8cEPU0rTrWGUpBrPYzfNGy30fw=
15,16,B0EqWj/8UCjGf+clJs82lv1pEpU=,R8cEPU0rTrWGUpBrPYzfNGy30fw=
12,18,B0EqWj/8UCjGf+clJs82lv1pEpU=,R8cEPU0rTrWGUpBrPYzfNGy30fw=
13,17,B0EqWj/8UCjGf+clJs82lv1pEpU=,R8cEPU0rTrWGUpBrPYzfNGy30fw=
11,18,B0EqWj/8UCjGf+clJs82lv1pEpU=,R8cEPU0rTrWGUpBrPYzfNGy30fw=
10,18,B0EqWj/8UCjGf+clJs82lv1pEpU=,R8cEPU0rTrWGUpBrPYzfNGy30fw=
8,18,B0EqWj/8UCjGf+clJs82lv1pEpU=,R8cEPU0rTrWGUpBrPYzfNGy30fw=
9,18,B0EqWj/8UCjGf+clJs82lv1pEpU=,R8cEPU0rTrWGUpBrPYzfNGy30fw=
8,17,B0EqWj/8UCjGf+clJs82lv1pEpU=,R8cEPU0rTrWGUpBrPYzfNGy30fw=
11,17,B0EqWj/8UCjGf+clJs82lv1pEpU=,R8cEPU0rTrWGUpBrPYzfNGy30fw=
12,17,B0EqWj/8UCjGf+clJs82lv1pEpU=,R8cEPU0rTrWGUpBrPYzfNGy30fw=
10,17,B0EqWj/8UCjGf+clJs82lv1pEpU=,R8cEPU0rTrWGUpBrPYzfNGy30fw=
9,17,B0EqWj/8UCjGf+clJs82lv1pEpU=,R8cEPU0rTrWGUpBrPYzfNGy30fw=
22,17,de2gGqzpSyBROFtLSe2gvx6a2T0=,pGY2XG8Jx1AbQxqk10DVuY9DuzM=
19,16,de2gGqzpSyBROFtLSe2gvx6a2T0=,pGY2XG8Jx1AbQxqk10DVuY9DuzM=
17,17,de2gGqzpSyBROFtLSe2gvx6a2T0=,pGY2XG8Jx1AbQxqk10DVuY9DuzM=
23,17,de2gGqzpSyBROFtLSe2gvx6a2T0=,pGY2XG8Jx1AbQxqk10DVuY9DuzM=
20,21,de2gGqzpSyBROFtLSe2gvx6a2T0=,pGY2XG8Jx1AbQxqk10DVuY9DuzM=
21,20,de2gGqzpSyBROFtLSe2gvx6a2T0=,pGY2XG8Jx1AbQxqk10DVuY9DuzM=
21,17,de2gGqzpSyBROFtLSe2gvx6a2T0=,pGY2XG8Jx1AbQxqk10DVuY9DuzM=
20,17,de2gGqzpSyBROFtLSe2gvx6a2T0=,pGY2XG8Jx1AbQxqk10DVuY9DuzM=
21,21,de2gGqzpSyBROFtLSe2gvx6a2T0=,pGY2XG8Jx1AbQxqk10DVuY9DuzM=
19,17,de2gGqzpSyBROFtLSe2gvx6a2T0=,pGY2XG8Jx1AbQxqk10DVuY9DuzM=
18,17,de2gGqzpSyBROFtLSe2gvx6a2T0=,pGY2XG8Jx1AbQxqk10DVuY9DuzM=
21,19,de2gGqzpSyBROFtLSe2gvx6a2T0=,pGY2XG8Jx1AbQxqk10DVuY9DuzM=
22,21,de2gGqzpSyBROFtLSe2gvx6a2T0=,pGY2XG8Jx1AbQxqk10DVuY9DuzM=
18,16,de2gGqzpSyBROFtLSe2gvx6a2T0=,pGY2XG8Jx1AbQxqk10DVuY9DuzM=
19,21,de2gGqzpSyBROFtLSe2gvx6a2T0=,pGY2XG8Jx1AbQxqk10DVuY9DuzM=
18,21,de2gGqzpSyBROFtLSe2gvx6a2T0=,pGY2XG8Jx1AbQxqk10DVuY9DuzM=
23,21,de2gGqzpSyBROFtLSe2gvx6a2T0=,pGY2XG8Jx1AbQxqk10DVuY9DuzM=
23,18,de2gGqzpSyBROFtLSe2gvx6a2T0=,pGY2XG8Jx1AbQxqk10DVuY9DuzM=
16,17,de2gGqzpSyBROFtLSe2gvx6a2T0=,pGY2XG8Jx1AbQxqk10DVuY9DuzM=
20,19,de2gGqzpSyBROFtLSe2gvx6a2T0=,pGY2XG8Jx1AbQxqk10DVuY9DuzM=
16,22,de2gGqzpSyBROFtLSe2gvx6a2T0=,pGY2XG8Jx1AbQxqk10DVuY9DuzM=
17,21,de2gGqzpSyBROFtLSe2gvx6a2T0=,pGY2XG8Jx1AbQxqk10DVuY9DuzM=
19,19,de2gGqzpSyBROFtLSe2gvx6a2T0=,pGY2XG8Jx1AbQxqk10DVuY9DuzM=
18,19,de2gGqzpSyBROFtLSe2gvx6a2T0=,pGY2XG8Jx1AbQxqk10DVuY9DuzM=
22,19,de2gGqzpSyBROFtLSe2gvx6a2T0=,pGY2XG8Jx1AbQxqk10DVuY9DuzM=
16,21,de2gGqzpSyBROFtLSe2gvx6a2T0=,pGY2XG8Jx1AbQxqk10DVuY9DuzM=
20,20,de2gGqzpSyBROFtLSe2gvx6a2T0=,pGY2XG8Jx1AbQxqk10DVuY9DuzM=
22,18,de2gGqzpSyBROFtLSe2gvx6a2T0=,pGY2XG8Jx1AbQxqk10DVuY9DuzM=
16,18,de2gGqzpSyBROFtLSe2gvx6a2T0=,pGY2XG8Jx1AbQxqk10DVuY9DuzM=
19,20,de2gGqzpSyBROFtLSe2gvx6a2T0=,pGY2XG8Jx1AbQxqk10DVuY9DuzM=
18,20,de2gGqzpSyBROFtLSe2gvx6a2T0=,pGY2XG8Jx1AbQxqk10DVuY9DuzM=
21,18,de2gGqzpSyBROFtLSe2gvx6a2T0=,pGY2XG8Jx1AbQxqk10DVuY9DuzM=
17,19,de2gGqzpSyBROFtLSe2gvx6a2T0=,pGY2XG8Jx1AbQxqk10DVuY9DuzM=
20,16,de2gGqzpSyBROFtLSe2gvx6a2T0=,pGY2XG8Jx1AbQxqk10DVuY9DuzM=
20,18,de2gGqzpSyBROFtLSe2gvx6a2T0=,pGY2XG8Jx1AbQxqk10DVuY9DuzM=
19,18,de2gGqzpSyBROFtLSe2gvx6a2T0=,pGY2XG8Jx1AbQxqk10DVuY9DuzM=
17,20,de2gGqzpSyBROFtLSe2gvx6a2T0=,pGY2XG8Jx1AbQxqk10DVuY9DuzM=
17,22,de2gGqzpSyBROFtLSe2gvx6a2T0=,pGY2XG8Jx1AbQxqk10DVuY9DuzM=
23,20,de2gGqzpSyBROFtLSe2gvx6a2T0=,pGY2XG8Jx1AbQxqk10DVuY9DuzM=
23,23,de2gGqzpSyBROFtLSe2gvx6a2T0=,pGY2XG8Jx1AbQxqk10DVuY9DuzM=
23,19,de2gGqzpSyBROFtLSe2gvx6a2T0=,pGY2XG8Jx1AbQxqk10DVuY9DuzM=
22,23,de2gGqzpSyBROFtLSe2gvx6a2T0=,pGY2XG8Jx1AbQxqk10DVuY9DuzM=
21,23,de2gGqzpSyBROFtLSe2gvx6a2T0=,pGY2XG8Jx1AbQxqk10DVuY9DuzM=
20,23,de2gGqzpSyBROFtLSe2gvx6a2T0=,pGY2XG8Jx1AbQxqk10DVuY9DuzM=
19,23,de2gGqzpSyBROFtLSe2gvx6a2T0=,pGY2XG8Jx1AbQxqk10DVuY9DuzM=
21,16,de2gGqzpSyBROFtLSe2gvx6a2T0=,pGY2XG8Jx1AbQxqk10DVuY9DuzM=
17,23,de2gGqzpSyBROFtLSe2gvx6a2T0=,pGY2XG8Jx1AbQxqk10DVuY9DuzM=
18,23,de2gGqzpSyBROFtLSe2gvx6a2T0=,pGY2XG8Jx1AbQxqk10DVuY9DuzM=
18,18,de2gGqzpSyBROFtLSe2gvx6a2T0=,pGY2XG8Jx1AbQxqk10DVuY9DuzM=
22,20,de2gGqzpSyBROFtLSe2gvx6a2T0=,pGY2XG8Jx1AbQxqk10DVuY9DuzM=
17,18,de2gGqzpSyBROFtLSe2gvx6a2T0=,pGY2XG8Jx1AbQxqk10DVuY9DuzM=
16,23,de2gGqzpSyBROFtLSe2gvx6a2T0=,pGY2XG8Jx1AbQxqk10DVuY9DuzM=
16,16,de2gGqzpSyBROFtLSe2gvx6a2T0=,pGY2XG8Jx1AbQxqk10DVuY9DuzM=
23,16,de2gGqzpSyBROFtLSe2gvx6a2T0=,pGY2XG8Jx1AbQxqk10DVuY9DuzM=
17,16,de2gGqzpSyBROFtLSe2gvx6a2T0=,pGY2XG8Jx1AbQxqk10DVuY9DuzM=
16,20,de2gGqzpSyBROFtLSe2gvx6a2T0=,pGY2XG8Jx1AbQxqk10DVuY9DuzM=
23,22,de2gGqzpSyBROFtLSe2gvx6a2T0=,pGY2XG8Jx1AbQxqk10DVuY9DuzM=
16,19,de2gGqzpSyBROFtLSe2gvx6a2T0=,pGY2XG8Jx1AbQxqk10DVuY9DuzM=
22,22,de2gGqzpSyBROFtLSe2gvx6a2T0=,pGY2XG8Jx1AbQxqk10DVuY9DuzM=
21,22,de2gGqzpSyBROFtLSe2gvx6a2T0=,pGY2XG8Jx1AbQxqk10DVuY9DuzM=
20,22,de2gGqzpSyBROFtLSe2gvx6a2T0=,pGY2XG8Jx1AbQxqk10DVuY9DuzM=
18,22,de2gGqzpSyBROFtLSe2gvx6a2T0=,pGY2XG8Jx1AbQxqk10DVuY9DuzM=
22,16,de2gGqzpSyBROFtLSe2gvx6a2T0=,pGY2XG8Jx1AbQxqk10DVuY9DuzM=
19,22,de2gGqzpSyBROFtLSe2gvx6a2T0=,pGY2XG8Jx1AbQxqk10DVuY9DuzM=
28,13,ytqmqsXfpEWhbwDlYS1OhFnCpMk=,7cs+h70tTWXB127ESi8eUX36zok=
29,13,ytqmqsXfpEWhbwDlYS1OhFnCpMk=,7cs+h70tTWXB127ESi8eUX36zok=
30,13,ytqmqsXfpEWhbwDlYS1OhFnCpMk=,7cs+h70tTWXB127ESi8eUX36zok=
25,14,ytqmqsXfpEWhbwDlYS1OhFnCpMk=,7cs+h70tTWXB127ESi8eUX36zok=
26,14,ytqmqsXfpEWhbwDlYS1OhFnCpMk=,7cs+h70tTWXB127ESi8eUX36zok=
27,14,ytqmqsXfpEWhbwDlYS1OhFnCpMk=,7cs+h70tTWXB127ESi8eUX36zok=
28,14,ytqmqsXfpEWhbwDlYS1OhFnCpMk=,7cs+h70tTWXB127ESi8eUX36zok=
29,14,ytqmqsXfpEWhbwDlYS1OhFnCpMk=,7cs+h70tTWXB127ESi8eUX36zok=
30,14,ytqmqsXfpEWhbwDlYS1OhFnCpMk=,7cs+h70tTWXB127ESi8eUX36zok=
25,9,de2gGqzpSyBROFtLSe2gvx6a2T0=,7cs+h70tTWXB127ESi8eUX36zok=
26,9,ytqmqsXfpEWhbwDlYS1OhFnCpMk=,7cs+h70tTWXB127ESi8eUX36zok=
27,9,ytqmqsXfpEWhbwDlYS1OhFnCpMk=,7cs+h70tTWXB127ESi8eUX36zok=
28,9,ytqmqsXfpEWhbwDlYS1OhFnCpMk=,7cs+h70tTWXB127ESi8eUX36zok=
27,13,ytqmqsXfpEWhbwDlYS1OhFnCpMk=,7cs+h70tTWXB127ESi8eUX36zok=
26,13,ytqmqsXfpEWhbwDlYS1OhFnCpMk=,7cs+h70tTWXB127ESi8eUX36zok=
25,13,ytqmqsXfpEWhbwDlYS1OhFnCpMk=,7cs+h70tTWXB127ESi8eUX36zok=
30,12,de2gGqzpSyBROFtLSe2gvx6a2T0=,7cs+h70tTWXB127ESi8eUX36zok=
29,12,de2gGqzpSyBROFtLSe2gvx6a2T0=,7cs+h70tTWXB127ESi8eUX36zok=
28,12,de2gGqzpSyBROFtLSe2gvx6a2T0=,7cs+h70tTWXB127ESi8eUX36zok=
27,12,de2gGqzpSyBROFtLSe2gvx6a2T0=,7cs+h70tTWXB127ESi8eUX36zok=
26,12,de2gGqzpSyBROFtLSe2gvx6a2T0=,7cs+h70tTWXB127ESi8eUX36zok=
25,12,de2gGqzpSyBROFtLSe2gvx6a2T0=,7cs+h70tTWXB127ESi8eUX36zok=
30,11,de2gGqzpSyBROFtLSe2gvx6a2T0=,7cs+h70tTWXB127ESi8eUX36zok=
28,11,de2gGqzpSyBROFtLSe2gvx6a2T0=,7cs+h70tTWXB127ESi8eUX36zok=
29,11,de2gGqzpSyBROFtLSe2gvx6a2T0=,7cs+h70tTWXB127ESi8eUX36zok=
27,11,ytqmqsXfpEWhbwDlYS1OhFnCpMk=,7cs+h70tTWXB127ESi8eUX36zok=
26,11,ytqmqsXfpEWhbwDlYS1OhFnCpMk=,7cs+h70tTWXB127ESi8eUX36zok=
25,11,ytqmqsXfpEWhbwDlYS1OhFnCpMk=,7cs+h70tTWXB127ESi8eUX36zok=
30,10,ytqmqsXfpEWhbwDlYS1OhFnCpMk=,7cs+h70tTWXB127ESi8eUX36zok=
29,10,ytqmqsXfpEWhbwDlYS1OhFnCpMk=,7cs+h70tTWXB127ESi8eUX36zok=
28,10,ytqmqsXfpEWhbwDlYS1OhFnCpMk=,7cs+h70tTWXB127ESi8eUX36zok=
27,10,ytqmqsXfpEWhbwDlYS1OhFnCpMk=,7cs+h70tTWXB127ESi8eUX36zok=
26,10,ytqmqsXfpEWhbwDlYS1OhFnCpMk=,7cs+h70tTWXB127ESi8eUX36zok=
25,10,ytqmqsXfpEWhbwDlYS1OhFnCpMk=,7cs+h70tTWXB127ESi8eUX36zok=
29,9,ytqmqsXfpEWhbwDlYS1OhFnCpMk=,7cs+h70tTWXB127ESi8eUX36zok=
30,9,ytqmqsXfpEWhbwDlYS1OhFnCpMk=,7cs+h70tTWXB127ESi8eUX36zok=
20,11,ytqmqsXfpEWhbwDlYS1OhFnCpMk=,L0juBP0LTXIXlNbX3pcRu9yR8Dc=
24,14,ytqmqsXfpEWhbwDlYS1OhFnCpMk=,7cs+h70tTWXB127ESi8eUX36zok=
21,11,ytqmqsXfpEWhbwDlYS1OhFnCpMk=,L0juBP0LTXIXlNbX3pcRu9yR8Dc=
22,15,ytqmqsXfpEWhbwDlYS1OhFnCpMk=,L0juBP0LTXIXlNbX3pcRu9yR8Dc=
21,15,ytqmqsXfpEWhbwDlYS1OhFnCpMk=,L0juBP0LTXIXlNbX3pcRu9yR8Dc=
19,11,ytqmqsXfpEWhbwDlYS1OhFnCpMk=,L0juBP0LTXIXlNbX3pcRu9yR8Dc=
18,11,ytqmqsXfpEWhbwDlYS1OhFnCpMk=,L0juBP0LTXIXlNbX3pcRu9yR8Dc=
17,11,ytqmqsXfpEWhbwDlYS1OhFnCpMk=,L0juBP0LTXIXlNbX3pcRu9yR8Dc=
16,11,ytqmqsXfpEWhbwDlYS1OhFnCpMk=,L0juBP0LTXIXlNbX3pcRu9yR8Dc=
20,15,ytqmqsXfpEWhbwDlYS1OhFnCpMk=,L0juBP0LTXIXlNbX3pcRu9yR8Dc=
24,13,ytqmqsXfpEWhbwDlYS1OhFnCpMk=,7cs+h70tTWXB127ESi8eUX36zok=
19,15,ytqmqsXfpEWhbwDlYS1OhFnCpMk=,L0juBP0LTXIXlNbX3pcRu9yR8Dc=
18,15,ytqmqsXfpEWhbwDlYS1OhFnCpMk=,L0juBP0LTXIXlNbX3pcRu9yR8Dc=
17,15,ytqmqsXfpEWhbwDlYS1OhFnCpMk=,L0juBP0LTXIXlNbX3pcRu9yR8Dc=
23,10,ytqmqsXfpEWhbwDlYS1OhFnCpMk=,L0juBP0LTXIXlNbX3pcRu9yR8Dc=
22,10,ytqmqsXfpEWhbwDlYS1OhFnCpMk=,L0juBP0LTXIXlNbX3pcRu9yR8Dc=
21,10,ytqmqsXfpEWhbwDlYS1OhFnCpMk=,L0juBP0LTXIXlNbX3pcRu9yR8Dc=
23,14,ytqmqsXfpEWhbwDlYS1OhFnCpMk=,L0juBP0LTXIXlNbX3pcRu9yR8Dc=
22,14,ytqmqsXfpEWhbwDlYS1OhFnCpMk=,L0juBP0LTXIXlNbX3pcRu9yR8Dc=
21,14,ytqmqsXfpEWhbwDlYS1OhFnCpMk=,L0juBP0LTXIXlNbX3pcRu9yR8Dc=
20,14,ytqmqsXfpEWhbwDlYS1OhFnCpMk=,L0juBP0LTXIXlNbX3pcRu9yR8Dc=
19,14,ytqmqsXfpEWhbwDlYS1OhFnCpMk=,L0juBP0LTXIXlNbX3pcRu9yR8Dc=
24,12,ytqmqsXfpEWhbwDlYS1OhFnCpMk=,7cs+h70tTWXB127ESi8eUX36zok=
18,14,ytqmqsXfpEWhbwDlYS1OhFnCpMk=,L0juBP0LTXIXlNbX3pcRu9yR8Dc=
17,14,ytqmqsXfpEWhbwDlYS1OhFnCpMk=,L0juBP0LTXIXlNbX3pcRu9yR8Dc=
16,14,ytqmqsXfpEWhbwDlYS1OhFnCpMk=,L0juBP0LTXIXlNbX3pcRu9yR8Dc=
20,10,ytqmqsXfpEWhbwDlYS1OhFnCpMk=,L0juBP0LTXIXlNbX3pcRu9yR8Dc=
19,10,ytqmqsXfpEWhbwDlYS1OhFnCpMk=,L0juBP0LTXIXlNbX3pcRu9yR8Dc=
23,13,ytqmqsXfpEWhbwDlYS1OhFnCpMk=,L0juBP0LTXIXlNbX3pcRu9yR8Dc=
22,13,ytqmqsXfpEWhbwDlYS1OhFnCpMk=,L0juBP0LTXIXlNbX3pcRu9yR8Dc=
21,13,ytqmqsXfpEWhbwDlYS1OhFnCpMk=,L0juBP0LTXIXlNbX3pcRu9yR8Dc=
20,13,ytqmqsXfpEWhbwDlYS1OhFnCpMk=,L0juBP0LTXIXlNbX3pcRu9yR8Dc=
24,11,ytqmqsXfpEWhbwDlYS1OhFnCpMk=,7cs+h70tTWXB127ESi8eUX36zok=
19,13,ytqmqsXfpEWhbwDlYS1OhFnCpMk=,L0juBP0LTXIXlNbX3pcRu9yR8Dc=
18,10,ytqmqsXfpEWhbwDlYS1OhFnCpMk=,L0juBP0LTXIXlNbX3pcRu9yR8Dc=
17,10,ytqmqsXfpEWhbwDlYS1OhFnCpMk=,L0juBP0LTXIXlNbX3pcRu9yR8Dc=
16,10,ytqmqsXfpEWhbwDlYS1OhFnCpMk=,L0juBP0LTXIXlNbX3pcRu9yR8Dc=
18,13,ytqmqsXfpEWhbwDlYS1OhFnCpMk=,L0juBP0LTXIXlNbX3pcRu9yR8Dc=
24,10,ytqmqsXfpEWhbwDlYS1OhFnCpMk=,7cs+h70tTWXB127ESi8eUX36zok=
17,13,ytqmqsXfpEWhbwDlYS1OhFnCpMk=,L0juBP0LTXIXlNbX3pcRu9yR8Dc=
16,13,ytqmqsXfpEWhbwDlYS1OhFnCpMk=,L0juBP0LTXIXlNbX3pcRu9yR8Dc=
23,12,ytqmqsXfpEWhbwDlYS1OhFnCpMk=,L0juBP0LTXIXlNbX3pcRu9yR8Dc=
22,12,ytqmqsXfpEWhbwDlYS1OhFnCpMk=,L0juBP0LTXIXlNbX3pcRu9yR8Dc=
21,9,ytqmqsXfpEWhbwDlYS1OhFnCpMk=,L0juBP0LTXIXlNbX3pcRu9yR8Dc=
22,9,ytqmqsXfpEWhbwDlYS1OhFnCpMk=,L0juBP0LTXIXlNbX3pcRu9yR8Dc=
23,9,ytqmqsXfpEWhbwDlYS1OhFnCpMk=,L0juBP0LTXIXlNbX3pcRu9yR8Dc=
20,9,ytqmqsXfpEWhbwDlYS1OhFnCpMk=,L0juBP0LTXIXlNbX3pcRu9yR8Dc=
31,13,ytqmqsXfpEWhbwDlYS1OhFnCpMk=,7cs+h70tTWXB127ESi8eUX36zok=
31,14,ytqmqsXfpEWhbwDlYS1OhFnCpMk=,7cs+h70tTWXB127ESi8eUX36zok=
31,9,ytqmqsXfpEWhbwDlYS1OhFnCpMk=,7cs+h70tTWXB127ESi8eUX36zok=
31,10,ytqmqsXfpEWhbwDlYS1OhFnCpMk=,7cs+h70tTWXB127ESi8eUX36zok=
31,11,ytqmqsXfpEWhbwDlYS1OhFnCpMk=,7cs+h70tTWXB127ESi8eUX36zok=
31,12,ytqmqsXfpEWhbwDlYS1OhFnCpMk=,7cs+h70tTWXB127ESi8eUX36zok=
19,9,ytqmqsXfpEWhbwDlYS1OhFnCpMk=,L0juBP0LTXIXlNbX3pcRu9yR8Dc=
18,9,ytqmqsXfpEWhbwDlYS1OhFnCpMk=,L0juBP0LTXIXlNbX3pcRu9yR8Dc=
17,9,ytqmqsXfpEWhbwDlYS1OhFnCpMk=,L0juBP0LTXIXlNbX3pcRu9yR8Dc=
21,12,ytqmqsXfpEWhbwDlYS1OhFnCpMk=,L0juBP0LTXIXlNbX3pcRu9yR8Dc=
20,12,ytqmqsXfpEWhbwDlYS1OhFnCpMk=,L0juBP0LTXIXlNbX3pcRu9yR8Dc=
19,12,ytqmqsXfpEWhbwDlYS1OhFnCpMk=,L0juBP0LTXIXlNbX3pcRu9yR8Dc=
18,12,ytqmqsXfpEWhbwDlYS1OhFnCpMk=,L0juBP0LTXIXlNbX3pcRu9yR8Dc=
17,12,ytqmqsXfpEWhbwDlYS1OhFnCpMk=,L0juBP0LTXIXlNbX3pcRu9yR8Dc=
16,12,ytqmqsXfpEWhbwDlYS1OhFnCpMk=,L0juBP0LTXIXlNbX3pcRu9yR8Dc=
23,11,ytqmqsXfpEWhbwDlYS1OhFnCpMk=,L0juBP0LTXIXlNbX3pcRu9yR8Dc=
22,11,ytqmqsXfpEWhbwDlYS1OhFnCpMk=,L0juBP0LTXIXlNbX3pcRu9yR8Dc=
24,9,ytqmqsXfpEWhbwDlYS1OhFnCpMk=,7cs+h70tTWXB127ESi8eUX36zok=
16,9,ytqmqsXfpEWhbwDlYS1OhFnCpMk=,L0juBP0LTXIXlNbX3pcRu9yR8Dc=
24,15,ytqmqsXfpEWhbwDlYS1OhFnCpMk=,7cs+h70tTWXB127ESi8eUX36zok=
25,15,ytqmqsXfpEWhbwDlYS1OhFnCpMk=,7cs+h70tTWXB127ESi8eUX36zok=
26,15,ytqmqsXfpEWhbwDlYS1OhFnCpMk=,7cs+h70tTWXB127ESi8eUX36zok=
31,15,ytqmqsXfpEWhbwDlYS1OhFnCpMk=,7cs+h70tTWXB127ESi8eUX36zok=
23,15,ytqmqsXfpEWhbwDlYS1OhFnCpMk=,L0juBP0LTXIXlNbX3pcRu9yR8Dc=
30,15,ytqmqsXfpEWhbwDlYS1OhFnCpMk=,7cs+h70tTWXB127ESi8eUX36zok=
29,15,ytqmqsXfpEWhbwDlYS1OhFnCpMk=,7cs+h70tTWXB127ESi8eUX36zok=
28,15,ytqmqsXfpEWhbwDlYS1OhFnCpMk=,7cs+h70tTWXB127ESi8eUX36zok=
27,15,ytqmqsXfpEWhbwDlYS1OhFnCpMk=,7cs+h70tTWXB127ESi8eUX36zok=
29,3,ytqmqsXfpEWhbwDlYS1OhFnCpMk=,OIVfy6vGIhetGXeZsJaGZLDpwX0=
28,3,ytqmqsXfpEWhbwDlYS1OhFnCpMk=,OIVfy6vGIhetGXeZsJaGZLDpwX0=
30,3,ytqmqsXfpEWhbwDlYS1OhFnCpMk=,OIVfy6vGIhetGXeZsJaGZLDpwX0=
31,3,ytqmqsXfpEWhbwDlYS1OhFnCpMk=,OIVfy6vGIhetGXeZsJaGZLDpwX0=
31,7,ytqmqsXfpEWhbwDlYS1OhFnCpMk=,OIVfy6vGIhetGXeZsJaGZLDpwX0=
25,4,ytqmqsXfpEWhbwDlYS1OhFnCpMk=,OIVfy6vGIhetGXeZsJaGZLDpwX0=
27,3,ytqmqsXfpEWhbwDlYS1OhFnCpMk=,OIVfy6vGIhetGXeZsJaGZLDpwX0=
26,4,ytqmqsXfpEWhbwDlYS1OhFnCpMk=,OIVfy6vGIhetGXeZsJaGZLDpwX0=
30,7,ytqmqsXfpEWhbwDlYS1OhFnCpMk=,OIVfy6vGIhetGXeZsJaGZLDpwX0=
25,8,ytqmqsXfpEWhbwDlYS1OhFnCpMk=,7cs+h70tTWXB127ESi8eUX36zok=
29,7,ytqmqsXfpEWhbwDlYS1OhFnCpMk=,OIVfy6vGIhetGXeZsJaGZLDpwX0=
27,4,ytqmqsXfpEWhbwDlYS1OhFnCpMk=,OIVfy6vGIhetGXeZsJaGZLDpwX0=
26,3,ytqmqsXfpEWhbwDlYS1OhFnCpMk=,OIVfy6vGIhetGXeZsJaGZLDpwX0=
28,7,ytqmqsXfpEWhbwDlYS1OhFnCpMk=,OIVfy6vGIhetGXeZsJaGZLDpwX0=
25,3,ytqmqsXfpEWhbwDlYS1OhFnCpMk=,OIVfy6vGIhetGXeZsJaGZLDpwX0=
27,7,ytqmqsXfpEWhbwDlYS1OhFnCpMk=,OIVfy6vGIhetGXeZsJaGZLDpwX0=
31,2,ytqmqsXfpEWhbwDlYS1OhFnCpMk=,OIVfy6vGIhetGXeZsJaGZLDpwX0=
26,8,ytqmqsXfpEWhbwDlYS1OhFnCpMk=,7cs+h70tTWXB127ESi8eUX36zok=
28,4,ytqmqsXfpEWhbwDlYS1OhFnCpMk=,OIVfy6vGIhetGXeZsJaGZLDpwX0=
27,8,ytqmqsXfpEWhbwDlYS1OhFnCpMk=,7cs+h70tTWXB127ESi8eUX36zok=
28,8,ytqmqsXfpEWhbwDlYS1OhFnCpMk=,7cs+h70tTWXB127ESi8eUX36zok=
29,4,ytqmqsXfpEWhbwDlYS1OhFnCpMk=,OIVfy6vGIhetGXeZsJaGZLDpwX0=
29,8,ytqmqsXfpEWhbwDlYS1OhFnCpMk=,7cs+h70tTWXB127ESi8eUX36zok=
30,8,ytqmqsXfpEWhbwDlYS1OhFnCpMk=,7cs+h70tTWXB127ESi8eUX36zok=
31,8,ytqmqsXfpEWhbwDlYS1OhFnCpMk=,7cs+h70tTWXB127ESi8eUX36zok=
30,4,ytqmqsXfpEWhbwDlYS1OhFnCpMk=,OIVfy6vGIhetGXeZsJaGZLDpwX0=
31,4,ytqmqsXfpEWhbwDlYS1OhFnCpMk=,OIVfy6vGIhetGXeZsJaGZLDpwX0=
26,7,ytqmqsXfpEWhbwDlYS1OhFnCpMk=,OIVfy6vGIhetGXeZsJaGZLDpwX0=
25,5,ytqmqsXfpEWhbwDlYS1OhFnCpMk=,OIVfy6vGIhetGXeZsJaGZLDpwX0=
30,2,ytqmqsXfpEWhbwDlYS1OhFnCpMk=,OIVfy6vGIhetGXeZsJaGZLDpwX0=
26,5,ytqmqsXfpEWhbwDlYS1OhFnCpMk=,OIVfy6vGIhetGXeZsJaGZLDpwX0=
29,2,ytqmqsXfpEWhbwDlYS1OhFnCpMk=,OIVfy6vGIhetGXeZsJaGZLDpwX0=
27,5,ytqmqsXfpEWhbwDlYS1OhFnCpMk=,OIVfy6vGIhetGXeZsJaGZLDpwX0=
27,2,ytqmqsXfpEWhbwDlYS1OhFnCpMk=,OIVfy6vGIhetGXeZsJaGZLDpwX0=
28,2,ytqmqsXfpEWhbwDlYS1OhFnCpMk=,OIVfy6vGIhetGXeZsJaGZLDpwX0=
26,2,ytqmqsXfpEWhbwDlYS1OhFnCpMk=,OIVfy6vGIhetGXeZsJaGZLDpwX0=
28,5,ytqmqsXfpEWhbwDlYS1OhFnCpMk=,OIVfy6vGIhetGXeZsJaGZLDpwX0=
29,5,ytqmqsXfpEWhbwDlYS1OhFnCpMk=,OIVfy6vGIhetGXeZsJaGZLDpwX0=
31,1,ytqmqsXfpEWhbwDlYS1OhFnCpMk=,OIVfy6vGIhetGXeZsJaGZLDpwX0=
25,0,ytqmqsXfpEWhbwDlYS1OhFnCpMk=,OIVfy6vGIhetGXeZsJaGZLDpwX0=
30,5,ytqmqsXfpEWhbwDlYS1OhFnCpMk=,OIVfy6vGIhetGXeZsJaGZLDpwX0=
25,2,ytqmqsXfpEWhbwDlYS1OhFnCpMk=,OIVfy6vGIhetGXeZsJaGZLDpwX0=
26,0,ytqmqsXfpEWhbwDlYS1OhFnCpMk=,OIVfy6vGIhetGXeZsJaGZLDpwX0=
31,5,ytqmqsXfpEWhbwDlYS1OhFnCpMk=,OIVfy6vGIhetGXeZsJaGZLDpwX0=
25,7,ytqmqsXfpEWhbwDlYS1OhFnCpMk=,OIVfy6vGIhetGXeZsJaGZLDpwX0=
27,0,ytqmqsXfpEWhbwDlYS1OhFnCpMk=,OIVfy6vGIhetGXeZsJaGZLDpwX0=
30,1,ytqmqsXfpEWhbwDlYS1OhFnCpMk=,OIVfy6vGIhetGXeZsJaGZLDpwX0=
29,1,ytqmqsXfpEWhbwDlYS1OhFnCpMk=,OIVfy6vGIhetGXeZsJaGZLDpwX0=
28,0,ytqmqsXfpEWhbwDlYS1OhFnCpMk=,OIVfy6vGIhetGXeZsJaGZLDpwX0=
29,0,ytqmqsXfpEWhbwDlYS1OhFnCpMk=,OIVfy6vGIhetGXeZsJaGZLDpwX0=
28,1,ytqmqsXfpEWhbwDlYS1OhFnCpMk=,OIVfy6vGIhetGXeZsJaGZLDpwX0=
31,6,ytqmqsXfpEWhbwDlYS1OhFnCpMk=,OIVfy6vGIhetGXeZsJaGZLDpwX0=
30,6,ytqmqsXfpEWhbwDlYS1OhFnCpMk=,OIVfy6vGIhetGXeZsJaGZLDpwX0=
29,6,ytqmqsXfpEWhbwDlYS1OhFnCpMk=,OIVfy6vGIhetGXeZsJaGZLDpwX0=
28,6,ytqmqsXfpEWhbwDlYS1OhFnCpMk=,OIVfy6vGIhetGXeZsJaGZLDpwX0=
27,1,ytqmqsXfpEWhbwDlYS1OhFnCpMk=,OIVfy6vGIhetGXeZsJaGZLDpwX0=
25,6,ytqmqsXfpEWhbwDlYS1OhFnCpMk=,OIVfy6vGIhetGXeZsJaGZLDpwX0=
31,0,ytqmqsXfpEWhbwDlYS1OhFnCpMk=,OIVfy6vGIhetGXeZsJaGZLDpwX0=
30,0,ytqmqsXfpEWhbwDlYS1OhFnCpMk=,OIVfy6vGIhetGXeZsJaGZLDpwX0=
27,6,ytqmqsXfpEWhbwDlYS1OhFnCpMk=,OIVfy6vGIhetGXeZsJaGZLDpwX0=
26,6,ytqmqsXfpEWhbwDlYS1OhFnCpMk=,OIVfy6vGIhetGXeZsJaGZLDpwX0=
25,1,ytqmqsXfpEWhbwDlYS1OhFnCpMk=,OIVfy6vGIhetGXeZsJaGZLDpwX0=
26,1,ytqmqsXfpEWhbwDlYS1OhFnCpMk=,OIVfy6vGIhetGXeZsJaGZLDpwX0=
16,15,ytqmqsXfpEWhbwDlYS1OhFnCpMk=,L0juBP0LTXIXlNbX3pcRu9yR8Dc=
22,2,ytqmqsXfpEWhbwDlYS1OhFnCpMk=,wmM+PjoI6iVtKObGPhGm/imZ/CA=
21,2,ytqmqsXfpEWhbwDlYS1OhFnCpMk=,wmM+PjoI6iVtKObGPhGm/imZ/CA=
23,7,ytqmqsXfpEWhbwDlYS1OhFnCpMk=,wmM+PjoI6iVtKObGPhGm/imZ/CA=
22,7,ytqmqsXfpEWhbwDlYS1OhFnCpMk=,wmM+PjoI6iVtKObGPhGm/imZ/CA=
21,7,ytqmqsXfpEWhbwDlYS1OhFnCpMk=,wmM+PjoI6iVtKObGPhGm/imZ/CA=
23,2,ytqmqsXfpEWhbwDlYS1OhFnCpMk=,wmM+PjoI6iVtKObGPhGm/imZ/CA=
20,7,ytqmqsXfpEWhbwDlYS1OhFnCpMk=,wmM+PjoI6iVtKObGPhGm/imZ/CA=
19,7,ytqmqsXfpEWhbwDlYS1OhFnCpMk=,wmM+PjoI6iVtKObGPhGm/imZ/CA=
18,7,ytqmqsXfpEWhbwDlYS1OhFnCpMk=,wmM+PjoI6iVtKObGPhGm/imZ/CA=
17,7,ytqmqsXfpEWhbwDlYS1OhFnCpMk=,wmM+PjoI6iVtKObGPhGm/imZ/CA=
16,3,ytqmqsXfpEWhbwDlYS1OhFnCpMk=,wmM+PjoI6iVtKObGPhGm/imZ/CA=
16,7,ytqmqsXfpEWhbwDlYS1OhFnCpMk=,wmM+PjoI6iVtKObGPhGm/imZ/CA=
21,6,ytqmqsXfpEWhbwDlYS1OhFnCpMk=,wmM+PjoI6iVtKObGPhGm/imZ/CA=
23,6,ytqmqsXfpEWhbwDlYS1OhFnCpMk=,wmM+PjoI6iVtKObGPhGm/imZ/CA=
22,6,ytqmqsXfpEWhbwDlYS1OhFnCpMk=,wmM+PjoI6iVtKObGPhGm/imZ/CA=
16,2,ytqmqsXfpEWhbwDlYS1OhFnCpMk=,wmM+PjoI6iVtKObGPhGm/imZ/CA=
20,6,ytqmqsXfpEWhbwDlYS1OhFnCpMk=,wmM+PjoI6iVtKObGPhGm/imZ/CA=
24,3,ytqmqsXfpEWhbwDlYS1OhFnCpMk=,OIVfy6vGIhetGXeZsJaGZLDpwX0=
20,2,ytqmqsXfpEWhbwDlYS1OhFnCpMk=,wmM+PjoI6iVtKObGPhGm/imZ/CA=
24,2,ytqmqsXfpEWhbwDlYS1OhFnCpMk=,OIVfy6vGIhetGXeZsJaGZLDpwX0=
24,7,ytqmqsXfpEWhbwDlYS1OhFnCpMk=,OIVfy6vGIhetGXeZsJaGZLDpwX0=
18,1,ytqmqsXfpEWhbwDlYS1OhFnCpMk=,wmM+PjoI6iVtKObGPhGm/imZ/CA=
23,1,ytqmqsXfpEWhbwDlYS1OhFnCpMk=,wmM+PjoI6iVtKObGPhGm/imZ/CA=
19,6,ytqmqsXfpEWhbwDlYS1OhFnCpMk=,wmM+PjoI6iVtKObGPhGm/imZ/CA=
18,6,ytqmqsXfpEWhbwDlYS1OhFnCpMk=,wmM+PjoI6iVtKObGPhGm/imZ/CA=
24,1,ytqmqsXfpEWhbwDlYS1OhFnCpMk=,OIVfy6vGIhetGXeZsJaGZLDpwX0=
24,4,ytqmqsXfpEWhbwDlYS1OhFnCpMk=,OIVfy6vGIhetGXeZsJaGZLDpwX0=
17,6,ytqmqsXfpEWhbwDlYS1OhFnCpMk=,wmM+PjoI6iVtKObGPhGm/imZ/CA=
16,6,ytqmqsXfpEWhbwDlYS1OhFnCpMk=,wmM+PjoI6iVtKObGPhGm/imZ/CA=
23,5,ytqmqsXfpEWhbwDlYS1OhFnCpMk=,wmM+PjoI6iVtKObGPhGm/imZ/CA=
22,1,ytqmqsXfpEWhbwDlYS1OhFnCpMk=,wmM+PjoI6iVtKObGPhGm/imZ/CA=
24,6,ytqmqsXfpEWhbwDlYS1OhFnCpMk=,OIVfy6vGIhetGXeZsJaGZLDpwX0=
17,3,ytqmqsXfpEWhbwDlYS1OhFnCpMk=,wmM+PjoI6iVtKObGPhGm/imZ/CA=
22,5,ytqmqsXfpEWhbwDlYS1OhFnCpMk=,wmM+PjoI6iVtKObGPhGm/imZ/CA=
21,5,ytqmqsXfpEWhbwDlYS1OhFnCpMk=,wmM+PjoI6iVtKObGPhGm/imZ/CA=
24,0,ytqmqsXfpEWhbwDlYS1OhFnCpMk=,OIVfy6vGIhetGXeZsJaGZLDpwX0=
19,5,ytqmqsXfpEWhbwDlYS1OhFnCpMk=,wmM+PjoI6iVtKObGPhGm/imZ/CA=
23,8,ytqmqsXfpEWhbwDlYS1OhFnCpMk=,L0juBP0LTXIXlNbX3pcRu9yR8Dc=
20,5,ytqmqsXfpEWhbwDlYS1OhFnCpMk=,wmM+PjoI6iVtKObGPhGm/imZ/CA=
22,8,ytqmqsXfpEWhbwDlYS1OhFnCpMk=,L0juBP0LTXIXlNbX3pcRu9yR8Dc=
21,8,ytqmqsXfpEWhbwDlYS1OhFnCpMk=,L0juBP0LTXIXlNbX3pcRu9yR8Dc=
19,1,ytqmqsXfpEWhbwDlYS1OhFnCpMk=,wmM+PjoI6iVtKObGPhGm/imZ/CA=
18,5,ytqmqsXfpEWhbwDlYS1OhFnCpMk=,wmM+PjoI6iVtKObGPhGm/imZ/CA=
20,8,ytqmqsXfpEWhbwDlYS1OhFnCpMk=,L0juBP0LTXIXlNbX3pcRu9yR8Dc=
19,8,ytqmqsXfpEWhbwDlYS1OhFnCpMk=,L0juBP0LTXIXlNbX3pcRu9yR8Dc=
18,8,ytqmqsXfpEWhbwDlYS1OhFnCpMk=,L0juBP0LTXIXlNbX3pcRu9yR8Dc=
24,5,ytqmqsXfpEWhbwDlYS1OhFnCpMk=,OIVfy6vGIhetGXeZsJaGZLDpwX0=
18,3,ytqmqsXfpEWhbwDlYS1OhFnCpMk=,wmM+PjoI6iVtKObGPhGm/imZ/CA=
17,8,ytqmqsXfpEWhbwDlYS1OhFnCpMk=,L0juBP0LTXIXlNbX3pcRu9yR8Dc=
17,5,ytqmqsXfpEWhbwDlYS1OhFnCpMk=,wmM+PjoI6iVtKObGPhGm/imZ/CA=
23,4,ytqmqsXfpEWhbwDlYS1OhFnCpMk=,wmM+PjoI6iVtKObGPhGm/imZ/CA=
19,3,ytqmqsXfpEWhbwDlYS1OhFnCpMk=,wmM+PjoI6iVtKObGPhGm/imZ/CA=
16,8,ytqmqsXfpEWhbwDlYS1OhFnCpMk=,L0juBP0LTXIXlNbX3pcRu9yR8Dc=
16,5,ytqmqsXfpEWhbwDlYS1OhFnCpMk=,wmM+PjoI6iVtKObGPhGm/imZ/CA=
19,2,ytqmqsXfpEWhbwDlYS1OhFnCpMk=,wmM+PjoI6iVtKObGPhGm/imZ/CA=
17,1,ytqmqsXfpEWhbwDlYS1OhFnCpMk=,wmM+PjoI6iVtKObGPhGm/imZ/CA=
17,2,ytqmqsXfpEWhbwDlYS1OhFnCpMk=,wmM+PjoI6iVtKObGPhGm/imZ/CA=
23,0,ytqmqsXfpEWhbwDlYS1OhFnCpMk=,wmM+PjoI6iVtKObGPhGm/imZ/CA=
22,0,ytqmqsXfpEWhbwDlYS1OhFnCpMk=,wmM+PjoI6iVtKObGPhGm/imZ/CA=
16,1,ytqmqsXfpEWhbwDlYS1OhFnCpMk=,wmM+PjoI6iVtKObGPhGm/imZ/CA=
19,0,ytqmqsXfpEWhbwDlYS1OhFnCpMk=,wmM+PjoI6iVtKObGPhGm/imZ/CA=
21,0,ytqmqsXfpEWhbwDlYS1OhFnCpMk=,wmM+PjoI6iVtKObGPhGm/imZ/CA=
22,4,ytqmqsXfpEWhbwDlYS1OhFnCpMk=,wmM+PjoI6iVtKObGPhGm/imZ/CA=
21,4,ytqmqsXfpEWhbwDlYS1OhFnCpMk=,wmM+PjoI6iVtKObGPhGm/imZ/CA=
17,0,ytqmqsXfpEWhbwDlYS1OhFnCpMk=,wmM+PjoI6iVtKObGPhGm/imZ/CA=
20,3,ytqmqsXfpEWhbwDlYS1OhFnCpMk=,wmM+PjoI6iVtKObGPhGm/imZ/CA=
18,0,ytqmqsXfpEWhbwDlYS1OhFnCpMk=,wmM+PjoI6iVtKObGPhGm/imZ/CA=
20,4,ytqmqsXfpEWhbwDlYS1OhFnCpMk=,wmM+PjoI6iVtKObGPhGm/imZ/CA=
21,1,ytqmqsXfpEWhbwDlYS1OhFnCpMk=,wmM+PjoI6iVtKObGPhGm/imZ/CA=
24,8,ytqmqsXfpEWhbwDlYS1OhFnCpMk=,7cs+h70tTWXB127ESi8eUX36zok=
18,2,ytqmqsXfpEWhbwDlYS1OhFnCpMk=,wmM+PjoI6iVtKObGPhGm/imZ/CA=
20,0,ytqmqsXfpEWhbwDlYS1OhFnCpMk=,wmM+PjoI6iVtKObGPhGm/imZ/CA=
21,3,ytqmqsXfpEWhbwDlYS1OhFnCpMk=,wmM+PjoI6iVtKObGPhGm/imZ/CA=
18,4,ytqmqsXfpEWhbwDlYS1OhFnCpMk=,wmM+PjoI6iVtKObGPhGm/imZ/CA=
19,4,ytqmqsXfpEWhbwDlYS1OhFnCpMk=,wmM+PjoI6iVtKObGPhGm/imZ/CA=
17,4,ytqmqsXfpEWhbwDlYS1OhFnCpMk=,wmM+PjoI6iVtKObGPhGm/imZ/CA=
23,3,ytqmqsXfpEWhbwDlYS1OhFnCpMk=,wmM+PjoI6iVtKObGPhGm/imZ/CA=
16,0,ytqmqsXfpEWhbwDlYS1OhFnCpMk=,wmM+PjoI6iVtKObGPhGm/imZ/CA=
20,1,ytqmqsXfpEWhbwDlYS1OhFnCpMk=,wmM+PjoI6iVtKObGPhGm/imZ/CA=
16,4,ytqmqsXfpEWhbwDlYS1OhFnCpMk=,wmM+PjoI6iVtKObGPhGm/imZ/CA=
22,3,ytqmqsXfpEWhbwDlYS1OhFnCpMk=,wmM+PjoI6iVtKObGPhGm/imZ/CA=
1,25,aQCfmIa/eJtwv20io0J1+zPAAx8=,zhnDHgTdc5UzPT+/fKBD0svu5KQ=
2,25,aQCfmIa/eJtwv20io0J1+zPAAx8=,zhnDHgTdc5UzPT+/fKBD0svu5KQ=
3,25,aQCfmIa/eJtwv20io0J1+zPAAx8=,zhnDHgTdc5UzPT+/fKBD0svu5KQ=
6,30,aQCfmIa/eJtwv20io0J1+zPAAx8=,zhnDHgTdc5UzPT+/fKBD0svu5KQ=
4,25,aQCfmIa/eJtwv20io0J1+zPAAx8=,zhnDHgTdc5UzPT+/fKBD0svu5KQ=
5,25,aQCfmIa/eJtwv20io0J1+zPAAx8=,zhnDHgTdc5UzPT+/fKBD0svu5KQ=
6,25,aQCfmIa/eJtwv20io0J1+zPAAx8=,zhnDHgTdc5UzPT+/fKBD0svu5KQ=
1,26,aQCfmIa/eJtwv20io0J1+zPAAx8=,zhnDHgTdc5UzPT+/fKBD0svu5KQ=
2,26,aQCfmIa/eJtwv20io0J1+zPAAx8=,zhnDHgTdc5UzPT+/fKBD0svu5KQ=
3,26,aQCfmIa/eJtwv20io0J1+zPAAx8=,zhnDHgTdc5UzPT+/fKBD0svu5KQ=
4,26,aQCfmIa/eJtwv20io0J1+zPAAx8=,zhnDHgTdc5UzPT+/fKBD0svu5KQ=
5,26,aQCfmIa/eJtwv20io0J1+zPAAx8=,zhnDHgTdc5UzPT+/fKBD0svu5KQ=
6,26,aQCfmIa/eJtwv20io0J1+zPAAx8=,zhnDHgTdc5UzPT+/fKBD0svu5KQ=
1,27,aQCfmIa/eJtwv20io0J1+zPAAx8=,zhnDHgTdc5UzPT+/fKBD0svu5KQ=
2,27,aQCfmIa/eJtwv20io0J1+zPAAx8=,zhnDHgTdc5UzPT+/fKBD0svu5KQ=
3,27,aQCfmIa/eJtwv20io0J1+zPAAx8=,zhnDHgTdc5UzPT+/fKBD0svu5KQ=
4,27,aQCfmIa/eJtwv20io0J1+zPAAx8=,zhnDHgTdc5UzPT+/fKBD0svu5KQ=
5,27,aQCfmIa/eJtwv20io0J1+zPAAx8=,zhnDHgTdc5UzPT+/fKBD0svu5KQ=
6,27,aQCfmIa/eJtwv20io0J1+zPAAx8=,zhnDHgTdc5UzPT+/fKBD0svu5KQ=
1,28,aQCfmIa/eJtwv20io0J1+zPAAx8=,zhnDHgTdc5UzPT+/fKBD0svu5KQ=
2,28,aQCfmIa/eJtwv20io0J1+zPAAx8=,zhnDHgTdc5UzPT+/fKBD0svu5KQ=
3,28,aQCfmIa/eJtwv20io0J1+zPAAx8=,zhnDHgTdc5UzPT+/fKBD0svu5KQ=
4,28,aQCfmIa/eJtwv20io0J1+zPAAx8=,zhnDHgTdc5UzPT+/fKBD0svu5KQ=
5,28,aQCfmIa/eJtwv20io0J1+zPAAx8=,zhnDHgTdc5UzPT+/fKBD0svu5KQ=
6,28,aQCfmIa/eJtwv20io0J1+zPAAx8=,zhnDHgTdc5UzPT+/fKBD0svu5KQ=
1,29,aQCfmIa/eJtwv20io0J1+zPAAx8=,zhnDHgTdc5UzPT+/fKBD0svu5KQ=
2,30,aQCfmIa/eJtwv20io0J1+zPAAx8=,zhnDHgTdc5UzPT+/fKBD0svu5KQ=
1,30,aQCfmIa/eJtwv20io0J1+zPAAx8=,zhnDHgTdc5UzPT+/fKBD0svu5KQ=
3,30,aQCfmIa/eJtwv20io0J1+zPAAx8=,zhnDHgTdc5UzPT+/fKBD0svu5KQ=
5,30,aQCfmIa/eJtwv20io0J1+zPAAx8=,zhnDHgTdc5UzPT+/fKBD0svu5KQ=
5,29,aQCfmIa/eJtwv20io0J1+zPAAx8=,zhnDHgTdc5UzPT+/fKBD0svu5KQ=
6,29,aQCfmIa/eJtwv20io0J1+zPAAx8=,zhnDHgTdc5UzPT+/fKBD0svu5KQ=
4,29,aQCfmIa/eJtwv20io0J1+zPAAx8=,zhnDHgTdc5UzPT+/fKBD0svu5KQ=
2,29,aQCfmIa/eJtwv20io0J1+zPAAx8=,zhnDHgTdc5UzPT+/fKBD0svu5KQ=
3,29,aQCfmIa/eJtwv20io0J1+zPAAx8=,zhnDHgTdc5UzPT+/fKBD0svu5KQ=
4,30,aQCfmIa/eJtwv20io0J1+zPAAx8=,zhnDHgTdc5UzPT+/fKBD0svu5KQ=
4,31,aQCfmIa/eJtwv20io0J1+zPAAx8=,zhnDHgTdc5UzPT+/fKBD0svu5KQ=
5,31,aQCfmIa/eJtwv20io0J1+zPAAx8=,zhnDHgTdc5UzPT+/fKBD0svu5KQ=
6,31,aQCfmIa/eJtwv20io0J1+zPAAx8=,zhnDHgTdc5UzPT+/fKBD0svu5KQ=
1,31,aQCfmIa/eJtwv20io0J1+zPAAx8=,zhnDHgTdc5UzPT+/fKBD0svu5KQ=
2,31,aQCfmIa/eJtwv20io0J1+zPAAx8=,zhnDHgTdc5UzPT+/fKBD0svu5KQ=
3,31,aQCfmIa/eJtwv20io0J1+zPAAx8=,zhnDHgTdc5UzPT+/fKBD0svu5KQ=
0,24,aQCfmIa/eJtwv20io0J1+zPAAx8=,zhnDHgTdc5UzPT+/fKBD0svu5KQ=
0,25,aQCfmIa/eJtwv20io0J1+zPAAx8=,zhnDHgTdc5UzPT+/fKBD0svu5KQ=
0,26,aQCfmIa/eJtwv20io0J1+zPAAx8=,zhnDHgTdc5UzPT+/fKBD0svu5KQ=
0,27,aQCfmIa/eJtwv20io0J1+zPAAx8=,zhnDHgTdc5UzPT+/fKBD0svu5KQ=
0,28,aQCfmIa/eJtwv20io0J1+zPAAx8=,zhnDHgTdc5UzPT+/fKBD0svu5KQ=
0,29,aQCfmIa/eJtwv20io0J1+zPAAx8=,zhnDHgTdc5UzPT+/fKBD0svu5KQ=
0,30,aQCfmIa/eJtwv20io0J1+zPAAx8=,zhnDHgTdc5UzPT+/fKBD0svu5KQ=
12,29,B0EqWj/8UCjGf+clJs82lv1pEpU=,y6bO1gCbgvDRAINhABxCz1JAEIc=
13,29,B0EqWj/8UCjGf+clJs82lv1pEpU=,y6bO1gCbgvDRAINhABxCz1JAEIc=
14,29,B0EqWj/8UCjGf+clJs82lv1pEpU=,y6bO1gCbgvDRAINhABxCz1JAEIc=
11,29,B0EqWj/8UCjGf+clJs82lv1pEpU=,y6bO1gCbgvDRAINhABxCz1JAEIc=
15,29,B0EqWj/8UCjGf+clJs82lv1pEpU=,y6bO1gCbgvDRAINhABxCz1JAEIc=
8,30,B0EqWj/8UCjGf+clJs82lv1pEpU=,y6bO1gCbgvDRAINhABxCz1JAEIc=
9,30,B0EqWj/8UCjGf+clJs82lv1pEpU=,y6bO1gCbgvDRAINhABxCz1JAEIc=
10,29,B0EqWj/8UCjGf+clJs82lv1pEpU=,y6bO1gCbgvDRAINhABxCz1JAEIc=
10,30,B0EqWj/8UCjGf+clJs82lv1pEpU=,y6bO1gCbgvDRAINhABxCz1JAEIc=
11,30,B0EqWj/8UCjGf+clJs82lv1pEpU=,y6bO1gCbgvDRAINhABxCz1JAEIc=
12,30,B0EqWj/8UCjGf+clJs82lv1pEpU=,y6bO1gCbgvDRAINhABxCz1JAEIc=
6,24,B0EqWj/8UCjGf+clJs82lv1pEpU=,zhnDHgTdc5UzPT+/fKBD0svu5KQ=
9,29,B0EqWj/8UCjGf+clJs82lv1pEpU=,y6bO1gCbgvDRAINhABxCz1JAEIc=
13,30,B0EqWj/8UCjGf+clJs82lv1pEpU=,y6bO1gCbgvDRAINhABxCz1JAEIc=
7,30,B0EqWj/8UCjGf+clJs82lv1pEpU=,zhnDHgTdc5UzPT+/fKBD0svu5KQ=
2,24,B0EqWj/8UCjGf+clJs82lv1pEpU=,zhnDHgTdc5UzPT+/fKBD0svu5KQ=
1,24,B0EqWj/8UCjGf+clJs82lv1pEpU=,zhnDHgTdc5UzPT+/fKBD0svu5KQ=
8,29,B0EqWj/8UCjGf+clJs82lv1pEpU=,y6bO1gCbgvDRAINhABxCz1JAEIc=
3,24,B0EqWj/8UCjGf+clJs82lv1pEpU=,zhnDHgTdc5UzPT+/fKBD0svu5KQ=
5,24,B0EqWj/8UCjGf+clJs82lv1pEpU=,zhnDHgTdc5UzPT+/fKBD0svu5KQ=
4,24,B0EqWj/8UCjGf+clJs82lv1pEpU=,zhnDHgTdc5UzPT+/fKBD0svu5KQ=
14,30,B0EqWj/8UCjGf+clJs82lv1pEpU=,y6bO1gCbgvDRAINhABxCz1JAEIc=
15,30,B0EqWj/8UCjGf+clJs82lv1pEpU=,y6bO1gCbgvDRAINhABxCz1JAEIc=
7,31,B0EqWj/8UCjGf+clJs82lv1pEpU=,zhnDHgTdc5UzPT+/fKBD0svu5KQ=
15,28,B0EqWj/8UCjGf+clJs82lv1pEpU=,y6bO1gCbgvDRAINhABxCz1JAEIc=
8,24,B0EqWj/8UCjGf+clJs82lv1pEpU=,y6bO1gCbgvDRAINhABxCz1JAEIc=
14,28,B0EqWj/8UCjGf+clJs82lv1pEpU=,y6bO1gCbgvDRAINhABxCz1JAEIc=
9,24,B0EqWj/8UCjGf+clJs82lv1pEpU=,y6bO1gCbgvDRAINhABxCz1JAEIc=
13,28,B0EqWj/8UCjGf+clJs82lv1pEpU=,y6bO1gCbgvDRAINhABxCz1JAEIc=
12,28,B0EqWj/8UCjGf+clJs82lv1pEpU=,y6bO1gCbgvDRAINhABxCz1JAEIc=
10,24,B0EqWj/8UCjGf+clJs82lv1pEpU=,y6bO1gCbgvDRAINhABxCz1JAEIc=
11,28,B0EqWj/8UCjGf+clJs82lv1pEpU=,y6bO1gCbgvDRAINhABxCz1JAEIc=
10,28,B0EqWj/8UCjGf+clJs82lv1pEpU=,y6bO1gCbgvDRAINhABxCz1JAEIc=
7,24,B0EqWj/8UCjGf+clJs82lv1pEpU=,zhnDHgTdc5UzPT+/fKBD0svu5KQ=
11,24,B0EqWj/8UCjGf+clJs82lv1pEpU=,y6bO1gCbgvDRAINhABxCz1JAEIc=
9,28,B0EqWj/8UCjGf+clJs82lv1pEpU=,y6bO1gCbgvDRAINhABxCz1JAEIc=
12,24,B0EqWj/8UCjGf+clJs82lv1pEpU=,y6bO1gCbgvDRAINhABxCz1JAEIc=
8,28,B0EqWj/8UCjGf+clJs82lv1pEpU=,y6bO1gCbgvDRAINhABxCz1JAEIc=
13,24,B0EqWj/8UCjGf+clJs82lv1pEpU=,y6bO1gCbgvDRAINhABxCz1JAEIc=
7,29,B0EqWj/8UCjGf+clJs82lv1pEpU=,zhnDHgTdc5UzPT+/fKBD0svu5KQ=
15,27,B0EqWj/8UCjGf+clJs82lv1pEpU=,y6bO1gCbgvDRAINhABxCz1JAEIc=
14,27,B0EqWj/8UCjGf+clJs82lv1pEpU=,y6bO1gCbgvDRAINhABxCz1JAEIc=
13,27,B0EqWj/8UCjGf+clJs82lv1pEpU=,y6bO1gCbgvDRAINhABxCz1JAEIc=
12,27,B0EqWj/8UCjGf+clJs82lv1pEpU=,y6bO1gCbgvDRAINhABxCz1JAEIc=
7,28,B0EqWj/8UCjGf+clJs82lv1pEpU=,zhnDHgTdc5UzPT+/fKBD0svu5KQ=
14,24,B0EqWj/8UCjGf+clJs82lv1pEpU=,y6bO1gCbgvDRAINhABxCz1JAEIc=
10,27,B0EqWj/8UCjGf+clJs82lv1pEpU=,y6bO1gCbgvDRAINhABxCz1JAEIc=
11,27,B0EqWj/8UCjGf+clJs82lv1pEpU=,y6bO1gCbgvDRAINhABxCz1JAEIc=
15,31,B0EqWj/8UCjGf+clJs82lv1pEpU=,y6bO1gCbgvDRAINhABxCz1JAEIc=
9,27,B0EqWj/8UCjGf+clJs82lv1pEpU=,y6bO1gCbgvDRAINhABxCz1JAEIc=
14,31,B0EqWj/8UCjGf+clJs82lv1pEpU=,y6bO1gCbgvDRAINhABxCz1JAEIc=
12,31,B0EqWj/8UCjGf+clJs82lv1pEpU=,y6bO1gCbgvDRAINhABxCz1JAEIc=
11,31,B0EqWj/8UCjGf+clJs82lv1pEpU=,y6bO1gCbgvDRAINhABxCz1JAEIc=
10,31,B0EqWj/8UCjGf+clJs82lv1pEpU=,y6bO1gCbgvDRAINhABxCz1JAEIc=
15,24,B0EqWj/8UCjGf+clJs82lv1pEpU=,y6bO1gCbgvDRAINhABxCz1JAEIc=
7,27,B0EqWj/8UCjGf+clJs82lv1pEpU=,zhnDHgTdc5UzPT+/fKBD0svu5KQ=
9,31,B0EqWj/8UCjGf+clJs82lv1pEpU=,y6bO1gCbgvDRAINhABxCz1JAEIc=
8,27,B0EqWj/8UCjGf+clJs82lv1pEpU=,y6bO1gCbgvDRAINhABxCz1JAEIc=
15,26,B0EqWj/8UCjGf+clJs82lv1pEpU=,y6bO1gCbgvDRAINhABxCz1JAEIc=
8,31,B0EqWj/8UCjGf+clJs82lv1pEpU=,y6bO1gCbgvDRAINhABxCz1JAEIc=
13,31,B0EqWj/8UCjGf+clJs82lv1pEpU=,y6bO1gCbgvDRAINhABxCz1JAEIc=
14,26,B0EqWj/8UCjGf+clJs82lv1pEpU=,y6bO1gCbgvDRAINhABxCz1JAEIc=
7,26,B0EqWj/8UCjGf+clJs82lv1pEpU=,zhnDHgTdc5UzPT+/fKBD0svu5KQ=
13,26,B0EqWj/8UCjGf+clJs82lv1pEpU=,y6bO1gCbgvDRAINhABxCz1JAEIc=
8,25,B0EqWj/8UCjGf+clJs82lv1pEpU=,y6bO1gCbgvDRAINhABxCz1JAEIc=
11,26,B0EqWj/8UCjGf+clJs82lv1pEpU=,y6bO1gCbgvDRAINhABxCz1JAEIc=
10,26,B0EqWj/8UCjGf+clJs82lv1pEpU=,y6bO1gCbgvDRAINhABxCz1JAEIc=
9,26,B0EqWj/8UCjGf+clJs82lv1pEpU=,y6bO1gCbgvDRAINhABxCz1JAEIc=
8,26,B0EqWj/8UCjGf+clJs82lv1pEpU=,y6bO1gCbgvDRAINhABxCz1JAEIc=
15,25,B0EqWj/8UCjGf+clJs82lv1pEpU=,y6bO1gCbgvDRAINhABxCz1JAEIc=
9,25,B0EqWj/8UCjGf+clJs82lv1pEpU=,y6bO1gCbgvDRAINhABxCz1JAEIc=
14,25,B0EqWj/8UCjGf+clJs82lv1pEpU=,y6bO1gCbgvDRAINhABxCz1JAEIc=
13,25,B0EqWj/8UCjGf+clJs82lv1pEpU=,y6bO1gCbgvDRAINhABxCz1JAEIc=
12,25,B0EqWj/8UCjGf+clJs82lv1pEpU=,y6bO1gCbgvDRAINhABxCz1JAEIc=
11,25,B0EqWj/8UCjGf+clJs82lv1pEpU=,y6bO1gCbgvDRAINhABxCz1JAEIc=
12,26,B0EqWj/8UCjGf+clJs82lv1pEpU=,y6bO1gCbgvDRAINhABxCz1JAEIc=
10,25,B0EqWj/8UCjGf+clJs82lv1pEpU=,y6bO1gCbgvDRAINhABxCz1JAEIc=
0,31,B0EqWj/8UCjGf+clJs82lv1pEpU=,zhnDHgTdc5UzPT+/fKBD0svu5KQ=
7,25,B0EqWj/8UCjGf+clJs82lv1pEpU=,zhnDHgTdc5UzPT+/fKBD0svu5KQ=
28,21,jXj1eY2oCK5ke83+0PkJYyhnHrY=,7cs+h70tTWXB127ESi8eUX36zok=
29,21,jXj1eY2oCK5ke83+0PkJYyhnHrY=,7cs+h70tTWXB127ESi8eUX36zok=
30,21,jXj1eY2oCK5ke83+0PkJYyhnHrY=,7cs+h70tTWXB127ESi8eUX36zok=
25,16,jXj1eY2oCK5ke83+0PkJYyhnHrY=,7cs+h70tTWXB127ESi8eUX36zok=
26,16,jXj1eY2oCK5ke83+0PkJYyhnHrY=,7cs+h70tTWXB127ESi8eUX36zok=
27,16,jXj1eY2oCK5ke83+0PkJYyhnHrY=,7cs+h70tTWXB127ESi8eUX36zok=
28,16,jXj1eY2oCK5ke83+0PkJYyhnHrY=,7cs+h70tTWXB127ESi8eUX36zok=
29,16,jXj1eY2oCK5ke83+0PkJYyhnHrY=,7cs+h70tTWXB127ESi8eUX36zok=
30,16,jXj1eY2oCK5ke83+0PkJYyhnHrY=,7cs+h70tTWXB127ESi8eUX36zok=
25,22,jXj1eY2oCK5ke83+0PkJYyhnHrY=,7cs+h70tTWXB127ESi8eUX36zok=
26,22,jXj1eY2oCK5ke83+0PkJYyhnHrY=,7cs+h70tTWXB127ESi8eUX36zok=
27,22,jXj1eY2oCK5ke83+0PkJYyhnHrY=,7cs+h70tTWXB127ESi8eUX36zok=
28,22,jXj1eY2oCK5ke83+0PkJYyhnHrY=,7cs+h70tTWXB127ESi8eUX36zok=
29,22,jXj1eY2oCK5ke83+0PkJYyhnHrY=,7cs+h70tTWXB127ESi8eUX36zok=
25,17,jXj1eY2oCK5ke83+0PkJYyhnHrY=,7cs+h70tTWXB127ESi8eUX36zok=
26,17,jXj1eY2oCK5ke83+0PkJYyhnHrY=,7cs+h70tTWXB127ESi8eUX36zok=
27,17,jXj1eY2oCK5ke83+0PkJYyhnHrY=,7cs+h70tTWXB127ESi8eUX36zok=
28,17,jXj1eY2oCK5ke83+0PkJYyhnHrY=,7cs+h70tTWXB127ESi8eUX36zok=
27,21,jXj1eY2oCK5ke83+0PkJYyhnHrY=,7cs+h70tTWXB127ESi8eUX36zok=
26,21,jXj1eY2oCK5ke83+0PkJYyhnHrY=,7cs+h70tTWXB127ESi8eUX36zok=
30,20,jXj1eY2oCK5ke83+0PkJYyhnHrY=,7cs+h70tTWXB127ESi8eUX36zok=
29,20,jXj1eY2oCK5ke83+0PkJYyhnHrY=,7cs+h70tTWXB127ESi8eUX36zok=
28,20,jXj1eY2oCK5ke83+0PkJYyhnHrY=,7cs+h70tTWXB127ESi8eUX36zok=
27,20,jXj1eY2oCK5ke83+0PkJYyhnHrY=,7cs+h70tTWXB127ESi8eUX36zok=
26,20,jXj1eY2oCK5ke83+0PkJYyhnHrY=,7cs+h70tTWXB127ESi8eUX36zok=
25,20,jXj1eY2oCK5ke83+0PkJYyhnHrY=,7cs+h70tTWXB127ESi8eUX36zok=
30,19,jXj1eY2oCK5ke83+0PkJYyhnHrY=,7cs+h70tTWXB127ESi8eUX36zok=
25,21,jXj1eY2oCK5ke83+0PkJYyhnHrY=,7cs+h70tTWXB127ESi8eUX36zok=
29,19,jXj1eY2oCK5ke83+0PkJYyhnHrY=,7cs+h70tTWXB127ESi8eUX36zok=
28,19,jXj1eY2oCK5ke83+0PkJYyhnHrY=,7cs+h70tTWXB127ESi8eUX36zok=
27,19,jXj1eY2oCK5ke83+0PkJYyhnHrY=,7cs+h70tTWXB127ESi8eUX36zok=
26,19,jXj1eY2oCK5ke83+0PkJYyhnHrY=,7cs+h70tTWXB127ESi8eUX36zok=
25,19,jXj1eY2oCK5ke83+0PkJYyhnHrY=,7cs+h70tTWXB127ESi8eUX36zok=
30,23,jXj1eY2oCK5ke83+0PkJYyhnHrY=,7cs+h70tTWXB127ESi8eUX36zok=
29,23,jXj1eY2oCK5ke83+0PkJYyhnHrY=,7cs+h70tTWXB127ESi8eUX36zok=
28,23,jXj1eY2oCK5ke83+0PkJYyhnHrY=,7cs+h70tTWXB127ESi8eUX36zok=
27,23,jXj1eY2oCK5ke83+0PkJYyhnHrY=,7cs+h70tTWXB127ESi8eUX36zok=
26,23,jXj1eY2oCK5ke83+0PkJYyhnHrY=,7cs+h70tTWXB127ESi8eUX36zok=
25,23,jXj1eY2oCK5ke83+0PkJYyhnHrY=,7cs+h70tTWXB127ESi8eUX36zok=
30,18,jXj1eY2oCK5ke83+0PkJYyhnHrY=,7cs+h70tTWXB127ESi8eUX36zok=
29,18,jXj1eY2oCK5ke83+0PkJYyhnHrY=,7cs+h70tTWXB127ESi8eUX36zok=
28,18,jXj1eY2oCK5ke83+0PkJYyhnHrY=,7cs+h70tTWXB127ESi8eUX36zok=
27,18,jXj1eY2oCK5ke83+0PkJYyhnHrY=,7cs+h70tTWXB127ESi8eUX36zok=
26,18,jXj1eY2oCK5ke83+0PkJYyhnHrY=,7cs+h70tTWXB127ESi8eUX36zok=
30,17,jXj1eY2oCK5ke83+0PkJYyhnHrY=,7cs+h70tTWXB127ESi8eUX36zok=
25,18,jXj1eY2oCK5ke83+0PkJYyhnHrY=,7cs+h70tTWXB127ESi8eUX36zok=
30,22,jXj1eY2oCK5ke83+0PkJYyhnHrY=,7cs+h70tTWXB127ESi8eUX36zok=
29,17,jXj1eY2oCK5ke83+0PkJYyhnHrY=,7cs+h70tTWXB127ESi8eUX36zok=
31,21,jXj1eY2oCK5ke83+0PkJYyhnHrY=,7cs+h70tTWXB127ESi8eUX36zok=
31,17,jXj1eY2oCK5ke83+0PkJYyhnHrY=,7cs+h70tTWXB127ESi8eUX36zok=
31,22,jXj1eY2oCK5ke83+0PkJYyhnHrY=,7cs+h70tTWXB127ESi8eUX36zok=
31,18,jXj1eY2oCK5ke83+0PkJYyhnHrY=,7cs+h70tTWXB127ESi8eUX36zok=
31,19,jXj1eY2oCK5ke83+0PkJYyhnHrY=,7cs+h70tTWXB127ESi8eUX36zok=
31,20,jXj1eY2oCK5ke83+0PkJYyhnHrY=,7cs+h70tTWXB127ESi8eUX36zok=
31,23,jXj1eY2oCK5ke83+0PkJYyhnHrY=,7cs+h70tTWXB127ESi8eUX36zok=
31,16,jXj1eY2oCK5ke83+0PkJYyhnHrY=,7cs+h70tTWXB127ESi8eUX36zok=
23,26,de2gGqzpSyBROFtLSe2gvx6a2T0=,2je4iCCnAtJ11sashJObDnPL770=
20,27,de2gGqzpSyBROFtLSe2gvx6a2T0=,2je4iCCnAtJ11sashJObDnPL770=
18,27,de2gGqzpSyBROFtLSe2gvx6a2T0=,2je4iCCnAtJ11sashJObDnPL770=
22,26,de2gGqzpSyBROFtLSe2gvx6a2T0=,2je4iCCnAtJ11sashJObDnPL770=
19,27,de2gGqzpSyBROFtLSe2gvx6a2T0=,2je4iCCnAtJ11sashJObDnPL770=
21,27,de2gGqzpSyBROFtLSe2gvx6a2T0=,2je4iCCnAtJ11sashJObDnPL770=
22,27,de2gGqzpSyBROFtLSe2gvx6a2T0=,2je4iCCnAtJ11sashJObDnPL770=
23,27,de2gGqzpSyBROFtLSe2gvx6a2T0=,2je4iCCnAtJ11sashJObDnPL770=
17,27,de2gGqzpSyBROFtLSe2gvx6a2T0=,2je4iCCnAtJ11sashJObDnPL770=
16,27,de2gGqzpSyBROFtLSe2gvx6a2T0=,2je4iCCnAtJ11sashJObDnPL770=
24,21,de2gGqzpSyBROFtLSe2gvx6a2T0=,7cs+h70tTWXB127ESi8eUX36zok=
16,28,de2gGqzpSyBROFtLSe2gvx6a2T0=,2je4iCCnAtJ11sashJObDnPL770=
17,28,de2gGqzpSyBROFtLSe2gvx6a2T0=,2je4iCCnAtJ11sashJObDnPL770=
24,20,de2gGqzpSyBROFtLSe2gvx6a2T0=,7cs+h70tTWXB127ESi8eUX36zok=
21,26,de2gGqzpSyBROFtLSe2gvx6a2T0=,2je4iCCnAtJ11sashJObDnPL770=
24,19,de2gGqzpSyBROFtLSe2gvx6a2T0=,7cs+h70tTWXB127ESi8eUX36zok=
23,31,de2gGqzpSyBROFtLSe2gvx6a2T0=,2je4iCCnAtJ11sashJObDnPL770=
23,24,de2gGqzpSyBROFtLSe2gvx6a2T0=,2je4iCCnAtJ11sashJObDnPL770=
22,24,de2gGqzpSyBROFtLSe2gvx6a2T0=,2je4iCCnAtJ11sashJObDnPL770=
20,26,de2gGqzpSyBROFtLSe2gvx6a2T0=,2je4iCCnAtJ11sashJObDnPL770=
24,23,de2gGqzpSyBROFtLSe2gvx6a2T0=,7cs+h70tTWXB127ESi8eUX36zok=
21,24,de2gGqzpSyBROFtLSe2gvx6a2T0=,2je4iCCnAtJ11sashJObDnPL770=
24,18,de2gGqzpSyBROFtLSe2gvx6a2T0=,7cs+h70tTWXB127ESi8eUX36zok=
20,24,de2gGqzpSyBROFtLSe2gvx6a2T0=,2je4iCCnAtJ11sashJObDnPL770=
24,17,de2gGqzpSyBROFtLSe2gvx6a2T0=,7cs+h70tTWXB127ESi8eUX36zok=
18,24,de2gGqzpSyBROFtLSe2gvx6a2T0=,2je4iCCnAtJ11sashJObDnPL770=
19,24,de2gGqzpSyBROFtLSe2gvx6a2T0=,2je4iCCnAtJ11sashJObDnPL770=
17,24,de2gGqzpSyBROFtLSe2gvx6a2T0=,2je4iCCnAtJ11sashJObDnPL770=
24,22,de2gGqzpSyBROFtLSe2gvx6a2T0=,7cs+h70tTWXB127ESi8eUX36zok=
16,24,de2gGqzpSyBROFtLSe2gvx6a2T0=,2je4iCCnAtJ11sashJObDnPL770=
24,16,de2gGqzpSyBROFtLSe2gvx6a2T0=,7cs+h70tTWXB127ESi8eUX36zok=
22,31,de2gGqzpSyBROFtLSe2gvx6a2T0=,2je4iCCnAtJ11sashJObDnPL770=
21,31,de2gGqzpSyBROFtLSe2gvx6a2T0=,2je4iCCnAtJ11sashJObDnPL770=
20,31,de2gGqzpSyBROFtLSe2gvx6a2T0=,2je4iCCnAtJ11sashJObDnPL770=
19,31,de2gGqzpSyBROFtLSe2gvx6a2T0=,2je4iCCnAtJ11sashJObDnPL770=
18,31,de2gGqzpSyBROFtLSe2gvx6a2T0=,2je4iCCnAtJ11sashJObDnPL770=
23,25,de2gGqzpSyBROFtLSe2gvx6a2T0=,2je4iCCnAtJ11sashJObDnPL770=
22,25,de2gGqzpSyBROFtLSe2gvx6a2T0=,2je4iCCnAtJ11sashJObDnPL770=
18,28,de2gGqzpSyBROFtLSe2gvx6a2T0=,2je4iCCnAtJ11sashJObDnPL770=
21,25,de2gGqzpSyBROFtLSe2gvx6a2T0=,2je4iCCnAtJ11sashJObDnPL770=
17,26,de2gGqzpSyBROFtLSe2gvx6a2T0=,2je4iCCnAtJ11sashJObDnPL770=
23,30,de2gGqzpSyBROFtLSe2gvx6a2T0=,2je4iCCnAtJ11sashJObDnPL770=
22,30,de2gGqzpSyBROFtLSe2gvx6a2T0=,2je4iCCnAtJ11sashJObDnPL770=
18,26,de2gGqzpSyBROFtLSe2gvx6a2T0=,2je4iCCnAtJ11sashJObDnPL770=
17,31,de2gGqzpSyBROFtLSe2gvx6a2T0=,2je4iCCnAtJ11sashJObDnPL770=
21,30,de2gGqzpSyBROFtLSe2gvx6a2T0=,2je4iCCnAtJ11sashJObDnPL770=
19,26,de2gGqzpSyBROFtLSe2gvx6a2T0=,2je4iCCnAtJ11sashJObDnPL770=
16,26,de2gGqzpSyBROFtLSe2gvx6a2T0=,2je4iCCnAtJ11sashJObDnPL770=
16,31,de2gGqzpSyBROFtLSe2gvx6a2T0=,2je4iCCnAtJ11sashJObDnPL770=
20,30,de2gGqzpSyBROFtLSe2gvx6a2T0=,2je4iCCnAtJ11sashJObDnPL770=
19,28,de2gGqzpSyBROFtLSe2gvx6a2T0=,2je4iCCnAtJ11sashJObDnPL770=
20,25,de2gGqzpSyBROFtLSe2gvx6a2T0=,2je4iCCnAtJ11sashJObDnPL770=
23,29,de2gGqzpSyBROFtLSe2gvx6a2T0=,2je4iCCnAtJ11sashJObDnPL770=
22,29,de2gGqzpSyBROFtLSe2gvx6a2T0=,2je4iCCnAtJ11sashJObDnPL770=
19,30,de2gGqzpSyBROFtLSe2gvx6a2T0=,2je4iCCnAtJ11sashJObDnPL770=
17,30,de2gGqzpSyBROFtLSe2gvx6a2T0=,2je4iCCnAtJ11sashJObDnPL770=
18,30,de2gGqzpSyBROFtLSe2gvx6a2T0=,2je4iCCnAtJ11sashJObDnPL770=
19,25,de2gGqzpSyBROFtLSe2gvx6a2T0=,2je4iCCnAtJ11sashJObDnPL770=
21,29,de2gGqzpSyBROFtLSe2gvx6a2T0=,2je4iCCnAtJ11sashJObDnPL770=
16,30,de2gGqzpSyBROFtLSe2gvx6a2T0=,2je4iCCnAtJ11sashJObDnPL770=
20,29,de2gGqzpSyBROFtLSe2gvx6a2T0=,2je4iCCnAtJ11sashJObDnPL770=
18,25,de2gGqzpSyBROFtLSe2gvx6a2T0=,2je4iCCnAtJ11sashJObDnPL770=
18,29,de2gGqzpSyBROFtLSe2gvx6a2T0=,2je4iCCnAtJ11sashJObDnPL770=
23,28,de2gGqzpSyBROFtLSe2gvx6a2T0=,2je4iCCnAtJ11sashJObDnPL770=
22,28,de2gGqzpSyBROFtLSe2gvx6a2T0=,2je4iCCnAtJ11sashJObDnPL770=
19,29,de2gGqzpSyBROFtLSe2gvx6a2T0=,2je4iCCnAtJ11sashJObDnPL770=
17,25,de2gGqzpSyBROFtLSe2gvx6a2T0=,2je4iCCnAtJ11sashJObDnPL770=
21,28,de2gGqzpSyBROFtLSe2gvx6a2T0=,2je4iCCnAtJ11sashJObDnPL770=
17,29,de2gGqzpSyBROFtLSe2gvx6a2T0=,2je4iCCnAtJ11sashJObDnPL770=
16,25,de2gGqzpSyBROFtLSe2gvx6a2T0=,2je4iCCnAtJ11sashJObDnPL770=
20,28,de2gGqzpSyBROFtLSe2gvx6a2T0=,2je4iCCnAtJ11sashJObDnPL770=
16,29,de2gGqzpSyBROFtLSe2gvx6a2T0=,2je4iCCnAtJ11sashJObDnPL770=
